CustomerID,FirstName,LastName,Email,Age,Phone,JoinDate
3320,Chelsea,Green,davischeryl@williams.com,-1,319.265.1129x55973,2022-03-05
4849,Barbara,Jones,brockalice@taylor.com,-1,001-479-526-3212,2024-03-12
9695,Tonya,Castro,dcobb@hotmail.com,-1,(651)657-2715,2022-01-04
1003,Sheryl,Moore,leah78@williams.info,71,(649)953-9023x76534,2021-04-14
1003,Victoria,Serrano,,68,(306)838-5790x39911,2022-10-20
1279,Michael,Gonzalez,harveydavid@patel-chan.com,81,(573)799-2361x54913,2025-03-24
8923,Alexander,Wilson,andrewlewis@yahoo.com,999,(723)772-3057,2021-02-04
8869,Sean,,lauren46@wilson.org,-1,560.496.2258x0552,2021-07-21
4668,Howard,Price,reillyjoshua@hotmail.com,-1,452.679.1782x481,2024-06-09
7862,Amanda,,christinegarcia@roberts.com,-1,660.416.9482,2022-02-10
1364,Tonya,Soto,,999,,2024-10-18
8502,Alexis,Gutierrez,carlos59@gmail.com,-1,094-846-2622x60926,2022-04-15
2785,Chad,Hall,caseybrad@gmail.com,999,001-094-623-3521x39689,2022-01-01
2046,,,vjacobs@gmail.com,20,385-832-4277x22273,2025-04-05
4597,Shelby,Zavala,wayne04@sandoval.biz,85,001-884-201-9998x06242,2021-08-30
5597,Nathan,Mendoza,skinneramy@gmail.com,999,356-797-2985,2021-07-01
9003,Cindy,Lozano,tony19@davis.com,-1,369-123-7095,2023-10-26
7254,Cristina,Donovan,annamercer@collins.com,28,061.969.4884,2021-11-03
1003,Charles,,austinshepherd@lee.com,999,728-299-9832x276,2022-05-02
4021,James,Martinez,kevinmartinez@hotmail.com,56,6766510973,not available
2336,Brian,Colon,paultaylor@yahoo.com,60,279.547.3087x4890,2022-04-02
1926,Malik,Davis,fisherericaward-king.com,87,(576)946-1946x8094,2020-10-15
3955,Susan,Boyle,samanthamclaughlin@gmail.com,31,001-505-805-4642x247,2022-01-11
2702,Catherine,Davis,gsparks@lewis.com,48,246.448.2036,2022-11-30
3103,Paul,Berg,barberheather@yahoo.com,-1,589-880-1078,2022-03-03
6433,Tonya,Young,ggarza@gmail.com,70,001-419-570-6266x38210,2023-04-18
9315,Matthew,Brown,matthew05@gmail.com,30,(050)965-3272,2020-11-27
1620,,Greene,cynthiapetty@yahoo.com,12,613-427-6863,2025-01-07
1596,Patricia,Rodriguez,erush@gmail.com,-1,584-040-1953x306,2022-04-20
4494,Angelica,Cox,iwilliams@carter-foster.com,-1,835.088.3441x2389,not available
6402,Kevin,Wolfe,derek10@yahoo.com,57,,2023-03-02
4722,Michael,Byrd,wmendoza@green.com,66,,2022-04-08
4394,Jeffrey,Moreno,brookelopez@gmail.com,-1,001-161-043-2779x365,2024-01-02
1763,,Benson,bryantbrianna@mitchell.com,71,6212179726,2021-05-17
5764,Danielle,Horton,wturner@smith.org,-1,351-729-9123,2024-09-01
2209,,Carter,kestes@gmail.com,48,(820)629-4254,2024-05-19
5275,Kenneth,Galloway,,56,203-768-3861x5965,2022-12-26
3368,Jared,Henry,mariashotmail.com,67,(019)395-3854x420,2025-06-02
2477,Pamela,Russell,jdean@hotmail.com,-1,179.996.4116,2021-10-15
4384,Jamie,Wagner,misty00@yahoo.com,999,+1-542-517-6348x88580,2023-10-06
5112,Kara,Fernandez,,78,001-140-335-5842x096,2025-03-23
1003,Lisa,Mullins,david00@hotmail.com,999,(648)867-3093,2020-12-30
5688,Sarah,Wood,sharon13@gmail.com,999,754.362.2095,2023-01-13
1245,Kenneth,,leesean@gmail.com,83,095.944.7053,2023-06-14
3878,Debra,Ruiz,lvelazquez@thompson-hernandez.org,55,001-975-397-4831,2024-11-22
9487,Sheri,,antonio79@hotmail.com,-1,(023)825-8659x53962,2023-09-18
1296,Jonathan,Clark,olivia02@cross-grant.com,-1,(234)545-1751,2021-04-21
5851,Robert,Gray,connie50@yahoo.com,-1,(220)596-2123x270,2023-05-05
1003,David,,wwu@gmail.com,-1,,2022-05-14
4480,Ashley,Waller,,999,544.995.9510x13755,2023-05-11
8161,Jose,Ray,chadpeters@hotmail.com,85,+1-949-658-9177x623,2025-05-04
9977,Craig,Williams,wrightkathleen@gmail.com,47,+1-357-567-9855x94848,not available
9530,Garrett,Copeland,gailmack@yahoo.com,999,001-944-029-4257x2108,2022-09-13
5721,Deborah,Hicks,riverajameshotmail.com,999,135-822-8076x1449,2023-05-21
3294,Roger,Moore,hobbsmario@gmail.com,-1,001-605-819-3381x559,2023-03-08
4116,Crystal,Thornton,stacysmith@gonzalez-riddle.com,-1,650.641.6520,2025-02-14
9500,Cindy,Orr,troy88@yahoo.com,66,001-517-483-3889,2025-04-21
1776,Louis,,fkrueger@white.biz,-1,+1-477-566-8378x135,2025-01-08
1003,Michelle,Fisher,ksantana@gmail.com,999,+1-094-982-3939x70877,2024-06-28
5845,Jennifer,Brewer,jonesjo@thomas.com,-1,,2024-11-25
1797,Mary,Reyes,michael54@gmail.com,999,(375)184-2468,2022-06-27
2532,Eric,Reid,deniselucaswilliams.com,999,+1-543-445-4173x95942,2020-06-25
9905,Brendan,James,randallmartinezgmail.com,25,3115283194,2024-10-27
1054,Joseph,Williams,christopher18@gmail.com,22,(300)749-5163x287,2024-06-16
3176,Rodney,Hayden,christopher63@hotmail.com,-1,,2024-11-07
3681,Jonathan,Howard,hsmith@rodriguez-patel.com,16,001-835-136-9898x120,2022-05-13
4501,Brittany,Hunt,lbowman@yahoo.com,999,(436)386-9773x833,2024-10-09
2841,Shane,Johnson,patricia94@nelson.com,78,+1-613-182-4083x582,not available
8983,Jeanette,Hanson,derek44@anderson.com,-1,(421)053-3565,2022-08-10
2297,Jose,Kelley,millerjennifer@anderson-durham.biz,42,001-148-393-0182x96381,2020-11-11
4041,James,Barrett,,86,+1-257-885-3612x0643,2025-05-02
8386,Emma,Gamble,oprice@yahoo.com,19,(605)732-5137x54007,2025-02-21
3212,Patricia,Norton,denise36@hotmail.com,999,+1-542-238-1072x058,2021-07-29
3524,Darin,Sweeney,mcdonalddenise@salazar-martin.org,999,,2021-08-02
8678,Steven,Rush,aliciadunn@everett.com,999,+1-139-134-1243x427,2025-02-16
4942,Kyle,Patton,,-1,224.209.6743,2023-11-13
3699,,Hamilton,pwright@hotmail.com,-1,138-894-2333x10520,2023-05-31
5307,Richard,Hobbs,pevans@robinson-boyd.com,999,018-970-2679x1398,2022-09-05
7602,Samantha,Marsh,owalsh@campbell-goodman.com,90,(994)523-7583x043,2020-09-30
3463,Emily,Black,,-1,0097002345,2021-07-26
9385,Eric,Campbell,fwilliams@gmail.com,999,+1-276-318-0207x064,2025-04-01
8868,Lauren,Cooper,kgreene@yahoo.com,63,8445236734,2020-09-25
1337,Russell,Whitaker,,60,(369)016-1890x126,2025-05-29
5992,Gina,Jones,,999,001-683-062-4027x7538,2022-05-13
9340,Rachel,Thomas,ymclaughlin@stevens-phillips.com,33,673.890.7804x281,2020-06-28
4895,Belinda,Adams,reginafranklin@harris.com,999,(397)163-8983x99590,2025-03-16
7166,Danny,Turner,dillonanne@hotmail.com,-1,471-802-3291x4129,2024-10-09
5642,David,Williams,nichole94@mckee.com,65,379.957.4027x193,2021-10-06
2440,Jonathan,Crane,savannahcaldwell@jacobson.biz,999,,not available
5155,Jo,Lee,kwilsonlee.info,999,,2021-12-28
6178,Sandra,Owens,heather87@yahoo.com,-1,(249)223-5105x02687,2020-10-22
1622,Michael,,johnsonlisa@hotmail.com,36,001-003-414-6479x97278,2022-06-08
7509,,Franklin,lewisjoel@arnold-lane.info,27,+1-663-073-7770,2025-04-01
8170,Pamela,Tate,sarah42@phillips-hall.com,999,536.568.6936,not available
3529,Kevin,Macdonald,yhenderson@jones.com,999,(513)978-8321,2021-10-25
4199,Mary,,lgross@gmail.com,51,001-442-322-4219x9094,2023-03-03
3011,Eric,Kaufman,peterharris@yahoo.com,999,001-652-593-0824x524,2020-11-13
1003,Alex,Ramirez,rojaszacharyyahoo.com,10,388.962.5325x56104,2023-11-14
7142,,Waller,johnathangonzales@hotmail.com,999,670-694-3595,2022-04-07
7110,Jesse,Davis,franklinamy@mckenzie.com,999,244-411-0290,2022-08-31
8466,Patrick,Gonzales,reginald05@yahoo.com,-1,+1-980-336-0184x96117,2023-08-01
7620,Mary,Burke,,14,324.756.6657x0870,2023-04-29
4976,James,Miller,boyerbrianna@thompson-gonzalez.com,-1,275.407.5444,2024-08-15
2967,Nicole,Sullivan,,-1,,2020-12-24
1229,Anthony,Lewis,pwilliamsgmail.com,999,001-386-800-3937x511,2022-10-17
5636,Stephanie,Hernandez,kyle51@snyder.net,61,001-996-869-8406x51226,2024-09-08
8672,Bridget,Maldonado,,26,611-008-1844,2023-07-20
7614,John,Walters,allison85@gmail.com,999,970.545.1740,2021-08-20
8240,Natalie,Shannon,shelleygraves@gmail.com,-1,001-862-601-0084x1403,not available
1641,Stephen,,robbinsveronica@garcia.com,999,001-650-933-3560x149,2024-01-06
8555,Joseph,Simmons,fryjessica@hotmail.com,999,(004)772-6050x8544,2022-07-23
9067,Ashley,Costa,lisajackson@yahoo.com,57,001-900-372-3125x2942,2020-07-12
9224,Erin,Jones,rebeccaknox@gmail.com,999,(197)897-0957,2024-09-12
2777,Amber,Burton,danieldouglas@yahoo.com,999,985-952-4184x528,2024-07-21
8254,,Galvan,angelajackson@mosley.info,-1,,2024-04-18
8813,Jorge,Scott,tara85@hotmail.com,-1,(375)680-2250,2021-09-09
2259,Nicolas,,jessica69@garcia.com,39,001-251-141-3408,2022-08-24
4450,Michael,,penaamber@williams-flores.biz,-1,823.144.1927x7327,2025-02-23
2628,Stephen,Gonzalez,rkim@myers.com,999,(446)457-6693x616,2021-03-21
2240,Jennifer,Kennedy,marywood@hotmail.com,999,001-618-996-6610,2020-08-05
4784,Amanda,Brock,,72,727.548.9144x547,2024-03-03
9118,Michelle,Ware,melaniesmith@lawson.info,999,707.865.6071,2022-09-06
7047,Andrew,Calhoun,delgadogeorge@smith.info,19,(320)576-9340x2800,2024-11-03
4846,Benjamin,Camacho,ptravis@coleman.com,999,,2024-11-10
6499,,Rivera,hernandezpaula@hotmail.com,45,001-569-819-5927x568,2023-10-14
5913,Suzanne,Sanders,dhanson@yahoo.com,87,,2022-11-17
7385,Donald,Spencer,bhunt@yahoo.com,15,969-632-5916x7025,2024-06-17
8947,Melanie,Farmer,cstone@hotmail.com,999,(051)396-6297x256,2024-09-01
5478,Diane,Harris,whitecrystal@lucas.com,-1,425-290-9681x48102,2021-09-24
2906,Mitchell,Smith,austinrichard@gmail.com,88,(789)196-0928x616,2020-06-25
5514,Casey,Welch,nholt@logan.net,63,,2020-07-14
3874,Brian,Hamilton,,999,4355770632,2021-01-21
2769,Andrew,Price,matthewthompson@powell-chase.com,-1,(201)916-7328,2022-05-25
9465,Michael,Sullivan,munozjesse@gmail.com,18,274-257-9016x3774,2024-07-16
1003,William,Brady,lindarich@yahoo.com,-1,(677)049-1293x81436,2025-04-05
8809,Karen,Young,lisa15@yahoo.com,-1,6709178836,2022-07-30
5065,Andrea,Esparza,cameronmichael@martinez.com,69,001-961-506-0332x1359,2023-08-08
9973,James,Rivera,hooddavid@yahoo.com,23,(311)530-1607x979,2020-08-18
5521,,Shaffer,millerchristophergmail.com,75,231.043.8282x058,2021-03-24
7079,Samantha,Anderson,,999,+1-570-239-3852,2023-03-15
2236,Taylor,Fletcher,,-1,(038)020-8381x83786,2022-06-20
7340,Christina,,jonesalexis@brown.net,64,009-990-4619,2021-12-15
4308,Andrew,Wallace,timothywilliams@willis-bradshaw.info,38,+1-618-057-3570x41227,2023-02-26
1236,Travis,Jones,rconley@hotmail.com,16,9259423846,2022-06-05
4677,Chris,,gthompson@hotmail.com,-1,(189)939-0552,2022-05-28
2773,Joseph,Cobb,martinezmeredith@clayton.com,-1,(161)317-0428,2020-06-29
5116,John,Black,bradshawamy@hotmail.com,22,(400)109-7857x384,2020-11-15
5258,Francisco,Walker,williamwoods@gonzalez.com,67,(498)810-8910,2025-01-30
6669,Dennis,Robinson,vcastillo@cooley.com,999,297-782-6722x323,2022-11-24
5742,Desiree,Robinson,wendycruz@gmail.com,999,(458)909-5141x8843,2021-01-02
8399,Marissa,Dunn,robert13@hotmail.com,47,+1-262-871-5995x60225,2023-05-15
3457,Samuel,Fernandez,malonephilip@gmail.com,80,001-293-035-8036,2021-10-10
8824,Evan,Beck,stephenscassandra@kim.com,999,(324)944-1904x718,2024-10-16
6432,,Alexander,tayloredward@yahoo.com,-1,3020832366,2021-01-04
6224,,Jensen,jacobnovak@smith.net,999,+1-364-224-5898x339,2022-11-15
1708,Jamie,Burns,baileyjessica@hale.com,999,,2022-10-23
1240,Robert,Rogers,ricardorodriguez@yahoo.com,21,+1-282-304-0072,2022-03-28
1547,Bobby,Young,ohayes@brady-donaldson.com,999,744.860.0216x807,2024-10-22
5717,Krystal,,michael23@kim-chapman.com,999,483-443-4687,2022-02-24
9498,Susan,Ward,gschneider@jordan.biz,64,+1-576-918-7628,2020-09-03
6005,Jessica,Smith,christopherphillips@gross.biz,999,,2024-01-07
2395,Sandra,,hopkinsalexander@gmail.com,-1,941.174.2100,2020-10-26
9505,Ashley,Burton,petersluistaylor.info,18,,not available
5618,Pamela,Dennis,ecarlson@hotmail.com,-1,+1-650-995-9299x7346,2024-11-16
7700,,,heatherross@edwards-gonzalez.info,-1,001-826-507-2425x415,2023-10-04
9495,Amanda,James,,999,,2021-09-14
6587,Austin,,vthomas@martin.com,999,074-155-5946,2021-09-17
7446,Deborah,Reyes,derekgordon@hotmail.com,-1,+1-527-159-9280,2024-10-28
4673,Chase,Shepherd,fmcconnell@hotmail.com,999,001-828-514-7927x5244,2022-10-27
6349,James,Sanders,hannah38@gmail.com,999,(998)079-5870x9325,2021-08-17
9264,Emily,,nathaniel11@gray-bender.biz,-1,(161)027-7409x51180,2020-09-13
7888,Sarah,,emily32@johnson-mcgee.com,999,319.663.7381x50616,2021-08-31
9995,,,,-1,904.283.0212,2020-10-11
5968,David,Miller,dphillips@gmail.com,-1,(886)873-0090x283,2022-09-11
6038,Russell,Holland,vhardy@yahoo.com,20,001-637-374-0625x92909,not available
2762,Kevin,Hoover,fforbes@yahoo.com,11,(399)795-5509x4664,2023-07-05
5280,Richard,Rogers,colejennifergilbert.biz,-1,001-537-534-9977,2021-04-12
9206,Cameron,Taylor,pbrown@gmail.com,-1,855.108.5028,2024-06-25
4910,,Garcia,clementsmarcus@anderson.org,-1,+1-932-454-2951x43922,2025-02-23
4830,Matthew,Rogers,carrollraymond@gmail.com,27,(976)716-3664x843,not available
5202,,Watson,isampson@whitehead.com,-1,449.129.1144,not available
7862,,Goodwin,nrodriguez@mann.net,82,318.397.9147,2021-02-19
3860,,Small,rhodesanthony@hotmail.com,69,576-381-9786x07257,2025-01-07
9213,Paul,Hayes,conniedelacruz@harmon.org,79,172.294.1791x8718,2022-01-29
4236,Alicia,,meyertravis@hotmail.com,11,+1-467-065-4015,2023-06-27
7089,Kathleen,Campbell,michelle87@yahoo.com,999,001-907-347-6772x7200,2022-01-31
4174,Michael,Miller,pgreen@yahoo.com,18,5755291186,2023-11-10
2433,Melissa,Flowers,mary90@sanchez-mitchell.com,81,(640)900-1233x91852,not available
3414,Dean,Hill,,25,+1-333-737-2412x1602,2021-07-17
5154,Jessica,,tinajohnson@hotmail.com,-1,254-494-1964x64621,2021-04-24
8537,,Griffin,,-1,001-596-375-5100x45979,2025-04-02
9380,Kyle,Martinez,waynenash@yahoo.com,999,001-435-048-6119x28690,2024-02-01
1462,Patrick,,morganduran@hotmail.com,83,134-677-9627x43574,2022-03-09
7155,,Bennett,qhicks@miller.net,20,(065)646-3433x7922,2025-02-09
5079,Virginia,Walker,robertparker@miller.com,-1,001-242-319-5093x9845,2021-08-15
8866,Linda,Miranda,erin97@bowman-gray.org,-1,001-961-002-3645,2022-02-06
7359,Timothy,Paul,lisa84@gmail.com,999,+1-789-580-3004x114,2024-05-06
5313,Kimberly,Pacheco,markbrown@fox.net,46,(455)865-9286x97401,not available
9204,Crystal,Taylor,palmersherri@buckley.net,31,(148)179-2358,2025-05-03
3446,Carmen,White,,-1,+1-231-512-2853x5049,2022-08-01
8480,Sarah,Hale,charles98@gmail.com,999,563.889.8904,2023-04-14
6683,Kristen,Bates,ctucker@hotmail.com,999,+1-671-187-7387,2022-12-14
4407,John,,julian59@smith-sullivan.com,-1,047.462.7221,not available
6527,Jeffrey,Allen,helen66@gray.info,-1,,2023-02-18
2177,Elizabeth,Bennett,haleashley@wade-lawrence.com,19,(271)306-6370x6584,2025-04-21
3451,Christopher,Campbell,stephensscottgmail.com,999,,2025-03-26
6903,Valerie,,anthony36@hotmail.com,999,+1-022-974-9525,2024-02-25
6102,Tammy,Rivera,kelliemcgee@gill.com,999,(803)611-6740,2025-02-04
1496,Anthony,Ryan,manninglinda@gmail.com,-1,1791704956,2023-06-15
4239,Brittany,Barnes,aliciavincent@mejia.com,-1,(106)610-0922,2022-06-22
9169,Justin,Perkins,,999,828-103-0113x40011,2024-12-07
2303,Teresa,Horton,watsonivan@hotmail.com,81,169.334.3513x858,2022-09-14
4687,Steven,Ward,ycruz@lang-phillips.com,-1,4958814018,2022-01-25
4353,Matthew,Williams,chenamy@adkins-moore.com,40,,2021-04-28
2926,Dale,,brandonramirez@yahoo.com,12,933-741-8227x452,2021-05-03
8504,Ashley,,michaelvalentine@evans-chavez.com,-1,021.502.9348x405,not available
1364,Andrew,Cunningham,tchavez@stafford.biz,49,196.397.0246x02554,2022-07-16
7108,Edward,Richmond,bradleybrian@yahoo.com,999,001-201-374-5637x980,2024-12-02
2936,Melissa,Mendez,hollandmichael@townsend.com,999,837-169-0938x65783,2023-10-19
1881,Elizabeth,Knight,georgejames@hotmail.com,999,880.738.6110x078,2024-03-26
8725,James,Malone,latasha42@lara.com,999,+1-312-820-8220x89454,not available
7497,David,Arellano,summer23@owens.com,72,(922)701-8080x3139,2021-03-05
5218,Melissa,Calhoun,david13@yahoo.com,999,774.839.0638x7294,2023-07-01
1003,Melissa,Brock,kathleenwoods@moyer.com,-1,(671)657-0096,2023-08-24
6409,Michael,Gilmore,inguyen@hotmail.com,999,,2022-04-06
7601,William,Hogan,smithlisa@hotmail.com,54,+1-373-599-8202,2022-12-27
4526,Melody,Campbell,,999,,not available
8893,Antonio,Avila,zeverett@sanders.info,42,114.995.6252,2023-05-06
7031,Michelle,Warner,,-1,(991)284-1073x488,2023-10-17
5584,Melissa,,rhonda99@gmail.com,999,+1-176-840-1749x04077,2023-02-01
9573,Eileen,Scott,elizabethgraham@weaver.net,-1,152.167.9063,2024-11-19
4730,Valerie,,jenniferdavis@hotmail.com,-1,032.692.8643,2025-03-31
1003,,Smith,bergalejandro@hebert-adkins.net,-1,001-870-072-2526,2023-01-19
9456,Robin,Neal,ysmith@rivera.info,-1,929.928.2203x3550,2023-06-02
6407,Angela,Boyle,christensenelizabeth@miller.com,82,,2021-08-24
8222,,Lopez,ryanhunt@shelton.com,-1,0503520997,2022-03-27
6004,Victoria,Harper,rachel64@dunn.com,42,(542)843-2566,2022-11-03
5973,Eric,Hutchinson,flynndiana@mcdaniel-glass.com,-1,(150)928-2162x399,2021-06-26
9377,Kimberly,Edwards,navarrohannah@yahoo.com,999,122-342-2245x44294,2025-01-10
6454,Peter,Cantu,margaretsmith@yahoo.com,999,166-239-8452x259,2022-09-19
3774,Michael,Ruiz,klambert@walker-thomas.biz,999,3168247365,2022-01-13
2314,Shannon,Wilson,sarah61@lynn.com,999,2471958465,2024-11-02
5207,Jessica,Porter,medinadianewalsh-johnston.com,-1,001-773-883-5855x4528,2023-06-01
7495,Marie,Tucker,santosanthony@johnson.com,999,(641)750-7053x00033,2024-12-09
8568,Peter,Torres,jjones@vasquez-davis.org,999,001-182-361-3051,2022-01-07
9885,Jason,Smith,shelleygreen@yahoo.com,999,747-421-7145x9768,2024-09-02
8564,Nicole,Moon,ashleyanderson@gmail.com,87,(364)022-2673x8210,2024-12-24
6014,Bradley,Diaz,dorseymichael@gmail.com,-1,1190657800,2021-11-16
3093,Lori,Collins,brandonpham@gmail.com,31,(969)196-9668,2025-01-24
3004,George,Torres,tylerjohnsonyahoo.com,-1,,2020-07-06
1848,Grant,Quinn,garciaashley@hanson.biz,-1,873-186-6710x309,2024-01-11
7445,William,Nelson,daniel20@sanchez.org,999,601-618-9780,2024-01-13
3116,Carol,Brown,nelsondevin@gmail.com,999,377-581-5581,2023-04-10
1003,Jack,Randall,raymondsimpson@turner-fletcher.com,-1,+1-333-401-1981x6199,not available
9490,Anthony,Davis,michele12@johnson.com,-1,+1-174-740-9100x06497,not available
4635,Tracy,Brown,krystaljohnson@hall-bradford.net,81,858-740-9726x4975,2024-10-17
4492,Robert,Bush,,-1,413-340-4300,2024-10-04
6541,Julia,Smith,,19,187-882-9594x125,2022-04-09
7920,Luis,Duncan,hvaldezlarson.com,89,,2024-12-29
8147,Jeffrey,Jones,nancyweaver@yahoo.com,30,178-866-2569x945,not available
1296,Johnny,Ramirez,vhood@matthews-jordan.com,-1,(779)901-9434,2020-11-20
4802,Cory,Mcdonald,jonmarsh@gmail.com,-1,001-861-206-0457x1993,2022-11-21
4345,Cindy,Cooper,geoffreynorton@gmail.com,86,7667581846,2022-08-12
2889,Steven,Morris,qwhite@yahoo.com,999,(664)346-4915x1811,not available
5975,James,Christensen,longdarin@allison-potter.com,999,146-319-9884x724,2024-06-05
6496,Stanley,Gomez,craig94@garcia.com,60,(426)401-7871x4753,2022-08-22
9662,Melissa,Vargas,jjacobs@yahoo.com,77,3850462582,2022-04-21
1804,Michael,Rosales,kimberlypark@morris.com,999,001-533-694-5463x6839,2023-02-20
1148,Rebecca,Bowman,john97@booth-collier.com,999,336.059.7884x41019,2024-11-30
9081,Joanna,Garcia,christopher15@yahoo.com,999,881.199.7980x80158,2024-08-10
1682,Breanna,Washington,elizabeth18@hodges-barrett.net,54,2098229458,2021-06-01
3456,Amy,Duffy,ujohnson@george.org,999,(356)621-6394,2024-03-22
5032,Nathan,Hoffman,,-1,+1-747-067-1542,2023-12-19
4426,Stacy,Mcmahon,ginamcclure@woodward.com,-1,+1-808-091-8389x68902,2024-02-26
3158,Joann,Brown,renee28@grimes.com,-1,,2020-10-27
2212,Heather,Smith,belindacopeland@shelton.biz,42,+1-935-442-2981x5837,2024-05-30
3886,Steven,Thompson,marissaadams@williams-hardy.org,-1,001-828-037-4777x7748,not available
3990,Rose,Owens,flemingchristina@willis.com,-1,(716)295-3780x27156,2020-11-10
4107,Brandy,Matthews,xmills@mills-campbell.com,999,019-318-0986x32713,2021-02-24
6730,Cristian,Robinson,palmergregg@rhodes.org,-1,001-356-985-7434x742,2020-07-18
1951,,,monique77@gmail.com,999,0562621142,2024-01-31
9416,John,Kemp,mcneilheather@jones-gonzales.com,999,(951)758-6505,2025-05-10
8999,Gabriela,Wood,natalie34@hotmail.com,-1,581.357.2671x88493,2023-03-18
5065,Jim,,xsanchez@gmail.com,-1,542-463-9355x684,not available
3362,Tracy,Hernandez,vduncan@marquez-flores.com,-1,001-380-437-7033x79141,2023-05-23
4089,Cheryl,,ashleychambers@ortiz-cabrera.biz,999,851-946-2658,2023-09-06
6910,Matthew,Nguyen,jgriffin@anderson.org,-1,,2025-04-04
4104,Keith,Roberts,ryan41@meyers-warner.info,87,367.910.0900,2021-01-12
7134,Denise,Anderson,christopher67@yahoo.com,999,+1-929-996-6241,not available
2094,Dean,Bailey,judy72@yahoo.com,999,(817)779-2148,2020-07-15
6051,Charles,,william50@gmail.com,-1,001-586-459-0108x9604,2024-06-26
1493,Richard,Jones,gmendez@yahoo.com,-1,029-459-1775x6774,2021-11-03
4922,Ann,Clark,johnsonerin@martin.com,999,950-350-7546x583,2021-06-04
3089,Karen,Wallace,carolynfranco@mccarty.com,62,,2024-07-23
3940,John,Miranda,jackjohnson@hayden.com,51,189-149-8254,2022-02-19
1298,John,Martinez,rtorres@davis.com,43,380.707.3592x135,2023-12-14
1165,Cristina,Elliott,qbullock@hotmail.com,-1,+1-136-302-5156,not available
7269,Kristin,Mays,,63,(021)809-2046x001,not available
1642,Charlotte,Ochoa,francisco45@yahoo.com,-1,(734)214-6471x8482,2025-04-05
9994,Anthony,Byrd,nicholsonangela@yahoo.com,-1,4376035267,2022-01-08
8953,Julie,Mitchell,qsmith@robinson.com,999,+1-488-131-4369x5830,2020-08-24
6215,Daniel,Wolfe,jonesrobert@gmail.com,14,001-685-511-2866x23521,2023-07-30
3639,Isaac,Gonzalez,smithbrett@kelly-williams.com,-1,865-512-5135,2020-06-09
6611,Jerry,Wagner,zrojas@jones.net,17,001-031-907-1055,not available
8704,Ashley,,christopher01@gonzalez-johnson.com,999,+1-381-641-9499x7205,2021-08-08
4666,Monica,Stone,dianemoore@kelly-hicks.com,-1,512-024-7732x5923,2021-03-25
5673,Elizabeth,Page,omendoza@beck.com,-1,001-783-584-8459x27475,2023-12-25
5534,Susan,Hardy,garywilson@yahoo.com,-1,965.844.2995x72484,2021-05-11
5825,Kristin,Cannon,amanda91@gmail.com,-1,(061)817-9463x8291,not available
2556,Steven,Norton,mary34@erickson.net,85,(688)758-4475x057,2021-06-17
3612,Tammy,Carr,yjarvis@gmail.com,72,+1-067-400-9065x034,2023-12-12
9822,Whitney,Murphy,jscott@yahoo.com,71,891.525.7576,2022-06-19
8166,Glenn,Bell,,-1,,not available
3848,Jason,Martinez,jmorton@hotmail.com,-1,+1-684-943-8983x36692,2023-07-23
3854,Gerald,Atkins,ucox@yahoo.com,-1,324.544.1392,2020-07-22
9215,Roger,,wilsoncynthia@yahoo.com,54,194.399.3611,2023-04-18
1861,Mark,Aguilar,harperjames@hotmail.com,62,,2023-09-04
6662,Anthony,Wright,jamielawrence@henry.com,-1,001-828-091-9589x1015,2025-01-07
7882,Joshua,Melton,,999,6971308122,2022-01-14
7918,Michael,Chase,victoriahudson@yahoo.com,88,001-851-208-6122x0845,2024-11-24
9829,Amy,Pace,darrylalexander@short.com,71,263-008-1736,2021-04-08
5734,Amanda,Chavez,davisjeremy@erickson.com,-1,851.485.8341x045,2020-07-03
9766,Desiree,Anderson,ywalker@ford-greene.com,56,,2021-11-27
7952,Andrew,Herring,lindsay44@gmail.com,-1,+1-865-941-6041x058,not available
3737,Shannon,Vargas,gwolf@hotmail.com,999,001-104-7808,2023-01-22
9387,Rebecca,Barrera,,999,+1-699-960-8649x35659,2024-10-05
3689,Katherine,Tyler,gardnerdanielle@nelson.com,-1,386-509-0460,2020-06-04
4368,Michelle,Jenkins,cthomas@yahoo.com,66,,2020-11-24
9820,Anthony,Rodriguez,,999,079-391-6455,2022-09-07
4266,Jessica,Robinson,robinsonwilliam@wolf-scott.net,999,001-874-236-3292x4260,2023-10-14
1876,Nicole,,downsfelicia@gmail.com,64,001-888-733-0255x5688,2024-10-24
2347,,Jackson,williamsmichael@davis.com,999,513-575-0899x327,2020-12-04
7481,Kaitlyn,Richard,faithstone@hotmail.com,999,,2022-03-19
9459,Jordan,Lee,,16,842.074.1265,2024-09-25
9621,Eric,Montoya,jacksonkathryn@gmail.com,53,,2023-08-26
8638,Taylor,King,,33,(689)685-0714x747,2024-01-07
9938,Carlos,Lawrence,moorestephanie@gmail.com,44,001-342-862-1455,2022-09-02
7756,Cynthia,Reynolds,michael56@wood-daniels.com,84,452-970-7223x7780,2023-04-16
1008,James,Patterson,xdixon@andrews.com,999,916.023.9168x38064,2025-03-24
7023,Vernon,Smith,qrobinson@whitaker-travis.com,-1,+1-904-473-7549x03733,2022-06-21
5744,Jerry,Lucas,teresahill@ho.com,53,001-827-159-5182x841,2022-09-05
1696,Jennifer,Smith,shortjo@collins.com,26,001-898-411-6454x71788,2020-09-07
1993,Samuel,Miller,ukelly@oneal-mcdonald.com,-1,001-523-126-9054x7057,2023-04-01
1317,Vickie,,,999,,2020-11-09
5545,Lucas,Stevens,hjones@garrison-york.com,999,299.896.9549,2022-08-09
7706,Caroline,Moore,raven99@gmail.com,-1,+1-863-404-8107x5874,2021-08-02
6825,Marissa,Mclaughlin,cindy98@frost.com,999,(095)304-5668x1323,2021-08-06
5509,Julie,Zimmerman,,16,(600)521-9722,2021-01-06
2506,Virginia,Walters,mrobertsellis.info,85,691.257.1133,2020-06-16
5397,Ryan,Frey,smithjames@yahoo.com,-1,+1-918-258-6143x90355,2022-02-17
9227,Victoria,Wallace,atownsend@whitney.com,999,850-947-4311x6061,2022-10-23
7042,Abigail,,adelacruz@gmail.com,999,001-420-857-0971x5429,2021-12-30
2168,Andrew,,stephen59@yahoo.com,999,+1-457-999-2298,not available
1104,Barbara,Holmes,erinmaxwell@smith.info,40,021-159-5309x90996,2020-10-08
2940,Cheyenne,Thomas,tgoodman@leon.com,-1,,2021-01-10
4090,Stephen,Mcintosh,jasonnichols@hotmail.com,-1,001-682-911-2825x9992,2025-01-16
4812,Jason,King,olsencarolyn@gmail.com,56,,2022-10-17
6375,Parker,Mccormick,,-1,527.445.4009,2025-04-29
3000,Anthony,Graves,ncunningham@golden-martin.org,999,,2023-11-18
3314,Joshua,Duncan,,999,+1-587-299-8161x428,2024-12-13
1003,Curtis,Elliott,clarkjoseph@galvan.info,-1,462.660.0311,not available
9061,Rose,,shannon31@gmail.com,999,443.038.6512,not available
1003,Mary,Roth,andersondebra@hotmail.com,69,382-369-8264,2023-06-04
5443,Joseph,Abbott,heather25merritt.info,73,(830)270-3945,2025-02-16
4366,Jason,Moore,pwang@mitchell.info,999,607-174-4034x5825,2021-12-19
7497,Claire,Clark,gpetty@hotmail.com,84,164.655.6711x67317,2023-11-29
2977,Stephanie,Gillespie,nicholascurtis@palmer-ferguson.info,34,615.655.4661,2022-08-08
6529,Elizabeth,Sims,colinwatson@yahoo.com,-1,6631001659,2021-05-03
7584,Sarah,Mathews,pamela60@powell-davis.com,-1,511.366.6799,2020-06-10
8012,Austin,Little,michaelrobinson@hotmail.com,-1,872-345-1238x556,2024-04-16
5543,John,Harris,,-1,769-607-4028,2024-02-22
3798,,Hall,meganclarkhotmail.com,999,001-796-041-0687x44474,2021-03-17
5087,Valerie,Welch,cynthiasullivan@sanchez.com,-1,(946)525-7773x1262,2022-11-07
2311,William,Booker,ruben49@hotmail.com,-1,,2025-02-17
5279,Tony,Hernandez,baileyheather@phillips-lee.com,999,617.428.7791,2021-04-18
4917,Elizabeth,Moore,,999,632.140.4386,2021-10-28
5400,,Smith,sean33@yahoo.com,16,956-878-6371x4270,2023-02-04
1899,Brenda,Solis,cesar23@hotmail.com,75,793-503-2868,2022-04-21
8624,Brenda,Grimes,hardinjennifer@yahoo.com,-1,+1-308-855-1126,2022-08-28
4184,Kristin,Taylor,nicolecalderon@yahoo.com,-1,+1-177-274-0706x62660,2024-07-13
4739,Jessica,Oliver,brittanyunderwood@good.com,26,784.377.6303,2024-11-12
5873,Veronica,Jones,amandahernandez@vega-perkins.com,-1,+1-371-414-0236x52511,2020-12-05
8572,Hailey,Shah,williamsjames@hotmail.com,55,(253)832-4572,2020-06-17
7940,,Roberts,abigailrose@jones.net,-1,(959)250-8783x07157,not available
6235,William,Vaughn,diazheidi@riley-stanley.net,999,001-417-524-0537x21137,2021-03-30
7711,Christina,Stokes,cantrellrichard@schneider-lawson.com,999,001-746-123-3320,2023-06-08
4691,Leslie,Moore,amber95@jordan.biz,-1,(872)730-5639,2021-08-20
4529,Cindy,Simpson,cbrownpoole.com,-1,992-940-9330x027,2021-12-10
1612,David,Rodriguez,amberrodriguez@gmail.com,54,701.197.4665,2021-11-14
2992,Ross,Robinson,staceydunn@olsen.biz,87,+1-593-759-9736,2024-01-05
6381,Brianna,Jones,,-1,801-648-1999x502,2023-11-10
1003,,Fox,astafford@yahoo.com,-1,+1-111-957-4078x79554,2022-01-21
1670,Misty,Bishop,nancy47@davis-stephens.net,-1,792.790.8257x95655,2021-03-24
4972,,,barbaramorrismartin.com,999,001-915-156-3390x8448,2023-10-08
6107,Benjamin,Alexander,,-1,576-399-7577,not available
5709,Darrell,Curry,matthewchavez@ross.com,12,(875)924-0272x3422,2023-02-14
7384,,Martinez,,29,,2022-04-16
5974,Derrick,Lee,,72,+1-438-705-3553x1453,2021-06-30
2854,Margaret,Massey,,46,744-645-2810,2023-10-10
9609,Kristen,King,eford@yahoo.com,32,+1-505-488-2812,2024-04-20
8779,Belinda,Frazier,christophertucker@gmail.com,85,+1-391-364-4962x928,2025-05-30
1003,Tanya,Montes,dianaprice@martin.com,999,+1-067-199-1692,2025-05-01
8418,Christina,Green,travis94long-bryant.com,74,(554)825-4249x338,2022-06-24
6280,James,Klein,irichardson@porter-kirby.com,-1,+1-050-911-2935x49763,2021-07-13
3446,Matthew,Hunt,gross@gmail.com,999,+1-591-419-3053,2022-08-25
7462,Michelle,,sarapittman@gmail.com,-1,(726)268-9349x6794,not available
6700,Carla,Hall,ianhendrixwest-wyatt.com,68,163-671-0611x46638,2024-09-20
4897,Andrea,Morales,bridget94@hotmail.com,47,055-821-6578x49441,2022-06-10
3504,Danielle,Castillo,,999,3211872631,2024-04-13
4482,Kiara,Barry,brandon48@yahoo.com,999,4054703622,2021-04-13
8413,Ricky,Miller,,-1,001-954-297-8700,2023-10-10
5528,Kimberly,Sanchez,thomasgalloway@moore.org,17,813.265.3852,2024-01-03
9236,,Simon,brookemartin@yahoo.com,87,9462512400,2024-11-26
1003,Aaron,Rush,,79,790-964-5221x114,2022-04-30
1003,Brenda,Carter,jcarlsonkane.com,999,128-866-1716x22485,2020-12-17
7904,Rodney,Miller,currydavid@jacobs-smith.info,86,067-556-3665x53660,2021-07-07
6384,Jason,Oneal,whitneycody@gmail.com,999,001-265-363-2047x120,2020-09-24
1791,Lisa,Martin,davisearl@allen-strickland.biz,-1,,2023-09-15
8377,Jasmine,Wilson,scott90@johnson.com,-1,654-236-7931x69946,2024-03-13
7230,Tara,Castro,bryantdenise@potts.com,999,530-479-1950x14335,2024-01-23
9805,Paula,Byrd,fdaniel@newton-walker.info,999,884.013.2804x36613,2022-04-30
8777,Kenneth,Pratt,sharonpatel@gill.com,999,,2022-01-25
7458,Elizabeth,Smith,mcbridealexis@hotmail.com,54,2715479621,2020-06-07
3676,,Hogan,brownelizabeth@hotmail.com,-1,070-062-1076,2024-04-11
6758,Anna,Cochran,,-1,,2024-10-03
6227,Emily,Thomas,jmay@gmail.com,22,879-025-3767,2021-05-13
3766,William,Allen,,-1,001-282-966-9635x071,2021-11-30
9812,Paul,Ferguson,christina83@gmail.com,72,+1-556-478-4001x02944,2021-04-23
8554,Amanda,Garcia,,43,,2022-02-22
7661,Erica,Taylor,robinsonchristopher@miller-hill.com,-1,893.850.5705x397,2021-07-03
4097,Michael,Hill,michelesilva@ortega.com,42,591.000.3150x11900,2025-02-04
1003,Carmen,Warren,kelly61@gmail.com,-1,(286)253-1854x3471,2024-02-27
3452,Caleb,Long,harrellbruce@hotmail.com,999,(832)033-0023,2020-12-30
9655,Hannah,Griffin,benjamin05@yahoo.com,-1,7315090382,2025-03-08
3145,Jacob,Ellis,johnstonmichael@mccoy.com,49,(161)484-6979x345,2025-01-25
4810,Lisa,Davis,hfrancis@chen.org,38,(131)446-2808,2024-05-13
1600,Robert,Johnson,,-1,8423567999,2023-07-19
1778,Justin,Benitez,douglas28@white-rodriguez.biz,79,6283344712,not available
2129,,Flores,pparrish@hotmail.com,38,001-678-535-5360x01979,2022-04-18
5148,Patricia,Nunez,prattmanuel@hotmail.com,-1,252-635-7875x9383,not available
3619,Maria,,dsexton@allen.com,-1,701-942-3889x207,2022-08-06
5244,David,Yoder,stuartjeremiah@hotmail.com,20,779.880.1256x4088,2021-02-02
3688,Maria,Barrett,gibsonderek@robertson-patterson.com,999,334.811.4038x1995,2023-07-11
1396,Tyler,Martin,williamthompson@mccoy.net,-1,+1-016-849-4612x623,2021-12-04
7589,Nancy,Johnson,tranjennifer@yahoo.com,-1,+1-514-372-0682x75974,2021-01-18
5589,Daniel,Garcia,,999,057-521-9899x2881,2025-02-04
1003,David,Johnson,glasstony@kelly.com,-1,,2021-09-27
9392,Theresa,Thomas,jreed@ramirez.com,999,,2021-07-16
4430,Valerie,Williams,owells@gmail.com,999,511.273.3347x574,2020-10-03
5429,,Lewis,jasonmiller@jones.com,19,184.231.3203x042,2024-12-22
2035,Patrick,Taylor,riveramichelle@gmail.com,999,(460)217-0482x027,2021-04-02
7518,Jeffrey,Baldwin,hoganmatthew@gmail.com,43,(294)318-7320x50472,2022-07-01
7962,Daniel,,jonathanpeterson@moore.com,39,915-876-5527,2024-04-08
1212,Benjamin,Newman,,-1,893-195-7444x55770,2021-10-10
2607,Michael,Ferguson,amy62@gmail.com,-1,+1-706-741-0840x0350,2020-12-22
9855,Mark,Brown,thomas51@yahoo.com,-1,+1-161-246-5885x14329,2022-03-09
1387,Michelle,Taylor,,-1,+1-021-073-0394x3801,2020-06-20
8893,Christopher,Brown,jerrydecker@clark.net,-1,(947)819-0754x784,2020-12-09
3426,John,Nguyen,melanie46@hotmail.com,-1,+1-922-139-0984x8560,2024-04-03
9177,Carl,Thompson,psimmons@gmail.com,999,+1-702-192-8812x0398,2023-12-14
5459,Edward,Gibson,gouldtammy@yahoo.com,999,1128809096,2021-02-10
3937,,Hill,allenkristin@gmail.com,-1,(485)082-6557,2022-09-02
5810,Summer,Coleman,nguyenjames@hotmail.com,999,651.180.3951,2022-06-14
6750,Katherine,,careydebbie@donaldson.info,-1,(216)856-1546x00338,2022-01-11
4968,Carl,Gordon,richardsmith@flores.com,999,167.771.7957,2020-11-02
9003,Mary,Sims,johnny05@gmail.com,-1,(432)845-5382x510,2025-01-22
2947,James,Thompson,ycruz@lewis-shaw.com,999,,2022-12-19
1726,Stephanie,Wells,todddonaldson@yahoo.com,41,798.760.2371x150,2022-03-07
9482,Thomas,,daniel90gmail.com,62,+1-058-450-2641x6739,2021-06-08
9763,Matthew,Clark,daniel46@gill.com,-1,001-039-387-7011x357,2022-09-13
5497,Lisa,Gray,schmidtbrittney@reynolds.net,-1,+1-716-372-0322x644,2022-06-25
1759,April,Walker,beanjennifer@hotmail.com,999,904.426.2671,2023-07-09
4359,Brooke,Hooper,taylorjulie@stewart.biz,-1,817.977.6696,2024-07-02
4781,Ronald,Monroe,robertknox@hotmail.com,999,+1-719-168-9639x98477,2024-06-16
4668,Julie,Morales,shannonpowell@anderson-barnes.com,999,,2023-11-04
4224,Whitney,Caldwell,yschmidt@gmail.com,66,+1-731-664-3793x431,2021-01-02
2445,Samuel,Murray,,999,049.224.9255x642,2024-11-25
3226,Erik,Smith,,999,(441)980-4252,2022-12-01
4348,Andrea,Gates,hhudson@yahoo.com,999,087.121.6980x7553,2024-11-25
2220,Amber,Hicks,kvelasquez@yahoo.com,54,709-062-4965x25471,not available
1043,Cheryl,Miller,,33,+1-493-191-9231x41111,2022-04-04
3757,Kenneth,Barron,zfisher@hanson-chavez.biz,999,(109)704-2259x5991,not available
4609,Valerie,Rodriguez,adamparker@gmail.com,999,001-424-069-7225,2025-04-28
1445,,Mendez,shannonmurphy@yahoo.com,999,001-543-551-9424x84961,2023-10-05
6119,John,,berryalexis@yahoo.com,43,(372)141-5645x671,not available
9720,Christine,Burton,,999,871-268-3859,2021-12-04
8120,Michael,Holland,,60,614.219.6867,2024-09-28
1347,Spencer,,cedwards@gmail.com,-1,7599392907,2024-01-10
1919,John,Lynch,gburton@yahoo.com,999,157.879.4055,2021-04-30
1143,,Perez,evan22@ingram.net,32,001-727-247-7694,2021-02-23
8753,Miguel,King,brett84@yahoo.com,-1,001-102-329-6309x9650,2024-02-03
9346,William,Clark,amartin@robertson-miller.com,999,+1-112-354-2374,2023-08-30
1003,Gregory,Cervantes,enorris@yahoo.com,999,,not available
3450,Alexandria,Fox,sara33@gonzales-jones.info,-1,,2022-01-06
4787,Daniel,Jenkins,davidsonsandra@gmail.com,62,940.428.5079,not available
4329,Catherine,Carter,heathermendoza@knight.com,999,+1-711-811-0776x45371,2024-08-15
3078,Adam,Reyes,matthew06@gmail.com,-1,+1-592-141-4457,2020-06-21
6793,Tracy,,jordan65@hotmail.com,37,745-646-1157,2020-11-11
2162,Ashley,Wright,carpenterthomas@barton.biz,999,001-073-483-5651x9409,2022-03-22
8527,Amy,Jackson,lewisdavid@haney-mccann.net,43,(315)534-9278x59222,2021-12-10
9800,Tammy,Rivas,beverly61@hotmail.com,999,114-500-0895x817,2025-06-02
7610,,,franksnyder@yahoo.com,-1,+1-085-505-8002x663,2020-07-20
6140,Nancy,Henderson,amyclark@orr.org,30,001-859-687-2943x9013,not available
9372,Desiree,White,tonylevy@christian-floyd.com,-1,,2023-01-09
9806,Victoria,Mckay,veronica65@yahoo.com,10,001-094-304-6501x31006,2023-10-24
3556,Christine,Michael,jake78@zamora-palmer.info,999,+1-942-350-4911x3869,2024-11-23
3196,Scott,,amartinez@hotmail.com,-1,001-790-618-2842x86724,2022-07-07
9524,Candace,Odom,brianavilahotmail.com,999,001-744-894-0743x934,2022-08-10
4826,Mandy,White,lbutler@hotmail.com,73,001-847-249-5420,2021-02-17
5055,Shane,Wagner,stephensonchristine@hotmail.com,-1,001-025-176-6021,2024-01-05
5861,Kimberly,Garcia,justin97@romero.org,-1,(425)382-2725x8775,2020-11-01
4088,Aaron,Poole,trevorevans@nelson.biz,999,+1-514-031-8184x127,2024-04-19
7530,Brittney,,lori54@smith.com,-1,(212)491-2363,2023-08-18
7522,Troy,Barrett,katherine63@wiley.biz,999,(786)436-7041x84324,2022-07-26
2099,,Nielsen,,999,,2020-10-08
6203,Clayton,Velazquez,pfields@wong.info,-1,787.687.6778,2022-07-03
8029,Nicole,Haynes,hwilson@hotmail.com,999,001-509-272-1494,2023-03-27
4835,,Oliver,kenneth06@yahoo.com,999,001-457-883-3187x6209,2024-03-13
8053,Timothy,Bautista,trevorstewart@price.com,-1,001-149-003-8647x5171,2021-11-16
2230,Destiny,Jones,ilewis@hotmail.com,73,001-952-914-7018x86752,2024-05-30
6023,Rebecca,Molina,ethan65@yahoo.com,-1,352.893.7305x1983,not available
7790,Elizabeth,Johnson,vheath@simmons.com,999,(189)083-6465,2023-07-11
9719,Caitlin,Gould,pwaters@vega-holden.com,999,(671)220-6643,2024-10-01
1060,,,christopher24@gmail.com,-1,(775)140-7362,2024-12-19
6342,Matthew,Gomez,,999,+1-005-442-5575,2021-06-27
8875,Cynthia,Gonzalez,wellscassandra@hotmail.com,69,171.057.1706x99031,2021-09-17
9078,Marissa,Bray,stevegreen@gmail.com,-1,+1-765-257-5805x923,2022-08-19
1003,,Noble,qmorris@gmail.com,999,001-895-618-6425x8140,not available
1715,Jacqueline,Leach,dennis89@jones.com,22,+1-289-398-5452x2351,2023-06-10
9867,Susan,Olson,delacruzbarbara@hotmail.com,-1,4365024431,2024-09-03
4203,Daniel,,harrisonashley@garcia.info,-1,+1-924-021-3383x3000,2023-01-12
6464,Mark,,michael86@moore.com,31,764.326.0221,2023-04-04
7097,Stephanie,Phillips,jennifersantiago@jackson-morris.com,27,494-671-4036x447,2023-10-16
4548,,Flores,,999,137.816.5056x177,2023-07-18
4351,Jacqueline,Oneal,sraygmail.com,-1,001-808-712-3461,2022-07-23
2131,Teresa,Taylor,reynoldsclaudia@yahoo.com,-1,,2023-06-28
2939,Nicolas,Brewer,joanne94@hahn.com,53,+1-150-777-7192x3716,2023-10-21
5975,,Jensen,acole@taylor.com,34,004.703.8831,2022-08-16
1346,,Todd,vsmall@campbell.com,45,001-731-268-4363x5987,2021-10-02
3974,Patrick,Turner,mcrosby@gmail.com,-1,(308)184-0315x246,2025-03-24
3336,Brian,Allen,calvinbeck@gmail.com,-1,(405)737-3182x4270,2025-01-15
1520,Ronald,,,-1,656-302-8704x52965,2023-02-10
8115,Joseph,Dunn,tina52@yahoo.com,999,+1-650-544-6061x9304,2020-06-11
1664,,Moore,carsonana@yahoo.com,28,001-895-949-9972x82400,2023-01-27
5142,Shannon,White,thall@beard-ramirez.info,999,220-094-2552,2024-07-20
6012,Sara,Johnson,,48,291-506-5881,not available
1617,Jennifer,Gibson,rebeccapetersencamacho-ortiz.com,-1,752-848-3596x759,2020-10-06
3370,Sandra,Hale,,-1,104-351-2812x4737,2023-01-09
2304,Michael,French,ruth08@weaver-robertson.info,999,,2021-02-26
1065,Steven,Cox,lisarobertson@gmail.com,999,+1-723-502-7146,2023-11-17
5080,Nicholas,Smith,shannon28@gmail.com,999,(654)908-3261x34071,2024-09-07
9657,,Munoz,jeannewall@gmail.com,79,761-832-5538,2024-03-07
6727,Diana,Mooney,carly39@lewis.org,59,+1-696-917-2982x5792,2020-08-31
5361,Kevin,Rojas,maciasgabriel@thomas-terry.info,-1,2807349391,2024-12-12
4182,Ricky,Lewis,paul67@davila.com,22,473-177-1184,2025-05-30
5745,Julia,Ortiz,wnguyen@yahoo.com,27,001-603-643-5887x735,2024-11-12
1349,Carol,Oneal,stanleyhill@johnson.com,-1,080-389-7969,2021-11-14
2460,Matthew,Terry,parkersharon@martinez.org,-1,+1-496-231-8820x22275,2024-11-02
5914,Rose,Terry,ugordon@hotmail.com,-1,001-158-573-2578x502,2022-08-23
2321,Daniel,Werner,kathleen39@yahoo.com,-1,797-618-8361x712,not available
6360,Sean,Diaz,jamiefreeman@watson-clark.com,-1,(384)036-5514x576,2022-12-03
4318,Brian,Cline,esantana@escobar.biz,999,(113)420-6712,not available
2527,Deanna,Roach,johnsonjorge@yahoo.com,-1,409.281.3468,2021-04-15
5686,,Powell,dorothymcgrath@yahoo.com,39,001-228-738-1097x560,2025-04-22
8162,Christina,Kent,michaelcastro@little.com,-1,+1-918-221-6867,2024-08-09
3918,Paige,Miller,cameronjessica@yahoo.com,89,327.585.6870x93055,2023-12-30
7159,Brian,Garcia,richard62@hernandez-wright.com,-1,(863)307-4915x1307,2024-09-30
7470,Terri,Spencer,bradymay@hotmail.com,79,(766)248-1419x86909,not available
4948,Gloria,Robinson,roy24@campbell.com,999,001-189-239-0752x48135,2024-06-17
4947,Amy,Davis,melissa16@olsen.info,999,001-315-041-6049,2021-11-07
7661,Samuel,,arnoldralph@pennington.org,-1,,2024-09-01
5595,Troy,Walton,elijah25@yahoo.com,999,(493)623-4273x2079,not available
6975,Theresa,,rgonzales@smith-hopkins.biz,65,001-334-647-5317x95874,2020-08-15
5009,Dana,,pmueller@ball-harris.com,999,778.562.2579,2023-02-03
3932,Jennifer,Bell,wmontgomery@gmail.com,71,001-219-210-4680,2021-02-16
9285,Steven,Huber,tinalucero@jackson.com,-1,+1-379-469-4594x3329,2021-10-06
8253,Juan,Jones,ttaylor@hotmail.com,35,136.421.5395x027,2023-08-22
3557,Nicole,Carroll,amanda78@gmail.com,55,(093)200-6873,2023-04-24
1145,Ann,Bailey,vhiggins@hotmail.com,17,597.896.1802,2022-10-29
3701,Andre,,dawnberry@gmail.com,-1,(209)468-5464x1088,2023-07-02
4334,Heather,Robinson,,999,4126840328,2024-07-01
8163,John,,wileyjeffrey@hotmail.com,-1,(180)221-1436x2667,2024-12-31
1407,Kaitlyn,Smith,,83,(701)110-9754x499,2020-09-11
1014,Kim,Villarreal,taylorsamuel@ramos-moran.biz,-1,2710396920,2024-03-27
1005,Roberto,Maynard,gregory20@gmail.com,999,+1-372-882-5084,2021-05-12
3290,Christopher,Shields,bskinner@harris.com,999,,2025-04-07
4839,Carlos,Strickland,robert03@yahoo.com,59,,2020-08-01
7626,Philip,Carroll,iyang@walker.com,999,859-604-8536,2024-12-08
1559,Eric,,,-1,(247)653-0587x4452,not available
7780,Rebecca,Walker,david33@gmail.com,-1,074-056-4584x045,not available
3719,Kenneth,James,lcampos@mata.com,20,540-397-8290,not available
8346,Sarah,Walker,gregorygreen@hotmail.com,82,372-229-8533x08789,2024-08-26
7649,Debbie,Bradshaw,normamartingordon.org,999,9322641953,2023-02-16
8968,,Arnold,mitchell29@yahoo.com,999,001-592-580-7578x1467,2021-11-19
5944,,,armstrongmonique@hotmail.com,43,001-742-573-6422x801,2025-02-27
2898,Michael,Morris,bberry@king-morton.com,999,(913)169-4976x8065,2023-10-15
4395,Kristen,Clark,mcconnellrichard@hotmail.com,-1,,2024-03-03
9002,Sara,Ortiz,alyssa09@gmail.com,57,001-924-884-3091,2022-11-11
7573,Joshua,,rzimmerman@scott.com,999,001-724-582-9616x412,2022-04-13
7269,Michael,Singh,cannonlauraglenn.biz,-1,(795)433-0837,2023-02-15
6943,Elizabeth,Norris,david73@davis-baldwin.com,999,7381302082,2021-04-05
9120,Courtney,West,omarboone@hotmail.com,999,040.452.0388x81026,2020-10-27
7873,Linda,Lee,allisonstone@yahoo.com,-1,(508)782-8409x8895,2025-03-18
3821,Joel,Duran,michaelgriffith@gibson.com,-1,+1-004-018-0070x55340,2020-06-17
2408,Michelle,Eaton,amandacain@carter-moss.com,-1,425.612.2203x2785,2021-06-26
8173,Ashley,Harper,donnawright@gmail.com,-1,(231)570-7986x3672,2023-04-08
4970,Joann,Fox,paulawalls@bullock-johnson.net,-1,+1-553-911-9764x26067,2022-05-09
4810,,Thomas,,-1,+1-118-894-9714x11932,2024-11-04
9575,Samantha,Orozco,moorejoanna@gonzales.com,999,(701)360-8001,2025-03-16
6875,Franklin,Malone,courtneyhall@gmail.com,-1,,2020-12-22
9557,Christopher,Dudley,elizabeth61@yahoo.com,82,+1-474-457-1039x537,2024-01-29
9457,James,,sheliahenry@reed-robinson.net,-1,+1-292-313-9067x60479,2020-09-04
2501,Laura,,christinashepard@bailey.org,88,007-574-7483,2023-12-11
5010,Samantha,Todd,spowell@gmail.com,-1,3153490172,2022-03-20
8454,Angela,Orr,,89,+1-258-084-3090x6226,2023-04-02
1529,Grace,Donaldson,catherinekeith@williams.biz,999,(729)922-4593x357,2024-01-26
1506,Julie,Smith,paynedevin@gmail.com,-1,182.689.5875x62734,2023-06-14
8812,Douglas,Parrish,kathryncummings@jones.com,999,+1-205-643-4693x80968,2025-02-19
8441,Rebekah,Mcdonald,aprilsampson@hotmail.com,-1,927.869.5761x95292,2021-08-14
2335,,Baker,ocarter@ward-pierce.com,-1,848.969.8003x29296,2021-02-28
2903,Danielle,Galvan,starkjohn@duffy-taylor.com,29,451.420.0446x6676,2020-11-18
4957,Aaron,Solomon,craig74@gmail.com,27,0240512656,2022-12-10
2615,Geoffrey,Hicks,michael75jones-wilson.net,-1,806-862-3473x884,2024-09-11
9389,Brian,Jones,gomezkathryn@gmail.com,36,(329)760-0616,2022-06-19
4089,Patricia,Pena,martinwilliamhotmail.com,48,238-752-8663x4287,2021-08-23
4496,Kimberly,White,juan43@hernandez.net,999,(337)781-2871x701,not available
7434,,Hart,,83,681.810.4008,2024-02-03
7834,Craig,Williams,gespinoza@long.com,79,981.592.8465x38676,2020-06-06
2337,Gina,,pricedonna@baker.com,73,337.520.4244x91044,2022-11-21
3910,Kayla,Estrada,michael17@weber.net,999,(422)488-8469x59504,2022-08-28
8303,,Beck,evan58@gmail.com,-1,456.620.1054x5980,2021-07-10
5156,Bryce,Yu,justincopelandhotmail.com,-1,001-745-537-9395x6141,2024-04-29
5657,Patrick,,geraldvelasquez@hotmail.com,57,(444)896-5732x67558,2024-07-22
9013,Robin,Parker,johnsonrichardyahoo.com,25,(643)301-5368x250,2025-04-08
1512,Fernando,Walker,hfreeman@robinson.com,43,+1-884-031-3443x183,2022-09-09
1653,Kara,,amoreno@tyler.biz,999,001-582-690-2696x432,2022-08-18
9973,Spencer,Ibarra,amyboyergmail.com,999,(035)769-0890x5266,not available
9287,Joe,Lewis,wwilliams@yahoo.com,999,(067)024-0048x8984,2021-03-09
8483,Thomas,Lester,,45,723.566.8368,2023-02-28
1026,Theresa,Valentine,michaelleblanc@hotmail.com,999,9692830977,2023-07-11
7849,James,Hogan,rphillips@fernandez.com,999,3982646529,2024-01-04
8421,Jessica,Lynch,sanchezrebecca@ibarra.com,16,(203)190-6917,2022-10-14
7458,Charles,Brady,aaron57@gmail.com,80,(926)614-3058,2022-10-23
6755,Sabrina,Murillo,ywarner@hotmail.com,999,005-382-3746x462,not available
3139,Richard,Jackson,alvaradoheather@grimes-bates.com,999,001-981-338-8334x1322,2024-05-08
6254,Michelle,Walker,duffytim@burns.biz,78,402.727.7212,2023-08-05
9785,Jessica,,jaclyn85@walker.com,999,(906)636-4761,2025-05-29
7425,,Chambers,,34,+1-124-566-8719x9959,2024-01-28
8492,Helen,Powell,rachel05@walker.com,59,001-973-345-9260x65108,not available
6984,Amanda,Gray,tiffanymedina@young.com,-1,(649)851-5007,2024-04-13
9594,Christine,Gonzalez,,999,+1-722-856-5432x13737,2023-08-12
1649,Aaron,Dyer,uheath@hotmail.com,-1,5454206752,2024-10-18
3078,Kyle,Jones,alex86@bowers.biz,999,(281)527-5418x292,2024-02-11
7976,,,webbstephen@yahoo.com,999,001-306-339-0093x74624,2023-09-26
9059,Christopher,Fitzgerald,jessica07@coleman.com,-1,(024)136-1148x877,2020-07-17
8059,Eric,Roberts,morgandeborah@jordan.biz,19,271.309.8923x2215,2021-12-24
7397,Ashley,Thompson,shanegallegos@yahoo.com,-1,(472)819-6358x612,2024-10-24
3901,Megan,Taylor,chelsea51@lewis.biz,999,922-573-5044x68564,2020-10-20
7772,Jennifer,Jones,vcarney@huffman.net,63,608-066-5742x1183,2023-12-25
5146,Martin,Molina,rhondajensen@baker.com,-1,+1-130-407-5019x20243,2024-08-21
7800,Tracy,Robbins,jesserussell@jacobs-rodriguez.com,-1,001-502-772-9374x1379,2021-08-14
8606,James,Marks,qjones@gallegos-jackson.org,999,(957)589-3538,2025-03-05
8190,William,Velez,connie60@yahoo.com,39,962.500.9285x8165,2024-12-28
5583,Carrie,,bauerkenneth@hotmail.com,999,001-832-067-8843x879,2021-12-12
3077,Jeffrey,Phillips,millsalison@gonzales-francis.net,-1,,not available
6595,Frederick,,longricardo@gmail.com,999,596-809-5852x453,2020-08-05
7111,,Henson,johnwilliams@yahoo.com,999,001-410-421-2382x6625,2025-03-27
8770,Julie,Lawrence,patriciapeterson@yahoo.com,-1,877.035.3186x35302,2020-07-19
8091,Amy,Mcdowell,transtephanie@pennington-weaver.info,15,716.653.0509x87424,2024-03-30
8999,Nathaniel,Johnson,williamstami@anthony.info,-1,(763)819-3636,not available
5511,Elizabeth,Thomas,,-1,915.253.2649,2022-01-17
1404,Aaron,Guerra,davidmeyer@howard-taylor.com,31,237-242-8938,2021-04-19
5388,Stephen,Smith,,-1,7057871246,2023-07-31
7395,Marissa,Sherman,davislisa@yahoo.com,87,(176)700-0819,2021-09-21
6202,Kathryn,,robin97@espinoza-fletcher.net,-1,,2023-01-08
2577,William,Fields,petersonkevin@evans-bell.biz,999,5870410953,2020-10-08
7125,Juan,Hardin,sgarza@smith-hicks.net,999,591-938-0445x804,2020-07-19
2735,Devin,Martinez,hperez@hotmail.com,999,671-532-4397x8007,not available
8676,,Garrett,kimberly73@medina-li.com,999,(295)260-9037x99931,2023-04-26
4275,Wesley,Rosales,hbrown@rowe-norman.net,48,363.597.7330,not available
1790,,Harris,djones@mcclure.com,55,251.012.9340,not available
5355,Kevin,Garcia,chankyle@yahoo.com,88,2418450914,2022-07-10
2281,Mark,Perkins,campbelljames@foster-smith.com,80,(122)187-7263x2065,2023-03-05
8822,,Robinson,,999,,2021-09-28
4075,Jack,Mcdonald,davidrivera@hotmail.com,999,+1-538-562-5835,2022-06-26
4304,Alfred,Jones,amypoole@yahoo.com,59,+1-232-339-1777x043,2024-12-18
7529,Michael,Doyle,,-1,(331)783-7756,2020-12-06
9237,Chad,Reeves,anne45@yahoo.com,-1,(794)989-3481x686,2025-04-17
5280,Zachary,Pace,srojas@hotmail.com,80,001-995-653-4316x027,2022-01-22
4913,Ryan,Ortiz,glee@peters-rivera.com,999,0597347297,2024-08-06
1003,Ashley,Murray,,999,,2023-09-27
3800,Mark,,owise@nguyen.com,-1,842-572-1015x9551,2024-05-17
6362,Brian,Bradshaw,ujackson@yahoo.com,999,+1-679-451-4948x7116,not available
5840,Megan,Chan,matthewdavis@hotmail.com,-1,767.414.2985x84829,2023-11-20
7983,Daniel,Gonzales,rprice@patel.info,-1,001-145-198-5714x5474,2024-06-23
2952,Matthew,Lee,hmiller@smith.com,-1,422-120-2281x6310,2023-12-31
9701,Erin,Wilson,,999,(708)900-8425x626,2024-01-07
6698,Shawna,Nelson,gambleconnor@hotmail.com,-1,840-914-1613x89331,2020-09-22
6498,Mary,Cook,vbeard@gmail.com,-1,359-859-3888x036,2023-10-03
3582,Jessica,Sullivan,qramirezmarks-george.biz,25,(702)365-0069x03282,2024-03-25
3051,Deborah,Smith,susanadams@briggs.com,-1,001-296-895-4541,2021-09-17
5004,Joseph,Briggs,ipeters@gmail.com,-1,829-878-4617x39386,2023-06-25
6830,Russell,Parker,,-1,122-220-9012x01318,2023-03-03
6251,Stephanie,,dwaynejackson@horton.com,67,,not available
3873,Kelli,Kane,chenry@hotmail.com,-1,003.239.0164,2020-12-02
5653,Alicia,Robinson,jenniferhale@rogers-porter.info,-1,,2024-04-09
1851,Jeffrey,Anderson,vegasavannah@hernandez-shields.com,999,(010)600-4646x52781,2022-07-19
2149,Rachel,Golden,rebecca16@brown.com,47,419-151-1368x21893,not available
2578,Sabrina,Murphy,merrittantoniogmail.com,-1,+1-048-351-9464x722,2022-11-13
5355,,Gonzales,freemanalex@yahoo.com,62,252-308-2214x97602,2022-03-08
6768,Derek,Curry,eyoung@simmons-whitehead.com,999,287.478.9215x0897,2024-09-27
5255,Wendy,Schmidt,masonalexander@gmail.com,-1,,2025-01-30
1887,,Hall,ipotts@hotmail.com,-1,4101305962,2020-12-21
7179,Carrie,Sutton,watsonkatrina@gmail.com,-1,(408)178-6328,2023-11-06
1003,Veronica,,patriciayoder@jackson-roberts.org,999,500-154-7908,not available
4791,Tyler,Dennis,andersondonna@hotmail.com,-1,001-568-699-8242x20317,not available
8520,Phyllis,,fieldsjames@gmail.com,-1,001-524-911-5057x484,2022-07-31
8280,Ashley,Mccann,,25,7145205064,2024-06-17
5166,,Phillips,jessicabrewer@carter.com,999,001-433-842-5520,2021-05-04
9961,Allen,Reid,alicia17@gmail.com,999,+1-486-724-7984,2021-10-31
1634,Jorge,White,erasmussen@ortega.com,-1,+1-603-022-0332x2897,2022-06-16
7540,Chad,Johnson,charlesdavis@hotmail.com,-1,,2020-08-24
2409,Jeffrey,Fuentes,jamiesoto@sharp-johnson.com,-1,650-511-2866x077,2023-04-23
4970,Jesse,Beck,kellysanchezsmith-torres.com,-1,901.713.6528x1993,2023-09-30
1003,Kimberly,Rice,kristin55@hotmail.com,61,9816735924,not available
4950,Diana,Villa,schneidersally@roberts.info,90,8815091678,not available
3018,Paula,Mendoza,ujohnson@yahoo.com,999,(860)866-7588x468,2023-01-17
1943,Michael,Fuller,luis85@sims-rodriguez.org,63,(622)406-6950,2021-12-31
5925,Leslie,Blackburn,wpadilla@yahoo.com,28,(602)618-4349x273,2021-04-21
3361,Thomas,Miller,daniel47@klein-goodman.info,-1,+1-070-081-1325x2538,2020-07-31
5124,Jeremy,Bradley,plutz@lowe.biz,999,632-282-6907x4755,2022-09-15
5527,Lindsey,Lindsey,vaughnjames@yahoo.com,62,(809)195-3163x2156,2023-12-10
7172,Carol,Powell,jacksonfelicia@morris-kim.com,999,156-688-9041,2023-10-10
2825,James,Walker,smithpriscilla@gmail.com,73,(371)621-2465x546,2024-09-26
6435,Roger,Jackson,charles45@yahoo.com,-1,489.836.7240,2022-12-17
6478,Stephen,Gray,,999,+1-377-049-7007,2020-11-03
6297,Justin,,laurenpierce@yahoo.com,999,(971)335-9415x239,2025-02-11
8331,Miguel,Lucero,bakerjennifer@contreras.com,999,+1-419-788-3417x4951,2024-01-29
9430,,Webster,brownchristopher@fisher.com,-1,5723929501,2022-10-14
3455,,Fernandez,nicole43@hotmail.com,-1,2058172978,2023-03-02
2227,Richard,,alicia45@hotmail.com,999,(683)274-2591,2023-12-05
1651,Laura,Watts,bhuynh@gmail.com,999,3695336077,2023-12-07
5841,Maria,Orozco,davidaguirre@mcdonald-green.com,-1,(711)343-1689x1491,2023-10-04
6403,,Ramos,tiffanymorton@gmail.com,52,001-572-181-3405,2021-02-14
1614,Matthew,Berg,,-1,700-835-3384x82174,2024-11-11
3295,Greg,,douglasduncan@gmail.com,63,+1-718-546-5858,2023-06-15
2071,Elizabeth,Robinson,rosskimberly@long.com,38,766-669-6461,2020-11-11
5021,Mark,Smith,dorseymary@gmail.com,-1,001-738-818-7066x236,2021-06-17
6850,Brian,Anderson,palmeralexander@hotmail.com,-1,001-439-982-3018,2022-08-07
9051,Anthony,Lopez,,-1,773-912-8685,2022-08-10
9530,Tammy,Wilkinson,kevinharrington@hotmail.com,-1,001-275-112-5640x016,2023-06-21
4822,Tina,Walton,james85@yahoo.com,999,694.337.7163x4804,2022-12-24
3979,Nicholas,,craigwillis@hotmail.com,999,062-867-5553x131,2021-09-17
6641,Lisa,Evans,coxderek@gmail.com,-1,+1-963-390-7223x844,2024-07-17
5731,Angel,Hernandez,jenniferweeks@johnson.com,78,(176)819-3950,2022-02-05
3434,,Thompson,lynn96@hall-murray.com,-1,974-510-2731x010,2021-08-19
3192,Arthur,Salazar,matthewrusso@wilson.info,-1,9579073312,2021-12-25
2584,John,Rodriguez,,25,001-632-371-9439,2021-01-04
2818,Michelle,Mccarthy,nicolehaynes@meyer-erickson.net,-1,001-961-430-2834x76115,2023-10-08
2319,Cody,Taylor,danny98@montes-clark.org,26,841-587-1025x15618,not available
7697,Adam,Cox,bondnathan@williams.com,999,,2023-05-06
5441,Wanda,Nelson,pamela43@yahoo.com,-1,(400)103-6082,2022-11-30
4617,Tiffany,Snyder,,-1,2735869924,not available
1403,Eric,Dennis,nsanchez@franklin.com,54,990-731-4183x2189,2021-05-29
4379,Michael,Rodriguez,josephdavis@whitney.com,-1,(749)156-4434x5786,2023-01-16
7682,David,,alambert@pearson.com,999,453.349.2863,2021-06-06
4650,Candace,Brown,rtaylor@hotmail.com,79,,2021-03-03
8414,Michael,Bowman,joseobrien@gmail.com,-1,702.832.1838x962,2023-01-20
4247,Robert,Jacobson,,-1,001-527-674-1500,2024-01-16
8133,James,Garza,fbarnes@yahoo.com,-1,001-304-680-5327x0495,2025-03-07
2168,Barbara,Walker,sarahhoover@gmail.com,-1,001-216-335-3119,not available
3232,Nancy,Payne,carolyndalton@anderson-sanford.com,51,+1-284-366-1493x5270,2024-04-04
2778,Barbara,Day,mcdonaldjonathan@gmail.com,12,018.069.2603x362,2022-08-03
1275,Daniel,Walker,zjenkins@hotmail.com,-1,+1-965-009-7015x846,2022-07-08
7389,David,Brown,kristenmartin@richards.com,78,+1-270-958-8616x2943,2024-03-20
5126,Ashley,Bird,ifoster@johnson-simpson.com,65,594-939-6190x0828,2021-09-11
3108,Jason,Smith,ericacox@yahoo.com,999,+1-116-932-6105x2170,2020-08-08
1244,,Hernandez,sjenkins@tucker.info,999,(445)695-2721x174,2021-08-15
5334,Karen,,jesserivera@hotmail.com,999,(351)771-2760,2024-08-19
7955,Zachary,Olson,brandy02@green.com,30,143-314-7993,not available
8267,Nicholas,Daniels,timothyweber@yahoo.com,-1,0910194104,2022-06-09
9923,Jennifer,Weeks,justin43@pena.com,51,406.060.2815x15353,2025-04-24
3713,Timothy,Frost,garciaeric@palmer-green.info,999,+1-626-149-9118x3001,2021-08-01
7536,Tanya,Richardson,,73,,2024-08-02
7385,Paul,Johnson,tommywillis@benitez.com,43,7673902725,2023-04-21
2844,Matthew,,sandovaljohn@stone.info,44,001-085-169-2475x453,not available
2352,,Ibarra,,24,983.204.4851x06201,2022-06-04
8455,Linda,,ysmith@yahoo.com,-1,496.901.5213,2022-11-07
3166,Jennifer,Carter,prattkristi@lozano.com,999,765-770-5562,2020-10-16
6056,Karla,Whitaker,frankpeter@yahoo.com,999,,2022-07-08
1669,Joshua,Brown,faulknermichael@wells.com,-1,0749805060,2024-01-29
6454,Emily,Mccall,,40,+1-601-173-1364x2996,2023-08-14
8289,Johnathan,Martinez,mcowan@yahoo.com,52,1681896769,2023-04-20
4721,Carol,Chang,julie63@burton-jarvis.org,64,848-303-1595,2024-06-28
2668,Edward,Conrad,daisypennington@hotmail.com,46,+1-621-049-1062x08047,2024-10-31
1656,,Hill,bpowell@hotmail.com,-1,932-858-0868x434,2023-03-06
1481,Daniel,,jeanettemoore@hotmail.com,999,(000)756-5224,2023-04-04
2654,Tracy,Bell,bowenelizabeth@yahoo.com,999,159.497.5057x6228,2022-11-23
5975,Kelly,Scott,karenriggs@hotmail.com,999,+1-255-362-6639x3570,2020-08-17
2347,Melissa,Barton,jessica22@hotmail.com,-1,001-246-420-1710x81938,2024-07-24
1826,Matthew,Herrera,williamlane@hotmail.com,-1,052-333-7451x04130,2025-01-16
9535,Roberto,Mendoza,cschroeder@yahoo.com,-1,(854)205-8078x975,2022-02-16
4695,Joseph,Snyder,jennifer86@fernandez.org,73,+1-377-824-7548x9619,2020-11-20
2589,Bradley,Nelson,hernandezmelissa@gmail.com,-1,(321)891-0271x3668,2021-05-18
7315,,Fisher,brenda53@perry.info,-1,959-641-5759x88157,2021-03-21
1838,Jennifer,Schmitt,matthewkeller@johnson.org,87,+1-536-781-1935x95165,2022-09-12
5660,Sabrina,Poole,amandacameron@gmail.com,999,738.030.8714,2021-10-13
3612,Julie,Andrews,mflores@wu.org,-1,+1-465-335-5326x558,2021-03-12
2724,Sherry,Young,moorekarl@brown-adams.com,-1,6039496555,2022-01-12
5288,Rachel,Parker,,999,713.047.2440,2023-02-20
9352,Jessica,Wilkinson,ralph96@gmail.com,28,,2023-01-09
8385,Tiffany,Mayer,maryvelasquez@yahoo.com,71,,2022-12-03
1828,Daniel,Patterson,michaelstone@yahoo.com,999,(912)501-2643x4647,2023-08-08
6373,Cody,Wallace,,999,,2024-04-07
2935,,Molina,larsonbrian@spence.biz,83,001-876-832-9952x977,2025-04-04
7674,Juan,Ruiz,michaelmason@hotmail.com,43,001-780-624-2644x8061,2024-03-20
7648,Gregory,Sanchez,karl65@yahoo.com,999,+1-510-930-9375,2022-01-12
9536,Courtney,Miller,hopkinsrobertjohnson.info,-1,463.113.4290x3693,2021-12-05
8948,,Porter,uclayton@hotmail.com,-1,700-703-2247x176,2021-04-02
3897,Jill,Jones,,999,949.042.4983,2021-07-21
4239,Jackie,Cunningham,lindsey97@yahoo.com,12,,not available
3596,Jennifer,Bender,millervincent@hansen.org,76,+1-549-081-2532x51569,2023-12-12
3514,Jessica,Gibson,jason60@wilkinson.com,999,289.404.8210x1384,2023-12-07
4955,Scott,Thomas,,26,672.094.6207x35047,2022-01-18
2217,Heather,Johnson,elizabethduncan@dean.com,999,,2024-09-07
9326,Greg,Holland,zfriedman@hotmail.com,-1,(444)365-3496x245,2023-06-17
5917,Judy,Brown,carroyo@vazquez.com,-1,(275)683-5183x1451,2025-03-03
3402,Gregory,Rosales,sanchezdenise@mcclain.com,-1,601.135.7533,2021-01-11
4867,Steven,Chase,erodriguez@gmail.com,-1,298-724-3703,2022-09-20
3351,Justin,Scott,iwright@carter.com,81,353-728-4886x88636,2022-12-06
5818,Patrick,Mills,fconner@yahoo.com,-1,,2025-03-18
1003,Joseph,Jefferson,,-1,871-041-7874,2023-12-10
9929,Jake,Evans,qmitchell@king.com,999,209-455-2087,2021-04-02
3286,James,Rowe,hansenjulie@turner.biz,999,001-512-287-9340,2022-09-26
6274,April,Hansen,,999,8765795260,2024-11-08
4485,Megan,Thomas,adamssuzanne@mendoza.net,57,+1-498-409-8243x4522,not available
9604,,Diaz,jeremy29@sandoval.org,999,,2020-07-14
3951,Gary,Smith,denisemoore@jackson.biz,-1,001-167-078-4411x6526,2021-02-03
1481,Erik,Pitts,vwalker@cervantes.com,-1,947.685.5097,2025-01-09
7897,Ashley,Rowland,yatessarah@ellis-chambers.info,-1,+1-825-797-3843,2020-08-06
1003,Amanda,Costa,hesterkristina@perez.net,-1,+1-856-230-0560x0283,2025-04-23
9209,Edward,Nash,tracy24@roberts.com,89,(863)668-6675x10047,2024-06-07
8280,Joseph,Russell,,999,056.005.3070x943,2020-09-24
9431,Linda,Reeves,kwhite@gmail.com,-1,001-896-006-4538x8199,2021-07-22
9941,Matthew,Smith,hroberts@hotmail.com,999,486.662.3020x5128,2020-07-02
3820,Chase,Parker,,33,+1-493-472-3854x877,2021-05-08
9263,James,Hatfield,wileyjason@page.net,999,(373)863-6297x93722,2020-07-15
4709,Robert,Patterson,bradleybooth@hotmail.com,64,118.754.5142,not available
7203,Christopher,Mullins,mdixon@gmail.com,-1,+1-322-426-0632,2021-03-14
2285,Gregory,Ramsey,,999,001-357-984-4081x98092,not available
8215,Bobby,Johnson,hendersonjessica@taylor-davis.biz,999,001-127-577-3105x1359,2024-03-08
6624,,Good,,999,(308)978-6258x69108,2021-07-26
9115,Antonio,Landry,petersondiana@gmail.com,21,+1-722-507-7860x080,2022-09-28
4439,Pamela,Wells,oknightpowell-robles.biz,999,207-002-9844x642,2022-04-25
7537,James,,gjohnson@vaughan-garcia.com,38,(431)781-2776x86284,2022-10-10
9406,Dominique,Freeman,vperkins@wagner.org,68,234-691-7464x14529,2024-06-12
7932,Kimberly,Mccarthy,michellepiercegmail.com,-1,(999)892-6967,2021-06-24
6644,Zachary,,moodyvanessa@hotmail.com,999,+1-458-357-1864x401,2021-09-13
7037,,Long,anita41@chan.net,999,(915)626-3058,2023-08-06
5707,William,Baker,tamaragreen@campbell.com,999,(064)504-2594x95323,2024-06-16
1003,Brandon,Snyder,victoria23@rocha.com,76,001-130-177-8818x2605,2020-09-04
8280,Gabriel,Anderson,jordansingletonpope.org,999,228-692-2649x75390,2022-09-29
5244,,Brown,joshuamoon@perez.net,999,793.796.7642,2023-11-20
8668,Anthony,Dawson,brenda31@white-mills.com,68,411.780.2243,2022-07-28
8498,Sarah,Burns,xsavage@smith-watson.com,999,001-542-610-2046x350,not available
3859,Brian,Logan,cgentry@yahoo.com,13,001-714-015-8912x7914,2021-11-17
1003,Johnny,Hall,matthewscharlotte@yahoo.com,79,609.820.1693,2022-01-19
6234,Andrew,Sharp,samuelpeters@oneill.com,-1,(182)892-4813x19460,2021-12-19
6560,Corey,,,-1,080.410.0017,2024-08-24
7970,Lance,Andrews,tbrooksstephens-singh.biz,69,,2022-03-16
3804,Samantha,Moore,browntaylor@nelson.com,999,,2021-07-18
3447,Nicholas,Lambert,ashley34@hahn-burke.com,47,,2024-11-29
1917,,Castillo,andersonbenjamin@gmail.com,-1,103.746.4773,2023-08-17
1996,Brandi,Matthews,sheltonclinton@castro-perez.com,-1,604-631-9019x4210,2021-02-02
2483,Kayla,Whitehead,joellane@miller.org,45,555.039.4218x9658,2020-11-09
3974,Sean,Lopez,hillscott@gmail.com,-1,+1-163-968-7543x7884,2023-12-26
1691,Donna,Gray,martinezkim@yahoo.com,55,(668)363-5293x75315,2025-02-05
8429,Carlos,Berger,vcannon@yahoo.com,999,4706479621,not available
7515,Kimberly,Campbell,,-1,911-903-1211x9339,2021-07-26
9900,Amanda,Davis,qfuller@gillespie.info,25,,2022-06-20
9578,Derek,Humphrey,gutierrezalbert@deleon-house.com,999,+1-716-831-2604,2023-09-08
2048,,Blair,,89,+1-374-852-1068x92929,2022-06-29
6769,,,arthurchandler@yahoo.com,-1,865-969-4187,2022-12-04
7974,Angela,Mosley,,999,141.044.2846,2024-08-19
1113,Anthony,Chandler,frankespinoza@crawford.net,66,291.579.7476x81512,2022-06-07
6514,,,eric01@dixon.net,999,001-699-435-6296,2021-07-31
3018,,Phillips,twilliams@hotmail.com,-1,3409381249,2020-09-19
4674,Sheena,Davis,gharrison@gmail.com,-1,220-416-4579,2020-06-24
7504,Kimberly,Singleton,matthew24@yahoo.com,44,001-991-809-7684x4151,2020-11-08
7802,Russell,Hurley,heatherjacobs@gmail.com,999,293.909.1412x00386,2024-11-07
9074,Adam,Harris,tsullivan@gmail.com,999,832-361-5889x401,2022-06-04
5872,Scott,Terry,ngaines@yahoo.com,20,,2022-05-20
6076,James,Avery,tgarcia@yahoo.com,-1,+1-486-230-9792x3770,2021-07-25
6462,Mary,Chen,ithomas@yahoo.com,-1,(646)015-8118x865,2021-07-13
1575,Eric,Johnson,aaronpatelwilliams-hall.com,999,001-135-321-3130x04035,2021-12-18
1003,Kim,Hansen,aarontaylor@hotmail.com,-1,358.815.5787,2020-11-18
3504,Keith,Liu,mark41@cook.info,999,(315)685-9186x69017,2021-12-24
9440,Michele,Miller,melissafisher@delgado.biz,14,(076)450-4557x187,2020-08-22
9464,,,steve36@hotmail.com,62,2347429847,not available
3184,Travis,Williams,matthewjohnson@diaz.net,-1,737-300-5413x5656,2024-01-03
3582,Ashley,Chen,richard93@ellis.com,-1,001-839-290-9829x2015,2024-01-05
2357,Russell,Strickland,kwhite@mcguire-jones.info,86,768-411-1068x156,not available
2754,Melissa,Griffin,hayesjodi@yahoo.com,34,+1-710-047-0009x41472,2024-03-29
4537,Calvin,,jessicamartinez@maldonado.net,86,265-310-0737x42448,2024-10-26
4041,Brittney,,marilyn58@hotmail.com,-1,3673933357,2020-07-13
3996,Tonya,Fox,riley18@thomas.info,79,,2025-03-05
1003,Johnathan,Fletcher,vpreston@reynolds-rodriguez.com,63,183.879.8346x737,2021-03-01
5189,Timothy,Bates,cjohnson@murphy-davis.com,-1,287.256.7362x3250,not available
7304,,Reed,kelly63@harris-schroeder.info,999,686-993-2946,2021-12-16
2424,Cristian,Gomez,turnerkyle@hotmail.com,-1,001-398-929-4433,not available
7516,Calvin,Duran,amanda32@ware-zimmerman.com,999,001-465-737-3650x54729,2021-04-06
1003,Jessica,Gardner,bartletttravis@hall.org,48,001-019-740-8017,2024-09-07
5699,Chad,Alvarado,smithlindsey@jensen.com,-1,001-586-807-0845x080,2021-02-11
4518,,Johnson,brandy24@gmail.com,999,6544968388,2021-06-14
8705,Linda,Davis,nmarshall@ochoa.com,-1,858-127-3595x9256,2022-09-12
5235,Mary,Suarez,rivasrichard@fisher.net,-1,+1-240-274-4527x950,2023-11-14
9444,Shannon,Jacobs,kathleen15@coleman.biz,-1,240.754.1678,2021-03-27
4302,,Moore,bakerrandallyahoo.com,-1,(921)487-9841,not available
4401,Sarah,Mcmahon,hsmith@gmail.com,999,(635)546-8864,2022-01-27
2516,Matthew,Sanchez,justinlewis@gmail.com,999,,2021-10-08
4718,Katherine,Tucker,hcoleman@hotmail.com,999,(971)020-4695,2024-03-07
7844,Steven,Warren,elizabethmejia@clark-moran.biz,90,5582301154,2024-12-26
1757,Billy,Davidson,emilyleonard@yahoo.com,82,(398)668-8616x648,2021-09-29
1007,Eugene,Lopez,ruizdanielle@wood-glover.com,999,454-000-5873,2023-06-06
8756,Samantha,Reed,fbrewer@hood.biz,52,+1-084-005-1988x03002,2024-11-05
2982,,Coleman,adamjohnson@wheeler.org,54,137-749-0223,2023-09-11
8741,William,Torres,,53,325.606.4621x12123,2023-12-26
4124,Lonnie,Griffin,james41@lynch.com,38,+1-036-192-4764x31851,2022-03-22
1003,Shirley,Taylor,kent38@hotmail.com,84,(825)050-8482,2024-03-08
4356,,Freeman,gonzalezlinda@anderson-thomas.com,75,523.880.4763x30271,2022-10-11
1910,Nicholas,Warner,mcmillanjason@rivera.com,11,(383)872-3771,2021-03-29
2179,Kara,Williams,vsavage@green.com,-1,001-771-762-5742x11489,2024-05-08
1209,Larry,Roman,michaelrobinson@hotmail.com,999,,2024-09-30
2006,Andrew,Wilson,,54,+1-606-383-9665x596,2022-09-27
4777,Amber,Atkinson,nbaker@gmail.com,999,528.486.0412,2023-06-18
5318,,Dominguez,annanorman@roberts-mejia.net,999,001-683-887-4991x6995,2020-12-05
4257,Carla,Walker,bonillasarah@martinez.biz,-1,314-692-0824,2022-05-12
1946,Kathryn,Anderson,cynthiadixon@gmail.com,999,421-744-6809x47735,2022-06-02
5501,Carol,,corey30@gutierrez.com,57,001-432-222-3920x911,2024-06-03
5855,Michael,Brown,,27,,2024-09-17
2144,Rachel,Holt,spencer35@bennett.com,77,+1-999-328-2549x942,2024-08-28
6593,Brian,Lee,raymond89brown-mckay.com,999,883-485-3960,2023-08-31
4679,Mckenzie,Parrish,,-1,(849)138-4335x5709,2021-12-21
2784,Kristen,Durham,,47,000-668-9037x9727,2021-09-05
4264,Jonathon,Lester,vancekristin@english.com,-1,001-130-641-5743x1465,2023-03-07
7095,Valerie,Wood,,15,651.123.6260x982,2020-06-16
6824,Timothy,Melendez,howelldonna@ortega.com,-1,001-437-856-7291x68190,2024-06-08
4946,Shawn,,mnewman@sims-cobb.com,21,,2020-06-25
6209,Nathan,Pierce,daniel70@hotmail.com,-1,001-827-739-3866,not available
2668,Nicole,,lisa74@ruiz.org,999,587.473.3141,2022-05-28
2693,Tiffany,Sims,robinsonmadison@todd.com,21,899.937.5680,not available
8279,Wayne,Jackson,laurenchapman@yahoo.com,-1,001-288-772-7667x408,2020-10-22
2614,Thomas,Gomez,nicholas34@gmail.com,41,001-352-979-6351x55369,2025-02-22
5117,Chelsea,Brock,bradleyflores@rodriguez.com,35,(373)740-0716x722,2024-04-29
3296,Taylor,Park,sarah33@yahoo.com,-1,(149)196-3050x050,2020-06-25
1003,,,,-1,,2023-06-03
3485,Andrew,Parker,skinnerwanda@yahoo.com,11,139-495-2362x3707,2023-11-27
4572,Tina,Werner,brownamanda@hotmail.com,-1,001-582-089-3080x66891,not available
1003,Kayla,Skinner,jamesdavidyahoo.com,999,,2020-06-13
8815,Jonathan,Frederick,victoria94@gmail.com,11,(060)947-3987x1961,not available
1003,Eugene,Acosta,christine72@shepherd.com,999,277-819-4484x512,not available
5319,Steven,Anderson,brittany03@hotmail.com,60,001-814-636-1613x5839,2020-09-09
3916,Matthew,Garza,jacobhanna@gmail.com,-1,+1-006-649-2255x5495,2024-02-11
7683,Darlene,Davis,htorres@coleman.com,999,,2022-07-26
5778,,Clayton,zdavis@yahoo.com,-1,001-022-508-7554,2022-09-15
2647,Matthew,Lyons,logan50@yahoo.com,999,+1-662-671-7164x1596,2025-02-16
6744,Todd,Harris,christopherrodriguez@hotmail.com,-1,833-779-7851x6344,2022-06-09
8575,Erika,Conway,brandon11@yahoo.com,999,200.292.8642x3627,2023-04-21
6849,Kimberly,Keller,michaelstafford@yahoo.com,-1,,2024-04-16
5180,Kent,Graves,dcampbell@casey.com,76,943-008-0627,2024-04-12
8465,Joshua,Weaver,amanda79@hotmail.com,999,+1-183-646-2920x7315,not available
6417,Nicholas,,kelleycharles@hotmail.com,999,001-619-331-6959x0360,2020-12-14
5740,Holly,Rodriguez,sydney66@hotmail.com,-1,5958538512,2021-06-16
1003,Anthony,Brown,tmartin@barber-tate.biz,999,972.452.6094x8842,2021-02-28
4542,Ashley,Stewart,dunndarlene@wong-singh.org,56,330-760-4098x0147,2023-07-28
2027,Susan,Graham,diamondmanning@yahoo.com,-1,+1-103-876-6615x94548,2022-03-20
2999,Mindy,Butler,sharonweaver@gmail.com,-1,001-817-623-2953,2024-05-09
4613,Ryan,Harper,sarahdean@hotmail.com,999,456.915.7932,2024-01-02
7654,James,Harris,howard82@evans-peterson.com,999,(780)564-4578x03821,not available
3469,,Garza,fernandohernandez@gmail.com,999,381-342-7840x89381,2020-08-17
7709,,Burton,,-1,+1-500-213-2470x049,2022-05-07
7814,Charles,Nichols,stevengonzalez@schroeder-malone.com,999,671-567-2190,2023-07-01
1252,Jeffrey,Keith,bautistadouglas@gmail.com,999,,2020-11-23
8094,Jennifer,Huber,michaelchavez@gmail.com,999,+1-859-781-5773x02623,2025-04-27
5835,Jessica,,,999,617-619-4795x732,2024-08-04
5579,Samantha,Washington,tiffany33yahoo.com,27,+1-499-065-2024x9405,2024-07-23
7088,Catherine,Thompson,maxmcdonaldbullock-hall.com,87,001-164-142-7237,not available
3462,,James,amarquez@aguirre.com,53,001-852-557-5937x108,2025-01-06
7462,Teresa,,,19,+1-289-405-0235x216,2022-11-21
5451,Antonio,Kelly,richard48gmail.com,999,+1-879-478-5170x1314,2021-11-03
9331,Samantha,Simmons,josemontes@gray.com,-1,,2022-03-28
3619,Rachel,Richard,nicholas87@gill.net,16,(419)191-7659x727,2024-06-20
7976,Jeanne,Bradshaw,kendra45@suarez.com,64,913.074.6563x279,not available
4014,Megan,Charles,michael91@ortiz.com,-1,629-840-5714,2020-06-19
1003,,Bell,,999,747.841.5235x7253,2025-05-07
9322,Richard,Johnson,micheal51@davis-powell.net,-1,+1-914-660-1980x46895,2022-08-10
4437,James,Mckinney,soniaguerrero@hotmail.com,-1,001-206-714-7298x882,2021-07-23
6916,Debbie,Mathis,qrios@hotmail.com,-1,001-858-461-7655,2023-01-08
6896,Karen,Butler,gjohnson@graves.com,999,7659936193,2021-01-19
2689,Danny,Morales,brownanthony@yahoo.com,58,947.624.3724,2024-03-13
9067,Jacqueline,Mueller,jsullivan@hood.com,45,001-929-445-1925x426,2020-09-26
2902,Mary,Green,rschaefer@johnson.com,999,+1-457-287-9430x3490,2022-09-19
8949,Brent,Whitaker,,-1,001-236-187-3646x7029,2022-04-07
8990,,Hudson,joseph27@gmail.com,47,(318)261-6271x6725,2021-12-06
2107,Phillip,Campbell,browndavid@yahoo.com,999,147-054-9855x9713,2023-06-26
2621,Kelsey,Mathews,dmoore@henderson-kane.net,-1,618-436-6823,2025-05-22
9881,Sharon,Martinez,cindyrush@elliott-johnson.com,-1,,2024-08-28
8009,Sandra,Mccarty,claytonclark@yahoo.com,999,001-084-393-6630x2627,2022-05-15
9417,Troy,Miller,qlewis@davidson.info,-1,001-910-057-2239x55583,2022-05-15
9804,,Hall,martinrandy@yahoo.com,999,(466)244-2716x1821,2022-03-11
2190,Claudia,Martinez,matthew75@hotmail.com,11,001-325-116-2121x871,not available
1833,,Larson,osantana@campbell.net,-1,040-902-9725,2021-11-14
8432,Sandra,Hicks,christinajones@mitchell-carr.com,75,+1-190-066-4825x527,2025-05-23
1340,Caitlyn,Ellis,mbonilla@gilbert-stevens.org,63,001-914-997-5851x641,not available
5518,Lindsay,,brittney51@pittman.com,73,001-199-099-8410,2022-11-07
6862,Andres,Ruiz,johnathan47@yahoo.com,17,491.026.1126,not available
5540,Kelli,White,rowlandnatalie@gmail.com,76,003-195-4055x572,2024-02-25
2984,,Miller,jasmine04@stewart.biz,-1,212-891-4133,2023-10-30
9115,Jasmine,Mcintosh,klarsen@gmail.com,999,001-239-775-6689x12715,2021-04-30
2453,Jimmy,Mckinney,,42,7497269625,2023-11-27
6332,Tyler,Price,mclark@hampton.com,-1,884.427.7271x243,2022-11-25
8838,Bradley,Torres,amanda46hotmail.com,17,+1-058-091-1209x74568,2021-11-28
3474,Kelly,Martinez,gregoryboyd@bailey.info,999,309-435-6245,2023-02-12
6849,Brian,Sparks,janice20@hotmail.com,999,7070010776,2025-03-01
7963,Gregory,Benitez,pachecosteven@yahoo.com,-1,(176)924-5447x8207,2021-08-11
4768,Vincent,Young,mellis@hotmail.com,11,+1-594-284-7365,not available
1124,Anna,Douglas,acostabrandi@hotmail.com,60,4650037518,2024-09-16
5643,Lucas,Rodriguez,,41,+1-009-474-8972x3465,2020-09-06
6106,Amy,Smith,leah64@griffin.net,999,984.039.2990x2794,2024-01-12
6315,Carl,Nelson,nicholas75@walker.net,38,(785)550-3548x4870,2021-08-10
4807,Ruth,Brown,nelsonjason@summers-jones.com,-1,+1-787-034-9408x433,2025-02-19
1003,Dawn,Burns,heathsteven@gmail.com,999,804.453.8869x0527,2021-02-12
9650,Ryan,Horn,rebeccawilson@hotmail.com,83,,2021-06-11
6259,Stacy,Wolf,juliemelendez@pierce-foster.info,-1,,2024-04-06
6263,Kaylee,Walker,,45,402-514-3340x07256,2023-04-28
1512,Gary,Walker,smithcaitlin@gray-ferguson.com,26,(837)348-1028,2023-09-26
6729,,Long,amy93@johnson-gonzalez.com,999,(945)775-8012,2024-10-10
9438,Jesse,Griffin,chaveztimothy@hotmail.com,999,,2022-08-20
9272,Abigail,Davis,gregory83@may.com,-1,238-064-9378x08670,2023-04-20
4791,Melanie,Whitaker,elizabeth85@gmail.com,-1,(889)390-1207x34866,2022-10-16
6511,Eric,Little,stacywhite@hotmail.com,-1,484.811.5449x1896,2023-08-08
8624,Austin,Fleming,,-1,609-485-4697x60210,2023-06-06
1003,Tyler,,johnsonmargaret@harvey.com,-1,(636)849-6192x398,2021-09-13
5830,,Hernandez,stephanie17@yahoo.com,-1,601-132-7171x8596,2024-10-12
4358,Christine,Valdez,brandongonzalez@howard-bowers.com,89,001-756-036-8936x30095,2025-03-15
8262,Clinton,,,-1,001-228-513-7514x9202,2022-02-20
7877,James,Harris,melissa92@gmail.com,-1,,2022-06-11
3782,,Morgan,cherylnolan@kim.com,-1,0501734634,2021-06-26
5282,James,Stevenson,vburke@shaffer.com,58,908.929.2391x1613,2023-05-26
8763,Alyssa,Raymond,cesar43@hotmail.com,88,451.269.8215x7074,2022-06-20
7457,,,heidi66@villegas.com,-1,296-382-0331x17609,2022-12-05
3069,Lisa,,qthomas@yahoo.com,999,001-715-106-5870x263,2023-04-03
5957,Kathryn,Blanchard,dramirez@hotmail.com,28,348-399-2075x51065,2020-08-27
1176,Jocelyn,Ruiz,davidlucas@yahoo.com,999,853-050-8355x4557,2024-02-01
5278,Peter,Green,leslie20@gmail.com,-1,+1-310-368-4201x017,2022-06-29
4751,James,Brown,barnessarah@hotmail.com,70,148.528.9839,2020-12-18
2291,Destiny,Rogers,milleredward@gmail.com,-1,+1-194-534-7941,2022-09-21
1003,Anthony,Gibson,james13@gmail.com,999,+1-410-821-4073x563,2024-03-04
4825,Sarah,,michaelbrown@gmail.com,999,001-815-328-9987x94139,2021-08-23
1003,Elizabeth,Bishop,,62,128.213.9438x147,2023-11-22
1681,John,Martinez,rebeccahoover@dawson.com,999,159-928-1616x466,2022-12-09
1907,Laurie,Anderson,zcarter@gallagher.com,64,+1-035-337-6920x625,2022-04-25
1193,Deborah,Hunter,uwilliams@gmail.com,89,,2024-06-20
8874,Nathaniel,Campbell,elizabeth50@hotmail.com,84,601.005.9188x643,2024-04-11
3893,Jessica,Cruz,zcunningham@morales-wallace.com,999,001-383-072-5159x24205,2023-01-27
7350,Bonnie,Miller,,999,771.276.0868x865,2022-04-06
5843,Timothy,Duran,karenbaker@gmail.com,999,(464)004-1509,not available
5437,Jamie,Kim,snyderstephanie@hotmail.com,-1,001-068-781-6641,2023-02-14
7455,Daniel,Wilcox,,999,(503)365-6632x93949,2025-04-17
3744,Dawn,Gardner,andrewrussell@hotmail.com,-1,,2024-10-09
1973,Cassie,Delacruz,cabrerasandra@wilson.com,999,182-603-6818,2021-05-15
2648,Christopher,Miller,njenkins@gmail.com,65,(264)464-8832x316,2023-07-08
4071,Melody,Gonzalez,qbonilla@steele.com,-1,(603)166-9976,2024-04-11
7223,Christina,Adams,johnathanreyes@henson.biz,57,,2022-09-16
3935,Heather,Thompson,olivia23@miller-bonilla.com,999,7889181177,2022-05-18
1780,Carly,Benson,richardsonjamie@santiago.com,999,209.520.9115x09262,2024-01-15
7814,Kelly,Vaughn,wilkersonvanessa@mcgee.com,-1,947.728.2321,2021-01-07
8586,Steven,Hall,khantyler@holt.com,41,476-381-9397x335,2020-09-17
7736,David,Guerrero,brucenguyenyahoo.com,-1,129-045-6929,2024-03-18
9851,Catherine,Johnson,dmoss@davis.com,999,,2024-06-11
7765,,Gilbert,wheelerlance@yahoo.com,44,(147)853-9608,2021-05-08
2196,Troy,,donna54@wilson.com,55,,2022-02-08
2654,Michael,Rodriguez,heather17@roberts.net,999,+1-096-509-8300x67029,2022-08-14
1326,James,Lara,omartinez@woods-knapp.biz,-1,,2021-12-04
9321,Melissa,Goodman,ellisongreg@wallace.info,999,001-181-719-3962x26911,2024-09-20
5985,Jonathan,Ross,alopez@hotmail.com,-1,+1-650-355-8177x25021,2025-03-27
9593,Wesley,Davis,michaelthomas@flores.com,33,314.217.1972x073,2021-10-06
2673,Alicia,Hart,xtrujillo@anderson-smith.com,999,370.196.9624,2020-07-16
2935,,Hubbard,taylordeanna@hotmail.com,41,,2021-11-21
7196,Cassandra,Stewart,sanderschristine@yahoo.com,20,(884)077-0843x5646,2023-11-01
7224,Kiara,Snyder,katelyn24@moore.org,55,290-095-2783x574,2024-05-24
8948,Crystal,Klein,ritapearson@yahoo.com,-1,448.073.7631,2023-09-27
5025,,,felicia97@hotmail.com,999,001-448-179-1715x1545,2020-12-09
6869,Monica,Haynes,pmiller@hotmail.com,-1,230.072.2840,2022-11-07
9592,Angela,Sullivan,smcguire@everett-williamson.com,64,(163)315-2138,2024-12-10
1168,Sarah,Arnold,imay@yahoo.com,999,657.208.0804,2025-03-29
2474,Zachary,Bowen,walkerbrian@carlson.com,35,(190)358-2852x8562,2020-06-11
6357,Kelly,,walkerjohn@brown.com,70,235.575.5272,2021-08-18
2714,Natalie,Olson,bharrell@bates.biz,999,(388)297-7518,2024-08-10
4781,,Holden,sylviaanderson@jensen-foster.biz,-1,(555)038-3358x5530,2020-06-27
8278,Morgan,Gardner,stevenwalker@gomez.com,29,(213)279-2857,2022-01-28
2041,Teresa,Gonzales,qmunoz@bush.com,999,+1-179-650-7859x454,2021-02-15
1891,Maurice,White,jessicajohnson@yahoo.com,12,001-132-764-4992x9489,2022-12-26
8559,Andrew,,karensnow@henry-norman.com,999,(219)942-5981x528,2022-01-13
4612,Nicole,Campos,obailey@gmail.com,-1,309.283.0508,2022-06-22
4956,Rachel,,vanessa81@hotmail.com,999,001-543-876-5340x03992,not available
5815,Jessica,Cox,mcleanjessica@keller.org,999,+1-325-751-7735,2021-03-12
1119,Tracy,Brown,marystout@gmail.com,-1,001-899-696-4826x654,2020-12-26
8170,,Richards,jaustin@avila-gray.org,999,+1-245-606-9828x4949,2021-12-22
9186,Paul,Martin,lisa18@reid.biz,999,,2022-04-03
9502,Crystal,,mary76@stout.com,77,001-745-355-5981x8023,2022-02-01
3163,Theresa,Parker,,999,+1-929-560-0083x886,2020-11-27
6278,Sandra,Watson,scott95@rose-huang.com,-1,396.263.9073x617,2023-02-23
5352,Taylor,Ellis,austinjenkins@hotmail.com,-1,+1-555-249-4013x07214,2024-07-22
9948,Brett,Cook,horneeric@stewart.com,999,,2021-04-17
9153,Kristen,Ferguson,michaelthomas@hotmail.com,-1,001-803-541-1754x4566,2021-06-26
1003,Brandon,Kaiser,robert90@gmail.com,33,8808034315,2022-01-29
6658,,Scott,alexander08@gmail.com,999,879-514-2630x34792,2023-02-07
2198,Katherine,Williams,leeryan@scott.com,-1,001-169-997-4065,2022-08-06
8011,Molly,Arnold,hbennett@yahoo.com,999,(249)423-6838x102,2025-04-15
9848,Hailey,Whitehead,,-1,061-195-3779x46634,2022-05-17
5386,Jonathon,Jones,gabrielle49@reyes.biz,999,+1-648-513-9850,2022-11-03
1373,Lisa,Beltran,,-1,962.447.5977x1019,2022-05-31
2063,,Shah,bobby00@diaz.net,999,+1-600-909-4584x5859,2021-03-04
3099,,Gilbert,marygill@barton.com,999,058.255.2527x153,2021-01-05
8842,Jacqueline,Mclaughlin,anthony23@hotmail.com,999,+1-736-154-9116x90389,2021-12-07
9864,Caitlin,Miller,jasonbishop@gmail.com,-1,6911223988,2023-10-09
8683,James,Gomez,ibrooks@nguyen.net,999,365.225.4412x2929,2022-10-10
8790,Laura,Bryant,joshuakochgmail.com,999,(161)886-3154x386,2022-09-26
6222,Jerry,Clarke,jasminecunningham@gmail.com,34,(896)867-4825x09398,2024-07-08
5517,Bryan,Harper,brittany66@yahoo.com,82,001-469-710-6006,2022-06-11
7674,Cindy,Schmidt,dortega@mathews.org,999,+1-251-363-3193x6786,not available
8198,Brian,Golden,williamsphillip@gmail.com,999,944-385-3045x556,2022-11-05
5759,Christopher,Peters,,-1,605.920.0937x38034,not available
4603,James,Rocha,,10,080.283.0352,2022-12-21
2079,Eric,,haley52@gmail.com,52,+1-679-383-7334x5050,2020-11-15
8176,Deanna,Johnson,mcintoshlisa@gmail.com,999,+1-342-652-6734x3843,2023-10-21
2353,Kenneth,Cruz,aaronwilson@gmail.com,-1,+1-545-953-9424x0067,2022-03-22
7627,Sarah,Espinoza,debra32@evans.info,80,+1-568-505-2505,2024-07-30
1454,Hannah,Fuller,epalmer@yahoo.com,-1,+1-705-950-6730,2024-09-18
9822,Connie,Torres,cynthia47@holland.com,-1,474-856-2836x27927,2022-11-15
1416,Robin,Jones,ibowman@clark.com,-1,600.513.2793x146,2023-03-11
4757,Philip,Mccullough,robert57@gmail.com,-1,(360)845-3711x357,2021-08-08
8632,Lindsey,Farley,,-1,001-262-032-6106x484,2025-01-10
9792,Justin,King,reyessamuel@hotmail.com,-1,,2021-12-10
6075,Michelle,Sharp,michael72@gmail.com,999,0293455967,not available
9727,Joshua,Rhodes,,-1,+1-001-661-6674x5109,2022-06-03
2045,Patrick,Stone,tmorrow@hubbard.com,-1,188-276-9042x736,not available
3782,Wendy,Whitehead,njackson@gmail.com,999,(479)965-2650,not available
4800,Thomas,Shea,robert17@hotmail.com,999,886-750-1171,2025-03-16
1104,Pamela,Sheppard,rebeccawilliams@bryant.info,-1,257.137.4086x0849,2025-06-01
6198,Gabriela,Garcia,leblancalexander@yahoo.com,36,+1-272-673-0293x442,2020-10-31
8599,Travis,Smith,changnicole@hotmail.com,59,(794)601-2139x8328,2022-08-21
1392,Brian,Meyer,prichards@hotmail.com,13,+1-955-574-0882,2024-04-18
6387,Paige,Church,yhart@snyder.com,45,882-906-9481x5950,2022-06-03
8636,Steven,Steele,,999,0518525524,2023-04-25
6419,Kathryn,Flores,lewisrenee@griffin-chan.com,999,001-632-950-2955x1857,2025-03-14
1003,Kristen,,taramartinez@morgan-frazier.org,-1,614-595-5881x699,2024-03-22
4260,Doris,Floyd,,-1,+1-653-646-1512,2022-11-18
6145,Austin,Sherman,kschmidt@yahoo.com,65,+1-850-504-3732x63593,2023-09-11
4366,Leslie,Best,billybrown@lopez-greer.info,999,001-423-404-4194,not available
5315,Sharon,Smith,angela86@hotmail.com,89,341-426-5034x3070,2024-01-15
2183,Sean,Baxter,alexis86@adams.com,-1,978-846-4421x8744,2020-06-05
7812,Megan,Carlson,andrew29@brown-daniels.com,-1,0159411291,2021-04-06
7192,Jacqueline,Flores,alexanderjordan@yahoo.com,999,(283)032-0818x63691,2020-08-20
2517,Sherry,Moyer,jessica68@gmail.com,10,,2022-06-12
1506,John,Macdonald,,-1,470-493-3957x6938,2022-04-21
5383,Maureen,Morris,courtney35@davis-rowe.info,999,306-294-3674x9652,not available
1201,Victoria,Warren,colleenowen@smith.com,-1,690-437-1399x18028,2024-07-14
4094,Amanda,Yu,john69@mccarthy-wheeler.com,999,3432530471,2020-08-08
6262,Sharon,Burns,lsanders@hotmail.com,84,519-094-6958x582,2020-12-16
5690,Toni,Nelson,lucasnguyen@bruce.net,84,,not available
6544,Eric,Powell,courtney70@hotmail.com,999,0945260186,2024-05-01
2255,Amy,Cooper,rickynichols@yahoo.com,-1,638.726.4772x199,2023-06-17
1797,Seth,Hicks,drewthomas@cox.com,999,782-102-6029,2021-11-16
9095,Joseph,Ortiz,davisalisha@yahoo.com,15,(313)080-8748x542,2024-07-23
6834,Zachary,Davis,rayanthony@rodriguez.info,999,043.789.6692,2021-10-19
8519,David,Stevens,solisdavid@house.com,-1,169.362.8275x45498,2022-03-28
6252,Wendy,Boyer,mmadden@schmidt.com,999,(132)563-4811,2024-12-31
4236,David,Adams,kknox@sosa.com,999,001-398-511-3455x5797,2023-05-25
5836,,Hoover,ashley90@gmail.com,26,893.802.8959x61661,2023-09-05
1630,Jeffrey,Rodriguez,ghenderson@robinson.com,999,001-726-572-2553,2022-05-29
6818,Deborah,Fuentes,jason99@day.com,-1,+1-110-620-2424x736,2022-11-05
4587,Joanna,Martin,dylan19@hotmail.com,-1,3522955126,2023-02-08
6110,Melinda,Rice,,87,+1-089-779-4548,2022-08-17
2622,,Becker,maria69@williams-meyers.com,999,+1-746-709-6426,2023-10-20
2509,Daniel,Nelson,millerantonio@gmail.com,999,451.914.2408x757,2024-12-10
1839,Angela,Russell,lisa00@hotmail.com,999,502.544.8763x25424,2022-04-08
2504,Gary,Duke,emily88@barton.com,53,+1-147-013-4413x946,2020-06-20
4363,Cody,Newman,anthony83@yahoo.com,-1,001-931-433-8074x957,2022-10-13
5496,David,Williams,roger87@thomas-stevenson.net,999,822-335-1175x9541,2024-04-21
8614,Zachary,Lee,patrickgabriel@johnson.org,-1,549-035-8366,2023-10-17
2386,Ethan,Miller,,999,+1-097-566-3733x1030,2023-07-02
7964,Kathryn,Mahoney,hrobbins@mitchell-carroll.com,999,639.174.1656x53058,2025-01-02
7189,,,oneillalexandra@yahoo.com,999,001-045-908-9893x32573,2025-02-09
2217,Victoria,Brown,kevin56gmail.com,-1,001-137-571-7954x1362,2022-12-29
8791,Thomas,Parker,rosscrystal@avila.biz,32,292.403.4722x9266,2022-02-28
2445,Brian,Steele,aarondudley@solis-miller.com,-1,006.627.5732x70192,2023-01-22
9754,Ronald,Palmer,matthew46@hotmail.com,999,+1-669-092-8300x394,2020-10-13
8107,Debbie,,thompsonpaul@miller.com,66,(906)243-2393x493,2023-09-17
6182,Logan,Holland,brennanandrew@conner.org,50,(993)831-9936x0975,2023-09-11
2509,Eric,Richardson,brett71yahoo.com,53,+1-059-810-2027x925,2022-08-03
2413,Bryan,Martinez,murphydana@hotmail.com,42,+1-029-185-6021x23419,not available
7945,,Bell,tyler18@hotmail.com,999,568.535.4587x22904,2023-08-19
3223,Thomas,Blackwell,anna80@patterson-mckinney.com,-1,001-843-984-1042x7689,2021-04-14
8726,,Bennett,joseph48@jones.com,999,,2024-03-09
4597,David,James,barnesjamie@gmail.com,999,574-114-1536x65659,2021-12-12
4227,Jessica,Robertson,victoriaperez@gmail.com,57,3785505285,2023-11-17
1135,Brian,Carr,phancock@harrison.biz,17,001-177-585-0186,2020-10-20
6773,Gary,Cox,crystalgonzales@yahoo.com,82,(077)987-4257x1925,not available
4817,Robert,,mendezwhitney@gmail.com,999,001-659-234-5972x4754,2021-10-09
3654,,Booker,dustinshahhotmail.com,999,+1-015-661-3738,2021-02-23
7043,John,Jensen,vberry@yahoo.com,999,+1-969-392-0312x220,2020-10-12
6555,Alicia,Powell,william26@hotmail.com,-1,+1-813-537-9975x100,2024-04-15
7494,Kimberly,Payne,,-1,627-537-5959,2023-12-17
6822,Kelsey,Turner,keithjordan@gmail.com,-1,(873)184-8275x271,2021-05-25
7258,Michael,Hamilton,kaylarojas@yahoo.com,34,001-279-129-0014x5554,not available
8287,Sheri,Sullivan,,999,+1-448-579-9010x58415,2020-10-11
4674,Justin,Smith,wmalone@mcdowell.com,999,001-630-223-0870x81607,2023-01-26
1940,Jonathan,Chavez,ronaldbeck@hotmail.com,87,(176)449-4182x0343,2021-12-01
1218,Abigail,Smith,johnstoncolin@miller.com,47,001-200-680-3812,2022-06-17
7685,Rebecca,,lyang@gmail.com,63,,2021-07-11
8583,William,Hernandez,ibrowning@gmail.com,37,872.409.2586x3030,not available
1584,Mary,Scott,xsanchez@young-shepherd.com,999,140.851.1917x96775,2022-02-20
8755,Anna,Gonzalez,randallraymond@hotmail.com,999,001-626-161-3294,2022-08-12
2483,Sherry,Perry,,999,001-494-862-2582,2024-08-11
6689,Amber,Patterson,marshphillip@moore.com,73,+1-483-013-4236x7561,2022-06-04
9212,Alan,Porter,,76,448-145-0568,2020-08-04
8505,Tara,Brooks,melissa11@gmail.com,-1,776-482-5749,2022-07-25
9918,Larry,Rowland,justin44@hotmail.com,-1,620.886.9074x2655,2021-07-01
6427,Olivia,Evans,bdawson@yahoo.com,39,+1-413-505-6032x4911,2024-05-31
1003,Matthew,,wilsonlauren@jackson-sharp.com,14,001-963-011-6506,2025-03-05
3318,Kenneth,,veronica82@thomas.com,89,+1-994-164-6361x463,2021-07-08
9525,Barbara,Kidd,matthewbyrd@wise-weber.com,999,+1-617-676-1738x8557,2020-10-24
3003,Kathleen,,melissa82@murphy.com,78,+1-351-591-7443x650,2023-05-20
6787,David,Perry,anthonyrachel@hotmail.com,999,(382)874-3663,2021-08-17
1489,Nancy,Mcmahon,hwong@hotmail.com,46,(264)465-4802,2023-05-17
6231,William,,,54,001-955-253-7476,2024-12-23
6804,Lauren,Baxter,smithjonathan@gmail.com,999,,2022-12-11
7054,Chris,Lee,rodriguezkrista@watts-coleman.com,37,856.967.4273,2024-05-28
6000,Jacob,Love,csmith@gmail.com,999,+1-905-759-8129,2021-12-31
1003,Linda,Castillo,jacob35@huber.com,999,001-269-684-3826,2021-04-16
1958,Joshua,Goodman,wwright@gmail.com,999,+1-608-790-3612x30225,2024-11-14
6453,Gregory,Maldonado,jessicalewis@mcgee-watson.com,-1,020-904-7354,2023-06-09
1888,Jose,Garcia,elizabeth38gentry-clark.biz,-1,+1-116-203-0976x18569,2024-03-11
3022,Richard,Davis,kristenholt@hotmail.com,-1,(506)449-8833,2021-01-14
3264,Rodney,Mercado,,999,795-038-5982x85675,2024-09-05
4879,Ashley,Gibson,lisajones@james-marsh.org,999,129.230.4869,2020-09-22
4293,Andrew,Smith,john50@gmail.com,63,665.598.0955x9820,2025-03-12
7442,,Pruitt,aaron09@humphrey.com,999,001-743-194-0565x27680,2025-03-06
7935,Bonnie,Anderson,xcabrera@hotmail.com,-1,+1-364-430-2531x2911,2025-01-29
3336,Karen,,amandalopez@schroeder.org,999,+1-724-242-2432x404,2021-03-09
2054,Lori,Solis,raymond75@clark.biz,999,925-401-7097x021,2023-11-07
5123,Michael,Glenn,,49,9967091370,2020-08-11
6135,Laura,Black,thomas16@gmail.com,73,233.999.1546,2023-06-07
9875,Yvette,Williams,,14,144.247.5223,2024-01-19
5466,Kayla,Smith,michaelgomez@gmail.com,-1,045.494.6007x3251,2022-03-07
5724,Martin,Oconnell,kellywilliam@hotmail.com,999,438-517-1608x0755,2020-07-29
8841,Dillon,Flores,karenjones@bartlett.biz,-1,(439)370-5237x7366,2022-01-07
6974,Latasha,Vaughn,mfreeman@mckinney.com,999,138.936.9031x6215,2024-04-05
5868,Ashley,Williams,lharris@hotmail.com,999,+1-081-397-4792x8845,2021-03-09
3353,,White,jacobcasey@white.com,22,641.176.0044x4900,not available
7122,George,Adams,manuel15@hotmail.com,-1,+1-056-305-3712x3160,2024-03-06
7148,Alice,Patel,cadams@yahoo.com,-1,001-992-897-4582x6845,2024-08-08
2545,Nathan,Mitchell,escobarjeffrey@yahoo.com,999,+1-175-795-0260,2021-09-04
4075,Joseph,Peters,jarednunez@stewart.com,-1,,2020-09-10
4261,Cory,Tucker,vgriffith@haynes.com,999,+1-356-916-5081x730,2020-09-05
4204,Leah,Stephenson,jonathanmorgan@smith.biz,84,001-699-818-7771,2021-02-12
6390,Frank,Campos,justin63@adams.org,22,001-761-434-1686x2507,2020-10-31
7545,George,Gibson,craigstafford@gray.com,-1,001-596-562-8434x74329,2022-09-07
7633,Tonya,Romero,david06@kemp.com,30,333-471-9567x7040,2025-01-20
6576,Michelle,Hernandez,burgesswilliam@yahoo.com,999,,2021-02-27
1290,Gabriela,Gordon,joshua11@gmail.com,-1,(059)754-5068,2023-05-12
1085,Laura,Melendez,redwards@yahoo.com,-1,001-121-007-9141,2025-02-01
9278,Max,Arnold,kcaseygmail.com,999,001-348-614-9392x68523,2022-09-26
8392,Amanda,Harris,,-1,001-282-159-3740x085,2023-05-15
7640,Pamela,Sanders,finleywilliegrant.net,78,041-923-6874,2022-03-29
3886,Ivan,Hodges,blake30@gmail.com,-1,(648)510-0489x719,2024-09-06
6488,Regina,Martinez,rachel73@scott-blake.net,65,001-206-067-0525x8666,2020-10-27
3875,Jonathan,,michael95@gmail.com,18,7648590973,2023-10-03
8917,,Williams,tammygriffin@gmail.com,87,001-299-374-2878,not available
2782,Kristine,Crawford,john45@hotmail.com,-1,(485)642-4057x5322,2020-06-04
3618,Karen,Mora,,-1,157-023-5621x36693,2024-05-22
9561,Christine,Scott,mlewis@hotmail.com,-1,001-089-568-7056,2025-06-02
1003,Jason,Robinson,thomas83@yahoo.com,999,983.782.1889x699,2023-08-29
9667,,Mcgrath,cherylbryan@wood.com,-1,(187)007-4009x5803,2025-01-07
7716,Marcus,Stanley,foxhannah@gmail.com,-1,4090207920,2021-06-04
4015,Jodi,,rebeccaflynn@hotmail.com,74,423.835.6270,2022-04-26
8533,Melissa,Clark,olsonlisa@hinton.com,19,001-903-303-1179x90126,2021-04-12
2350,Rachael,Mitchell,iedwards@watts.com,999,972-033-7325x784,2024-09-29
3973,Angela,Williams,ricevictoria@gmail.com,999,131.461.2331x799,2024-09-08
5056,,Rojas,saraking@oneill-mueller.net,81,548-116-3003,2020-08-29
4471,Alexander,Davidson,mcclaindavid@hotmail.com,999,(883)289-1503x7554,2023-01-20
7163,Robert,Garcia,javiermurray@hardy.com,-1,701.262.6344x61004,not available
8492,Amy,Moore,,86,+1-556-738-4565x0111,not available
1955,Alison,Brown,arogers@gmail.com,999,,2021-03-10
2720,Brian,Rowland,joseph52@wallace.biz,62,168.912.1658,2024-10-28
5960,Joseph,Morales,gsmith@kim.biz,75,(178)525-1786,2021-05-11
6079,,,dawn35@gmail.com,-1,953-444-6662,2021-05-30
8806,Carolyn,Miller,qmiller@smith-smith.net,79,(204)792-1043,not available
1749,John,Ellis,amyjohnson@koch.com,-1,(867)617-0428,2023-07-11
9898,Cody,Bradley,wilsonjack@wallace.com,-1,(517)845-8137x3205,2024-03-14
1777,Ashley,Medina,ifletcher@arias.com,68,,not available
1003,Julie,Washington,langmichelle@gmail.com,37,(463)204-8189,2021-11-09
5100,Ashley,Hernandez,stuartandrew@gmail.com,86,(660)892-8716x3228,2021-05-20
5002,Renee,Meyers,davidmartinez@arroyo.biz,-1,756-290-2736,2024-11-06
9169,Robert,Ferguson,kellyharris@yahoo.com,12,+1-314-104-3974x14218,2025-02-26
2182,Daniel,,mary66@larson-walsh.com,999,301-571-1358x8286,2023-06-23
5594,Johnny,Bishop,millersusan@hotmail.com,999,+1-621-475-0049,2020-12-24
7957,Robert,Moore,alexander34@johnson-evans.com,999,+1-812-725-2738,2023-07-24
7332,Regina,Nelson,whorton@ortega-keith.com,999,7177796636,2023-06-22
3458,Jason,Walker,debbieyang@miller-blanchard.com,86,837.130.3602x16993,2022-06-30
7043,Jillian,Terry,daniel11@yahoo.com,75,8515249953,2023-07-25
8393,,Jones,rclark@yahoo.com,64,1362361002,2022-03-10
3007,Daniel,,powersshelly@gmail.com,48,,2023-06-11
8213,Alec,Williams,robert95@gmail.com,-1,052-800-2163,2020-09-24
1614,Erin,Turner,wanda56@yahoo.com,999,025.501.8113,2024-07-31
8171,Jennifer,Marshall,william62@gmail.com,87,(041)224-1821,2022-07-10
2031,Cynthia,,john66@schroeder-knox.biz,41,2757430425,2022-05-21
2586,Brett,Bennett,fhernandez@yahoo.com,999,,2024-10-10
1003,Ronald,Joseph,corymeyer@mcdonald-frye.com,999,,2021-03-16
5488,Amy,,jonathan03@may-sanders.com,999,345.854.4079,2024-07-22
3907,Wendy,Payne,bking@davis.info,-1,001-638-462-7829,not available
5229,Daryl,Long,cmacias@hotmail.com,21,(306)464-0887x174,2024-01-30
8315,Erica,Taylor,whitakerglenn@fritz.com,999,1807038511,2021-06-21
2349,Zachary,Hayden,nperez@lewis.com,-1,,2021-06-08
4891,Denise,Sherman,tlawrence@trujillo.org,999,(927)594-2738,2022-08-15
7038,April,Mcgee,caseycox@hotmail.com,22,,2020-06-29
9526,,Lopez,turnerkeith@yahoo.com,-1,+1-353-976-0655x13441,2022-12-25
3341,Desiree,Evans,qchristensenharrington.com,999,537.898.9731x481,2024-01-15
1003,James,Bell,ewashington@santiago-hunter.com,-1,062.428.0207x236,2023-06-05
6035,Anna,Cherry,walkerjeremy@gmail.com,23,828-647-2617,2021-05-10
2090,Jeremy,Tanner,ernestball@yahoo.com,999,361-939-5485,2024-06-16
7841,Tammy,Duncan,robynreed@gmail.com,-1,443-648-6717x24592,2020-06-22
8336,Christopher,Brown,angelicavincent@gmail.com,999,609-843-3059x3641,2025-01-17
3088,George,Diaz,smithmichael@gmail.com,-1,676.309.9626,2023-12-21
4986,Susan,Johnson,steven12@sandoval-wiggins.com,999,969-679-5479x14658,2025-01-17
5918,Charles,Mcknight,brenda78@gmail.com,12,+1-632-113-8540,2025-05-31
7833,Holly,Jackson,sally52@james.net,-1,2103277294,2025-05-28
4843,Anita,Harrington,nhernandez@jenkins-todd.com,999,790.205.8368,2021-03-31
4329,Mallory,Cortez,keithmorris@joseph.com,47,(989)194-2590x735,2025-05-09
2723,Michelle,Robinson,gonzalezrobert@hotmail.com,999,,2020-06-16
3077,Gregory,Montgomery,rmassey@knight-meyer.com,999,(105)928-1579,2022-04-26
5866,Phyllis,Robertson,mstone@frazier.com,999,735.772.1417x417,2022-06-19
3605,April,Medina,david62@morris-webb.net,88,(542)114-9638,2021-01-05
7085,Amy,Coleman,hdaniels@gmail.com,999,001-157-975-7459x18513,2023-11-29
9926,Jennifer,Garcia,jody39@scott.com,999,480-813-8105x716,not available
5762,,,,75,+1-321-633-6156,2023-08-07
7595,Andrea,Young,hayleythomas@gmail.com,-1,249.431.4888x8870,not available
6203,Melinda,Stewart,steven00@hotmail.com,35,(862)003-7696x8540,2023-06-14
2183,Michaela,Myers,psimmons@miller-johnson.org,-1,0355172671,2024-05-10
7405,Jeremy,Figueroa,tdawson@yahoo.com,76,017.233.6694,2021-02-28
7773,Alexander,,hcannon@howard.net,-1,(831)699-8682x0883,2021-08-18
1308,Scott,Gonzalez,timothy28@yahoo.com,26,+1-488-104-8404x962,2020-11-27
1190,Kevin,Stanton,ljacobs@harrison.net,999,(522)976-5332,not available
5665,Jason,Avila,rsims@hotmail.com,-1,(197)307-8512x744,2022-05-03
1705,,Burgess,samanthasanders@welch.com,999,001-967-548-7343x731,2020-07-17
9200,Jody,Rivera,ajohnson@fields.com,-1,001-989-760-9601,2020-07-30
1612,Victor,Romero,jennifer90@yahoo.com,-1,934-200-4273,2022-08-28
3325,Timothy,Carpenter,crawfordmichael@richards.com,-1,001-900-218-4427x28877,2022-04-11
6007,Brent,Campbell,,63,+1-268-896-5120x601,2024-12-30
8221,Bonnie,Turner,slopez@miller.com,78,001-063-755-1571,2024-09-29
3585,Dennis,Bishop,tellison@gomez-jones.org,68,,2025-03-31
7562,Ryan,Callahan,hesskaren@ellis-bolton.com,43,(572)461-3927x4232,2024-12-28
8763,Gregory,Fritz,tjones@hotmail.com,999,0059408991,2021-03-12
1392,Brian,Turner,rickbrown@yahoo.com,999,269-111-1308x042,2021-08-23
2899,Rachel,Harris,morganjohn@yahoo.com,-1,+1-516-707-2450,2022-11-04
2496,,Burton,wesleyscott@hotmail.com,74,,2021-04-20
1673,Charles,Rogers,rubenjackson@yahoo.com,999,165.636.0896,2023-04-29
5900,Aaron,Davis,fdonovan@hotmail.com,44,647.543.2746x1572,2025-03-06
6112,Andrew,Watson,tamarasmith@lee-hernandez.org,999,355-320-4027,2024-04-20
1003,Jonathan,James,mooregary@yahoo.com,999,+1-245-349-2706x769,2024-11-19
9562,Amanda,,francopatricia@ellis.info,-1,558.414.2493,2024-05-04
5145,James,Sosa,,-1,001-536-440-1447x122,not available
4587,Teresa,,ellisonjacob@willis.com,999,137-474-3476x7288,2024-11-29
9021,,Foster,petersenrichard@wright-morales.com,-1,990.084.6094,2022-08-01
3124,Lindsay,Griffin,,49,1118672837,2024-03-22
3479,Vanessa,,brownjames@yahoo.com,-1,369.144.8518x762,2021-01-22
1590,Jason,Morse,wallermichele@gmail.com,999,+1-621-576-1045x66490,2024-06-28
1083,Wesley,Dixon,kchurch@williams.com,27,,2024-03-23
7781,,Fuller,stacy39@wilson.com,999,5558041903,2024-05-18
9674,Matthew,Orr,ochambers@zuniga-roberts.com,999,(804)856-8716x70801,2020-10-19
1003,Nathan,Richardson,,-1,861-485-4973x998,2025-04-24
1740,Linda,,timothystevens@gmail.com,999,+1-378-584-3422x36764,2023-07-30
9023,Anna,Diaz,sbrown@ponce.com,-1,002-614-8805,2023-09-04
5790,Christine,Erickson,ccain@herrera-james.com,76,439-032-7696x303,2023-09-30
3065,Kelsey,Jackson,kristyshelton@adams-jenkins.com,999,5786493050,2020-09-26
5060,Abigail,Stevens,brian30gmail.com,999,001-793-739-8866x51166,2025-04-06
5485,Susan,Turner,johnsoncurtis@yahoo.com,-1,001-425-018-0178,2024-03-24
4884,Matthew,,xharris@hotmail.com,999,981.891.2499x034,2022-08-02
6926,Elizabeth,Medina,mcdonaldmisty@gmail.com,-1,121-714-2437x06579,not available
7196,Judy,,steven75@mcdaniel.com,69,053-338-1108x4871,2025-05-06
9278,Laura,Jacobson,yharvey@gmail.com,-1,723-241-2248x19083,2023-04-05
9561,Dana,Hart,martinezjoseph@yahoo.com,-1,(274)541-5915x01023,2024-08-03
3076,Olivia,Williams,ghernandez@soto.com,999,+1-762-386-1529x683,not available
6832,Christopher,Blackwell,,-1,884.391.2684,2024-01-14
3010,Colin,Barnes,ifletcher@stokes.com,-1,006.873.9906x38717,2024-02-07
6002,Julie,Stephens,thomas86@bryant-williams.com,82,502-069-2930,2020-12-16
1599,Dalton,Reilly,walshjoshua@yahoo.com,-1,001-143-960-7662x514,2025-03-25
6869,William,Anderson,barrymcgrath@yahoo.com,78,001-974-660-6408x409,2022-09-01
5908,Joshua,Trujillo,bakersummer@yahoo.com,-1,414.813.5940,2021-06-13
1544,Dawn,,jason87@yahoo.com,999,(408)657-5148x996,not available
8233,,Dyer,,42,001-937-3231x46194,2021-07-28
4043,Linda,,michaeldaniels@gmail.com,49,,2022-01-11
8025,Shaun,Greer,lawsontara@williams.org,70,820-198-1267x394,2021-05-20
9231,Neil,Shaffer,gilbertkristie@hotmail.com,999,+1-198-778-5133,2020-11-30
1428,Benjamin,King,melissajohnsonhill-lee.biz,-1,001-736-926-9794x542,2024-08-11
4799,Roberto,Roberts,rebeccaparks@patton.com,999,281.204.1682x782,2024-07-03
9526,,Kaufman,smitchell@adams-russell.net,999,001-980-752-0772x704,2024-11-08
4798,Haley,Smith,,71,+1-744-613-9528x4486,2021-09-06
7221,William,Webb,,999,+1-861-749-8771,2024-09-11
1987,Amanda,Miller,abrown@frazier.com,75,001-562-290-1221x21691,2024-05-24
3099,Adrian,Reynolds,carpenterjoseph@adams-woods.com,-1,+1-337-945-8173x827,2023-06-11
5881,Veronica,Lopez,mark69fischer-horn.info,999,(849)559-6187,2025-02-11
7496,Brandon,Brown,alyssajones@skinner.com,-1,(167)352-4140x9763,2022-07-08
7990,Nicholas,Ruiz,nelsonryan@berry.com,999,928-347-0179x1785,2024-07-13
9711,James,,,999,817-654-6036x89236,2024-10-24
9556,Travis,Davis,pamelaclark@yahoo.com,-1,,2024-11-17
3184,Patrick,Hernandez,qtaylor@foley.info,24,(537)192-3131x98741,2022-09-26
7840,,,kimberlyclark@stokes.info,-1,120.734.8413,2024-05-10
2045,Andrew,Rivas,russogeorge@hotmail.com,67,,2022-01-14
2728,Jeremy,Johnson,tgonzalez@hopkins.com,77,001-736-430-7230,2021-06-11
6894,Ellen,Oliver,donaldmiller@hotmail.com,37,001-357-519-1517x995,2022-10-13
2647,Jorge,Foster,skinnerkelly@yahoo.com,-1,353.998.5113x110,2020-08-24
1623,Cynthia,Cohen,gfowler@hotmail.com,999,(431)087-6847,2021-01-22
8740,Amanda,,emily03@hotmail.com,-1,642.178.3941x86877,2021-06-16
1376,Randall,Daniels,martinezamanda@perkins.org,-1,430.856.0806,2021-03-14
3143,Stephanie,Daniel,masondarryl@hotmail.com,999,548-214-7165,2024-05-15
7781,Lindsay,Luna,kclark@murphy-cook.org,85,029.734.1010,2024-12-26
1867,James,Andrade,fnicholson@allen.com,75,001-504-139-0343,2022-01-19
3479,Alicia,Jackson,fstewart@roach-briggs.com,-1,(672)478-6548x99732,not available
1286,,Walton,joshuacarson@pearson-dixon.com,-1,+1-266-961-2363,2022-11-12
6918,Benjamin,Walker,travishall@yahoo.com,15,+1-716-092-0370x88842,2023-08-17
8022,Tommy,Jenkins,cindycox@gmail.com,999,397-824-8821,2025-01-02
9067,David,,cristianholland@glenn.net,72,001-632-266-4973x242,2021-11-25
6308,Erica,Hayes,bradleyleonard@vargas-smith.com,-1,350.961.2539x830,2025-03-24
6015,,Craig,emily06@rosales.com,78,9244549359,2022-11-17
1171,Stephanie,Barry,powelldouglas@valenzuela.com,-1,407.577.6410,2020-10-23
4760,Tiffany,Roman,ksanford@simmons.biz,-1,001-128-491-5887x06084,2022-05-23
9262,Ryan,,tatenoahhotmail.com,-1,644.153.3628x9210,2022-08-31
6390,Jerry,Miller,yboyer@hotmail.com,41,698-593-5566,2022-02-02
9399,,,jmora@yahoo.com,-1,(077)834-4992,2023-05-04
1828,,,cbradford@gmail.com,999,722.631.9010,2020-10-23
9156,Jennifer,James,,-1,,2025-04-30
1189,Ashley,Jones,simsmark@murray-anderson.org,999,001-645-144-5338,2023-11-15
9861,,Olson,,999,+1-794-298-4010x247,2020-10-15
5710,Charles,Leach,phammelissa@alvarez.com,34,001-791-069-8315x1053,2022-05-18
6323,Beth,Chambers,heidithompson@yahoo.com,999,6062364658,2020-07-17
4175,Taylor,Odom,obrown@nixon.net,999,724.879.4392x413,2022-01-30
9984,David,Hays,,31,735-975-6047,2022-03-04
4733,Howard,Higgins,john10@mcgee-harris.com,-1,4400897342,2021-05-13
6380,Christina,Obrien,popejason@yahoo.com,-1,+1-386-021-3880,2022-08-15
8434,Sonya,Boyd,wallacewilliamhotmail.com,53,001-916-145-3452x7815,not available
7952,Ruth,Thomas,reneecarroll@yahoo.com,61,320.225.8906,not available
3623,Melissa,Williams,ujimenez@horton-vaughn.com,-1,001-216-745-2184x01910,2021-07-24
9937,Jon,Lee,courtneygoodman@yahoo.com,-1,610.362.9172,2023-01-23
6402,Angela,Hill,kaitlingonzalez@hendrix-russell.com,21,(393)099-1644,2025-02-12
9958,,Hale,devinforbes@gmail.com,18,001-390-051-1891x47716,not available
1003,Charlotte,Young,frankmay@knapp-alvarado.org,999,014.740.3829,2020-07-29
2041,Daniel,Nelson,fbrown@gmail.com,-1,,2024-03-07
8363,Kimberly,Chen,acantu@estrada.com,28,+1-854-314-7006x55795,2021-01-01
2145,Joseph,Campbell,bennettkimberly@holmes-baker.info,22,001-891-309-8057,2024-12-02
9304,Melissa,White,josephanthonyyahoo.com,30,,2022-10-29
3559,Charles,Smith,meyerjustin@robertson.net,-1,992.793.9885x947,2021-12-26
9738,Deanna,Turner,huanglaura@scott-lawson.info,-1,,2023-11-16
5870,Thomas,Carpenter,martinteresa@hill-taylor.com,999,119.518.1981,not available
3131,Robin,,moorerichard@zuniga.info,-1,183-850-9944x93826,2022-11-05
3419,Ruben,Rocha,jennifer85@douglas.com,999,001-284-808-2940x3517,not available
8936,Bradley,Garcia,michael62@miller.com,999,(327)239-8688x256,not available
9164,Frank,Jenkins,mullenlaura@hotmail.com,83,163.346.0203,not available
4124,David,Davis,zbrown@gmail.com,-1,(108)008-3552,2020-06-06
2300,Richard,,john94gmail.com,999,+1-375-790-4185x47774,not available
3658,Candice,,jillian97bennett-jones.com,-1,+1-428-515-7501x657,2024-07-06
2854,Robert,Randolph,,-1,001-230-782-4842x3511,2023-01-30
7294,Craig,Pruitt,halldylan@hansen-riley.com,51,+1-618-119-8781x97364,2024-04-01
7922,Denise,Carpenter,,75,8457760321,2021-04-27
7854,Robert,,krystalvazquez@arnold.com,-1,879-511-2699,2023-04-29
6403,Julie,Jones,bensonsamuelgmail.com,39,628.032.4337x501,2020-12-02
9702,Matthew,Dunn,ramosannette@gmail.com,-1,+1-697-776-1253x874,2023-11-08
7133,Amanda,Friedman,rhaynes@hotmail.com,47,(838)456-8110x8671,2023-12-25
2964,Shaun,Soto,christine83@gmail.com,25,+1-138-349-4999x35048,2020-08-29
1423,Anita,Leonard,randyrobinson@hotmail.com,42,170.540.5785,2022-06-27
4597,Natalie,Young,omiller@gmail.com,-1,438-011-8861x6703,2024-02-09
9725,Keith,Hoover,holly47@williams-barnes.com,-1,550.309.4964x6981,2024-09-07
3069,,Hess,matthewcortez@acosta.com,-1,+1-280-054-0651x9792,2025-01-31
9310,James,Kelly,griffineddie@yahoo.com,-1,,2021-03-07
4725,Stephanie,Rose,xpage@gmail.com,999,,2024-12-19
4489,Kevin,,jasmine93@kirk.info,999,001-424-439-9818x8921,2021-02-11
5396,Erika,Johnson,usanders@yahoo.com,999,038.236.7526x8924,2023-11-15
7667,Angela,Contreras,sarah15hotmail.com,-1,001-778-412-9876x93559,2022-04-04
5020,Shelby,Mendoza,alexandriaknox@ford.com,88,785-281-2445,2023-12-05
1003,Valerie,Johnson,briannaknight@hotmail.com,25,476.449.8519x0796,2022-04-13
6024,Monica,Taylor,tporter@gmail.com,-1,(944)979-8702,2022-09-21
9559,Tony,Chavez,dwilliamson@phillips.info,-1,937-171-1924,2024-06-03
1337,Monica,Whitaker,nwong@yahoo.com,29,9631331325,2022-04-24
1003,Christina,,angela67@gmail.com,999,,2022-03-14
3788,Nicole,Lewis,monique57@hotmail.com,999,800-970-3555x90720,2022-05-23
8411,Shelly,House,hughesjohn@richardson.com,-1,+1-540-131-6102x08072,2025-01-28
2771,Shawn,Powell,lauren90@eaton-white.org,59,1672605572,2023-03-25
5906,Dustin,Parker,omorgan@yahoo.com,999,158.540.8393,2021-02-28
8884,Kevin,,fadams@gmail.com,999,+1-066-755-8263x0313,2024-08-01
1419,Dawn,,dianahuff@yahoo.com,999,720.046.5478x4675,2024-12-09
4926,Kristy,Mejia,charles58@moore.com,-1,382-177-3295x2919,2020-06-25
7895,David,Dawson,jonesamanda@benjamin-edwards.info,16,7788630023,2021-01-14
5485,Shawn,,catherine19@hotmail.com,19,+1-293-615-0786x03805,2021-04-22
1906,Jill,Rios,jason31@gmail.com,-1,(128)147-9474x597,2022-02-05
8739,Brianna,Hayes,bdanielgmail.com,999,001-917-734-3527x9267,2022-12-07
5073,Emily,Murray,melissataylor@gmail.com,56,,2025-04-24
5117,Manuel,Davis,lisa37@palmer.biz,999,(495)027-6722x8607,2020-09-22
6257,Patrick,Finley,william83@gmail.com,999,600.754.8268x16257,2021-12-20
8550,Scott,King,hhutchinson@gmail.com,20,(682)120-0942,not available
4337,Tristan,,kerry81@fields.com,999,,2024-05-06
7815,Kimberly,Bradshaw,monicadudley@hotmail.com,999,,2024-10-20
5397,,Murphy,umaynard@hall.com,-1,001-913-055-3737,2021-07-13
8134,David,,jeffowens@thompson.com,-1,(035)548-9677x3056,2023-07-31
4466,Kelly,Vaughn,,999,664.399.1813x56761,2021-03-18
2744,Tracy,Martinez,pmartin@stephenson-cooper.com,999,322-796-6506x471,2022-10-24
9753,Douglas,Espinoza,jameslee@hotmail.com,84,678-392-9275,2023-02-04
4190,Alicia,Young,vguerra@torres.com,19,724-709-5809x310,2025-02-25
1003,Adam,Dean,cherylanderson@hoffman.com,999,,2022-01-06
6562,Stacy,Dawson,kbenjamin@davis.com,-1,(549)943-1061x723,2024-10-04
5306,John,Flowers,woodallison@yahoo.com,63,116.251.0708x06712,2020-10-16
1003,Adam,Lopez,mccarthydestiny@jones.com,-1,(381)022-2796,2024-06-11
1817,Arthur,Richards,khughes@yahoo.com,-1,,2024-09-12
3127,John,Walls,ustewart@gmail.com,999,,2021-05-28
5854,Derrick,Hernandez,cannonjessica@salas.com,999,741-537-2894x5947,2022-09-18
3764,Steven,Zuniga,oscarreyes@hotmail.com,18,4923494549,2020-11-19
1003,Kimberly,Hill,ericramos@smith-white.com,999,+1-309-963-2124,2021-07-25
5752,Robert,Ryan,ryan04@hotmail.com,-1,001-634-108-7097x33819,2022-01-18
9305,Matthew,,jordan43@black.info,999,7463307559,2022-06-29
9506,Kathryn,Campbell,mark84@hotmail.com,54,,2023-05-04
7501,Kyle,Arias,thomas73@hotmail.com,999,+1-268-999-6587x63205,2020-06-09
8167,Victor,Wang,gregory66mccarty.com,32,285.003.6790,2024-02-08
2710,Daniel,Brown,tterry@gmail.com,31,(384)892-7143,2024-01-10
8376,Meagan,Ferguson,gordonflynn@yahoo.com,-1,400-323-9414,2024-01-15
9403,April,Tucker,nancy45@brown.org,20,001-253-303-8056x0234,2024-10-13
3945,Betty,Carr,gonzalesjohn@williams.com,-1,001-595-565-7961x71408,2022-06-17
9052,Nicole,Ali,carlos19@flowers.com,-1,+1-268-425-3476x57555,not available
6380,Brittany,Page,fjenkins@torres.com,999,+1-793-680-8215x53900,2022-08-22
4918,Andrew,Martin,adamslisa@yahoo.com,29,001-995-315-4941x74572,2022-11-04
5169,Deanna,Stephens,hgarciaclark.com,999,+1-261-756-5930x9070,2020-11-06
4985,Nicholas,Jackson,candace28@olson.biz,-1,001-543-685-3589x102,2024-10-11
5113,Jacob,Ruiz,victor18@taylor.com,72,+1-218-653-1162,2025-01-17
5607,Joshua,Miles,velezmichael@washington.com,69,+1-522-762-7201x887,2020-12-09
5060,Edward,Ellis,rreeves@harris-rice.com,19,+1-515-955-3272,2020-12-16
5822,Amanda,Martinez,harriswilliam@hotmail.com,999,,2021-05-05
7643,,Ortega,heatheralexander@hotmail.com,-1,9229194462,not available
9541,John,Farrell,rebeccagarcia@day.com,-1,822.733.7439x581,2022-01-06
4998,Jesus,Baldwin,jbartlett@leon.com,-1,001-986-046-0484x65437,2021-08-18
6282,Joseph,Hart,umiller@solis.com,-1,(994)062-7558x1297,2022-11-06
3545,Kyle,Khan,kristine36@larson.com,30,190-153-3593,2024-05-27
9260,Michael,Reynolds,rowens@hotmail.com,59,692-703-4390x9423,not available
9049,Connie,Johnson,bheath@petersen.com,65,+1-474-238-9216x9782,2023-01-12
9176,Frank,Gonzalez,eevans@sanders.com,-1,344-249-4732x506,2023-03-04
5425,David,Raymond,mark23@hotmail.com,999,001-165-143-5106x26496,2022-08-27
2759,Janice,Price,randrews@reyes-walker.com,999,+1-191-575-6113x3034,2024-03-30
4043,Kevin,Orozco,robbinsclifford@barber.biz,-1,989-310-0108x83326,2021-04-18
2418,Dylan,Williams,mitchellcraig@hotmail.com,999,(208)269-0779,2022-02-14
1417,David,Ellis,matthewsullivan@hotmail.com,29,822.389.4120x2029,2021-06-26
5321,Sarah,Brooks,treynolds@hotmail.com,999,(768)817-5789x859,not available
3779,Kristen,Wheeler,jasonlong@gmail.com,999,131-184-6569x9309,2021-07-15
2604,,Sims,heathercook@green.net,-1,339.498.4316x048,2021-05-26
6778,Nicole,Price,,-1,,2023-05-23
6645,Jeffrey,Durham,quinncherylramos.com,52,+1-865-789-9986x506,2025-02-17
1003,Mary,Garcia,brooksstephanie@gmail.com,-1,566-845-2470,2022-05-07
1184,Judy,Norton,derek87@bennett.info,41,(262)163-3461x418,2025-01-19
4087,,Bates,tonya73@hotmail.com,25,,2024-02-10
8995,Kelsey,Holder,nmcbride@yahoo.com,-1,001-831-846-3499x54341,2021-03-05
9675,Jessica,Harris,bmunoz@gmail.com,999,6762452468,2024-03-17
4420,Travis,Robinson,joneslauren@gmail.com,-1,(893)334-6685x7624,2020-12-28
2632,David,Gonzalez,bryanrodriguez@gmail.com,999,443-331-4696,2024-07-06
6056,Shannon,Allen,williamserica@hotmail.com,23,+1-814-977-2078x06155,2022-06-06
3879,Paul,Morgan,jennifer59@spencer-smith.com,29,(842)825-7766x089,2022-10-08
1346,Brianna,Cooke,jtaylorhernandez-frye.info,57,663-250-2480,2022-05-22
2070,Karen,Stephens,kandersen@hotmail.com,-1,001-401-606-3051x48204,2024-04-16
8841,Laura,Ellison,markhall@fisher-combs.com,999,303-528-1666x374,2024-08-02
2895,Cynthia,Harris,langkaren@strickland.com,-1,742-770-7012,2020-12-20
7701,Emily,Rangel,lnoble@yahoo.com,999,+1-414-608-3183,2022-12-30
4854,Valerie,,tbrown@gmail.com,19,(126)180-0516,2024-12-29
8229,Jonathan,,nmccoy@glenn.biz,999,4013813956,2021-01-14
6532,,Herrera,rachel30@yahoo.com,999,001-882-467-9637,2025-01-07
2181,Christopher,Pugh,christinenicholson@gmail.com,28,446-200-5220x871,not available
6169,Chris,Miller,smithalexander@callahan.com,57,,2024-08-22
4347,Jackie,Gray,matthewevans@stein.com,43,941.306.6236,2021-04-19
2091,,Carr,oliverjames@osborne-parsons.org,24,(971)933-2993x014,2022-06-17
9692,Steven,,david66@marshall.com,999,861.610.5253x8510,2021-10-03
1185,Stephanie,Rasmussen,clarkdesiree@hotmail.com,999,+1-663-980-9318x319,2024-09-08
1829,,Evans,kristinarangel@austin.com,999,528.500.2232,2022-08-20
1450,Timothy,Floyd,herreramatthew@hotmail.com,999,125.482.8779,2021-05-02
3225,Christopher,Peterson,slynch@gmail.com,22,001-508-925-3442x093,2024-08-18
2850,Olivia,Everett,kimberly12@gmail.com,80,001-529-253-0435,2024-07-18
6819,Steve,Small,annamccoy@bell.com,999,344-923-0510x2563,2022-08-30
8543,Stephen,Vasquez,tamara34@petty-small.info,77,224.324.0661x8819,2024-04-23
6183,Brenda,Hunt,hoffmanashley@gmail.com,48,001-577-490-7133x322,2020-10-10
4701,Emma,Newton,,999,001-561-002-5864x245,2023-11-07
4779,Joel,Curtis,emilysanchez@gmail.com,-1,7003012852,2023-02-17
2574,Cheryl,Cardenas,derekgrimes@yahoo.com,51,+1-536-955-3834x05248,2021-05-26
5133,Robert,Hoover,johnwelch@yahoo.com,-1,,2023-11-04
2346,Amy,Gardner,stephen19@diaz.com,999,097-518-0915x180,2023-03-10
3025,Andrea,Taylor,gloria31@barnes-patterson.com,-1,001-419-831-2316x53520,2021-11-22
3519,Steven,Welch,jkrause@gmail.com,73,230.365.6242x298,2025-01-04
4952,,Bowman,zquinn@hotmail.com,81,+1-174-238-8837x5224,2023-02-06
1003,Erin,Moore,jeffreyjensen@yahoo.com,999,687.069.4996x9417,not available
7297,Joshua,Hansen,jason67@lyons.com,79,(242)609-6822x8091,2023-02-27
9529,,Oconnor,andrew19@gmail.com,-1,850-190-9737x28921,not available
4621,Dominique,Hill,jamie20@gaines.info,999,,2021-02-07
1506,Alexis,Perez,kellyjones@yahoo.com,999,793-805-5191x127,2022-07-04
2952,Johnny,Harris,shawnameyers@yahoo.com,-1,400-281-3999x828,2021-10-15
3360,,Williams,kellymorris@webb-nelson.com,999,770.611.4490x9655,2024-12-03
4464,Debra,Lloyd,pricesarah@gutierrez.com,71,(666)517-5405,2024-06-27
5403,Claudia,Watts,morgansantos@hughes-mccoy.com,45,(573)150-1382,2021-10-30
6153,Kimberly,Allen,johnsondebra@alexander.biz,-1,865-862-1102,2023-05-12
2704,Claudia,,simpsoncody@johnson.com,999,047.950.8950x800,2020-10-20
6037,Kayla,Powell,danielmcclure@roach-walker.info,46,001-433-666-2805,2021-10-02
2571,Jessica,Matthews,aarontorres@hickman.com,-1,001-671-467-8419,2023-11-12
8395,Eric,,cainmichele@hotmail.com,-1,(021)917-4569,2022-09-22
3273,Michael,Flynn,pdaniels@hotmail.com,60,001-289-716-6085x04682,2021-08-30
9862,Jaclyn,Lowe,amanda48@buck.org,999,001-869-055-3009x3005,2022-01-06
1029,,Green,bonnie23@moore-waters.com,999,669.735.4702x386,2022-05-18
1003,Renee,Blake,andersonluis@henry.com,999,297.496.1428x78172,2022-01-11
9169,Veronica,Ortiz,rebeccamartinezsteele.biz,32,,not available
7160,Kimberly,Hernandez,tiffany56@anderson.com,67,+1-270-983-1115,2021-05-15
3349,Christina,,,59,019.623.9998,2021-07-17
7807,Christopher,,melissa50@gmail.com,25,+1-253-885-0094x110,2020-08-30
3987,Jill,Ryan,natashaswansongmail.com,22,001-821-072-3456x763,2022-03-13
1008,Debbie,Dillon,rnelson@carter.org,18,707-325-4215,2025-05-30
7130,William,,ogarcia@rodriguez.biz,999,602.148.7966,2022-10-01
6856,Michael,Boyd,gonzaleztravis@hotmail.com,-1,001-717-818-0460x4915,2020-09-26
1830,Michael,Fitzgerald,elizabethphelps@gmail.com,-1,141.921.4858x40250,2022-09-16
8615,,Lee,daniellelopez@hotmail.com,-1,877-081-1163,2021-11-24
9248,Monica,Hammond,hernandezmichelle@smith.com,999,(326)815-5186x00847,2025-02-13
8963,Angela,Proctor,ray18@gill-ramirez.com,45,001-015-416-2701x0799,2024-05-11
7489,Erica,Perkins,joseph83@hotmail.com,999,511-371-1675,2023-09-06
3793,Angela,Jackson,fullertimothy@yahoo.com,26,+1-200-367-2315x1656,2020-06-20
5406,Julia,Jones,rray@yahoo.com,-1,4261109489,2023-06-07
1103,Margaret,Hunter,frodriguez@yahoo.com,-1,146-407-7862,not available
6705,Angel,Johnson,deanlaurie@yahoo.com,999,001-574-068-4608x29568,2023-01-07
3612,,Garcia,john73@gmail.com,999,(338)471-3080x077,2025-04-03
6333,John,Reynolds,,999,001-997-945-4405x71913,2024-12-12
1327,Steven,Garner,ochoaamber@yahoo.com,38,113.375.3238,2023-09-08
6968,Heather,Cross,prattjennifer@wood-lee.org,75,001-075-289-0980x93816,2022-09-17
9664,Anthony,James,maxroberson@hotmail.com,-1,,2023-07-05
7203,Kelly,Smith,hollyblevins@yahoo.com,52,(834)997-6050x571,not available
9795,Brandon,Solis,danielcurtis@holt.com,86,,2024-05-16
1085,Jacob,Martinez,sarahortiz@joyce.com,999,,2022-07-30
1555,Valerie,Cameron,garciaamber@hughes.org,-1,873.845.1926,2023-08-27
7355,Sandra,Spence,ashleysmith@gmail.com,77,(591)065-2299x360,2025-02-15
9037,Michelle,Henderson,hpatterson@gmail.com,30,360.606.7136x343,2022-03-30
3887,Cathy,Williams,hoovercristina@webb.org,28,(828)928-6409x5003,not available
6911,Christopher,Morales,herreradonna@greene.com,999,,2024-03-16
1422,Todd,Henry,salazartyler@silva.com,10,340-957-8149x380,2024-01-04
1240,Stephanie,Mendez,jenna40@yahoo.com,999,001-357-556-5827x3213,2022-10-19
1077,Catherine,Ross,laurarich@peterson-baker.com,-1,+1-374-706-1808x8401,2020-11-22
4644,Sierra,Mullins,sarah00@martinez.com,-1,(234)597-4618,2021-11-18
8953,Tara,Brown,velazquezbryce@gmail.com,74,+1-913-903-7749x54142,2020-08-16
3920,,Rice,jordansteven@yahoo.com,10,,2024-03-06
8818,Joshua,Robertson,chelseahendricks@rodriguez.info,40,,2022-06-29
1003,Christopher,Richardson,juancarroll@williams.net,-1,(873)768-0904x78657,2025-05-27
1003,Mike,Sanders,jefferyswanson@hotmail.com,999,079-569-3723x946,2023-02-28
5987,Kyle,,slee@hotmail.com,-1,(205)964-4977x977,2022-12-07
8515,Stacey,Chung,ann19@hotmail.com,19,988-226-2725x930,2020-07-19
3619,Stanley,,fisherdavidflores.net,-1,418-132-8551x3567,not available
8185,Jill,Ayala,davidhughes@huber.info,21,293.315.8274x626,2024-12-15
1376,Cody,Simmons,kenneth09@davis.com,71,+1-635-655-7777x4437,2020-08-13
6374,Amanda,Curtis,mccartyjohn@hayes-benson.com,-1,464.079.9692x19245,2021-05-28
6043,Edward,Wood,andrewduffy@yahoo.com,34,001-369-390-5103,2024-09-04
1003,Theresa,Vance,jasmin62@mooney.com,68,+1-385-490-0556x45237,2021-09-28
6452,Ian,Ramirez,dhull@anderson-simpson.info,-1,(510)551-3536x06827,not available
5435,Adam,Sanchez,qvasquez@holland.com,26,(062)024-5679,2020-06-30
3751,Neil,Clarke,burtonlonnie@rivas.com,-1,+1-166-830-8179x88657,2023-05-09
2143,Jacob,,dvargasgmail.com,51,5540433515,2024-10-03
2951,Jennifer,Hudson,davidmoore@osborne-villanueva.com,23,319.794.9114x38357,2023-05-22
2254,,Olson,,-1,(615)121-8479x210,2023-04-24
4724,Samuel,Bruce,johngonzales@hotmail.com,999,051.749.1774,2021-03-08
5533,Matthew,,triley@yahoo.com,14,+1-750-563-7740x345,2021-08-23
8578,Jasmine,,nathaniel74@yahoo.com,28,,2021-02-15
8098,Brittney,Johnson,myersbenjamin@yahoo.com,999,001-661-017-1334x33514,2023-06-30
9970,Zachary,Clark,kerrheather@hotmail.com,-1,(236)889-7370,not available
9632,Jessica,Ramirez,johnnylambert@skinner.org,47,405-248-7999x82737,2021-08-26
2785,Jasmin,Hart,riveraamanda@bryant.com,38,001-651-996-5304,2022-03-07
8897,Vincent,Wilson,,-1,+1-234-779-5234x331,2022-12-10
7101,,Villa,garciasavannah@gmail.com,36,139-948-1498,2021-10-01
6921,Elizabeth,Smith,gjefferson@chan.org,27,9906013141,2024-02-20
6448,David,Bartlett,oanderson@wright.biz,76,0742957078,2023-11-08
8522,Bianca,Roberts,peterbrown@yahoo.com,-1,(259)571-1698x202,not available
7304,Allison,White,lisa75@hotmail.com,-1,,2023-07-09
7254,Scott,Solomon,vincent02@miller.net,11,001-644-771-5440x368,2022-04-10
9775,,Jones,cynthia49@yahoo.com,81,,2021-07-30
5044,,Butler,susan97@vincent-frost.net,12,867-788-0346x942,not available
1628,Christopher,Meyer,james78@hayes.com,-1,258-775-3934,2022-07-08
9359,Gilbert,Fuentes,brittany32@trujillo-graham.com,-1,259.541.9548,2022-02-26
4589,Ian,Gibson,fbeck@gmail.com,-1,370-033-1430,2024-03-28
5122,Francisco,,gloriaturner@gross-miller.com,-1,(832)829-8173,2020-12-04
1267,Colleen,Allen,alexander18hotmail.com,-1,001-391-738-3529x02684,2023-05-18
2159,Julie,,kbrown@gmail.com,999,+1-499-252-9026,2024-09-16
2168,Javier,Lawrence,dannyweaver@hotmail.com,23,,2022-04-16
9062,Elizabeth,Mitchell,,999,001-962-926-6941x05792,2022-12-31
6543,Amanda,Knapp,aliciakaiser@hotmail.com,999,485.547.9623x0984,2022-11-14
7325,Ricky,Ramirez,patricia38@yahoo.com,42,,not available
8073,Michele,,ldelgado@yahoo.com,999,(032)435-9199,2025-04-04
6457,Travis,Matthews,kimberlybernard@hotmail.com,-1,010-061-7017x269,2023-02-25
4955,,Sullivan,shensley@yahoo.com,18,(293)792-8707x367,2023-11-29
1274,Michael,Ferrell,jamesjacqueline@gmail.com,-1,0845236831,not available
1003,Dean,Graham,matthewwright@gmail.com,80,(644)659-4360,2022-02-14
1242,Danielle,Smith,sheribennett@mccann-sanchez.com,72,+1-346-528-8237x643,2022-09-23
3984,Jessica,Castro,zmueller@obrien.biz,-1,(727)549-6411x9492,2024-05-22
6271,Robert,Griffin,lstevens@acosta-jones.info,64,002-426-8990x29207,2021-01-03
2894,Linda,Roth,wheelerstacey@gmail.com,999,074.866.2309x704,2024-04-03
8953,Anthony,Smith,nathaniel57@hotmail.com,-1,946-730-0846x96078,2022-07-27
1953,Ronald,Guzman,smithannette@gmail.com,999,(356)020-9728x182,2025-02-19
8146,,Smith,edwin44@gmail.com,47,+1-849-354-4451x466,2023-09-10
3075,Megan,Hines,brownolivia@hotmail.com,25,086-277-5926x06899,2020-08-28
1172,Steven,Gonzalez,lvelasquez@yahoo.com,-1,001-823-174-1078x101,2022-10-10
8726,,Brown,christinecunninghampena.com,-1,143.542.6360x9873,not available
5249,Melissa,Case,michaeltownsend@nelson-morgan.net,999,(924)972-3540x110,2021-08-08
6202,John,Buckley,jodysullivan@gmail.com,999,,2021-07-25
8871,James,Rose,,58,001-354-319-2818x0615,2023-10-31
9751,Michael,Reeves,jasminetaylor@mcmahon.com,999,(028)821-8200,2021-06-29
8795,David,,bobby23@gmail.com,-1,(715)809-5617,not available
9062,Elizabeth,Harris,danielsutton@taylor.info,-1,(486)795-6234x4446,2024-12-04
7357,April,Bruce,bryan52@gonzalez.com,999,989.202.7410x77630,2022-09-19
8517,Jacob,Cannon,john34@ross-alvarez.com,999,+1-627-392-1293x268,2024-04-03
2357,,Collins,,-1,+1-810-959-3652x512,2024-07-30
9134,Katherine,Hansen,collinskelsey@hotmail.com,61,,2024-05-15
1369,Jeffrey,Wise,ggriffin@gmail.com,-1,(920)620-9820x260,2022-09-25
4309,Judy,Pineda,,61,(379)600-0663,2022-05-04
1929,Douglas,Jones,grahamlee@hotmail.com,12,,2024-08-09
1013,Kendra,Best,harrisjohn@gmail.com,999,,2022-03-13
1383,Samantha,Delacruz,rachelgilbert@moss.com,-1,023.884.5713,2021-02-26
6825,William,Armstrong,lbrown@williams-vaughan.net,-1,493-904-0485x54042,not available
7229,Maria,Coleman,gregory94@mullins.com,999,161-125-4711x929,2023-10-08
3242,,Nguyen,theresathompson@yahoo.com,-1,(522)033-2157x5426,2024-01-04
7651,Samantha,Carter,hmcneil@gmail.com,56,,2021-06-08
2310,Scott,Wong,mary21@hotmail.com,-1,481.065.4812,2022-07-10
2347,,Conrad,ochang@avila.com,999,9886957755,not available
5024,Amy,Smith,timothy50@yahoo.com,-1,001-659-957-4592x01942,2025-04-11
5420,Charlotte,,louiscummings@lopez.org,10,(424)300-9629x993,2021-10-08
2913,William,Fernandez,montgomeryjoshua@sparks-robertson.com,999,641-178-7733,2023-02-27
6620,David,Martinez,iodonnell@hernandez.com,-1,727-034-5757x733,2023-08-11
9235,Monica,Williams,ymccann@duncan.com,999,6084149245,2021-12-10
4553,Brittany,,cassandra85@hotmail.com,999,+1-674-101-9066x36579,2021-09-03
5973,Samuel,,nicholas00@espinoza.com,88,001-762-358-8698x9894,2024-11-23
2980,Michelle,Cooper,fisherjavier@baxter.com,26,001-339-341-0079x5819,2020-09-16
5558,Tina,Becker,amy41@conway-gill.com,-1,820-586-1219,not available
2896,Amy,Webb,ssavage@gmail.com,999,2290390875,2022-06-25
5824,Kathleen,Bird,cartermichael@whitney.com,84,+1-137-396-9782x5279,2024-12-29
4183,Jessica,Stevens,brownhayley@yahoo.com,82,,2024-12-09
9285,Patricia,Summers,tshort@yahoo.com,999,200.035.3617,2024-10-30
9145,,,gdavenport@garcia.com,999,+1-384-735-0517x8254,2023-09-22
1784,Tiffany,Pratt,gwhite@baxter.info,999,(510)532-8435x483,2025-05-16
8302,,Flores,erinsmith@gmail.com,999,(974)714-5497,2024-08-17
1070,Anthony,,,50,001-658-324-1951x42908,2025-01-20
6357,Keith,Johnson,sarastark@gmail.com,999,343-309-4149x186,2021-02-12
6076,Paul,Woods,theresa63@nunez-reed.com,39,,2024-10-15
6234,Luis,Anderson,gary24@yahoo.com,999,(446)367-3447,2022-06-19
7322,Joseph,,beanjennifer@hotmail.com,999,482-829-4328x8113,2023-03-19
4457,Larry,Perez,gharding@castillo.com,999,(861)772-2855x2758,2023-08-16
6999,Kelly,Ortega,garnercarmen@yahoo.com,-1,,2024-03-26
5119,Amanda,Schwartz,grahamamy@ross.com,63,001-780-016-7551,2023-08-20
1003,Joseph,,molly05@gmail.com,-1,(466)045-6778,2022-10-18
2775,Tammy,Ray,kevinshepherd@yahoo.com,11,+1-981-881-7742,2022-11-19
3690,Joseph,,ikirby@hotmail.com,999,001-203-594-4411x5100,2020-12-31
9516,Edward,Johnson,brandonrodriguez@brooks-contreras.biz,-1,(291)646-2437x066,2023-04-29
7838,John,Griffith,stewartbrandon@gmail.com,-1,893-808-1678x7260,2022-07-19
4317,Yvette,Lane,lisa85@dickerson.com,78,8234501271,2024-12-18
9810,Rachel,,mirandaleon@davies-robinson.com,72,329-275-6593x556,2022-02-24
3787,Richard,Lowe,,999,576-694-0301x4394,2024-12-31
6356,Vanessa,,fstevens@thompson.com,65,850.855.3264,2023-10-22
8135,Katherine,Ford,baileysandra@martin.org,62,,2023-10-25
4701,Rebecca,Garcia,michellewallace@wilson.com,999,001-144-545-1033x5867,2021-09-10
1003,Courtney,Garcia,edward66@yahoo.com,999,,2024-06-23
3369,Elizabeth,Alexander,brian01@hotmail.com,54,479-724-3878,2020-11-20
2166,Stacey,Murray,billy92@yahoo.com,-1,456.194.3551x038,2020-12-17
5027,,Howard,jamiemcconnell@gmail.com,61,175.635.7062x818,not available
7003,Richard,Black,klane@pearson.info,66,6666579856,2024-12-14
8835,Sabrina,Nelson,alejandrastrong@hotmail.com,-1,+1-157-480-6301x862,2022-10-18
3729,David,Mcdonald,brownamy@hawkins.com,999,(032)209-9123x10842,2021-08-29
8540,Joseph,West,timothy21@young.com,54,(106)993-8518,2021-01-20
4428,Wanda,Larson,tracibrown@mcbride.com,-1,,2021-12-22
9288,Jay,Hill,andersonterry@brewer.com,75,138-343-2587x34377,not available
9959,Amanda,Anderson,umurray@chapman.com,-1,+1-311-250-0796,2023-12-23
6152,Raymond,Snyder,pwoods@gmail.com,999,(956)702-0928x89948,2020-09-12
8856,,Thomas,fernandezmegan@rodriguez.net,-1,5703268954,2022-11-03
2078,Michelle,Castillo,bakercody@gmail.com,999,639-409-6686x0209,2021-11-03
3515,Debra,Long,kaitlyngarciayahoo.com,999,147-161-1622x29567,2024-09-22
5354,,Francis,samuelorr@kim.org,999,,2023-03-12
9076,Kimberly,Dillon,maria09@hanson-baker.com,-1,+1-306-263-9982x960,2024-05-28
7703,,Farley,marissamyers@hotmail.com,999,(989)069-5650x0916,2025-03-30
6059,Chris,Murray,zcobb@davis.com,-1,+1-293-374-9866x2120,2021-10-16
2242,James,Craig,uclark@brown-harris.info,17,606-130-4619,2021-07-12
1022,David,Clark,stacy79@gmail.com,-1,001-600-128-4047x73215,2022-05-14
4376,Wayne,Moore,robinmcgee@gmail.com,80,1215649067,not available
4893,Michele,,patricia59@meyers-brown.com,999,210-386-5541,2024-08-01
5408,Debbie,Rogers,,31,(606)942-5074x45298,2025-03-17
3417,Bonnie,Watson,,48,(781)203-3215x29717,2023-11-09
2958,Samantha,Pratt,david27@hotmail.com,62,296-141-2760,2024-04-15
7550,Lisa,Robbins,leetyler@smith.info,-1,,2024-04-05
5465,Michael,Hobbs,john84@macdonald.info,-1,(852)624-5022,2024-04-16
3210,Louis,Petty,sarahreynolds@hotmail.com,999,(413)158-2391x8491,2025-06-01
4553,Heidi,Ortiz,stevensonpatricia@nielsen-scott.com,42,492-344-8429x61130,2023-08-11
3149,Cassandra,Wolf,kenneth66@hotmail.com,-1,855-553-8090x98308,not available
1003,Renee,Fisher,robin99@gmail.com,82,001-973-683-9962x4341,2022-05-12
6569,Melanie,,adamelliott@thompson-ruiz.com,-1,(460)063-4433,2024-06-09
3637,Melissa,Ryan,caldwelldeborahyahoo.com,999,001-994-675-9124x25134,2021-01-24
1953,Cindy,Meyer,rachelsutton@hotmail.com,999,+1-565-132-0250x891,2023-08-30
8115,Nicole,Moore,thomas11@nelson-ramos.info,81,813.874.5636x41698,2023-03-10
1003,,Phillips,aaronfoster@hotmail.com,999,072-377-1208x3734,2024-04-03
8798,Michael,Love,oharper@gmail.com,64,+1-699-498-2074x24750,2022-10-05
1312,Andrea,Griffin,regina59@yahoo.com,26,263.535.2079x02023,2023-02-19
3493,Erin,Williams,tiffanyarmstrong@hotmail.com,999,001-003-654-5119,2022-01-12
4253,Kevin,Horton,jamesbaker@hotmail.com,999,625-606-9248,2023-04-25
3882,Kim,Cooper,stephanieschultz@martinez.com,84,5896467313,2022-09-22
3584,William,Ortiz,villarrealvictor@ortiz.com,-1,+1-946-122-7205,2020-06-08
7633,Megan,Wiley,,75,183-212-8254x57520,2023-05-04
5505,Matthew,Smith,clarkrobert@yahoo.com,-1,001-548-249-2449,2022-10-23
1020,Melissa,Houston,wayala@hotmail.com,999,459.783.3745,2024-10-08
7646,Veronica,Todd,nicholas10@hotmail.com,14,001-804-925-0015,2022-09-01
2627,Jacqueline,Moore,kevin62@kramer.com,29,(366)683-0768x57647,2021-08-24
5873,Kenneth,Gomez,cameronvillarreal@yahoo.com,-1,+1-667-179-1790x4721,2024-02-04
9082,Charles,Collins,tannerstephanie@gmail.com,999,0476813210,2020-07-27
2507,James,Alvarez,mistylambert@yahoo.com,-1,623-782-7662x64764,2023-01-02
8298,Lisa,Johnson,parksbrendan@yahoo.com,999,(131)305-0945x69262,2025-02-17
7124,Meghan,Mathews,,-1,852-869-7988,2025-01-02
7140,Jonathan,Garcia,brian15@yahoo.com,-1,+1-636-908-4361,2023-05-17
6631,Evelyn,,stevensheppard@mcfarland.info,-1,428-347-9033x3067,2023-12-13
3905,Patricia,Johnson,jefferypeters@yahoo.com,-1,,not available
5497,Trevor,Stewart,louis77@hudson-smith.com,999,+1-114-824-1747x21117,2021-10-01
6105,Joseph,Norris,kristenhernandez@moreno-chavez.com,78,917.688.1674,2023-04-09
5715,Adam,Joseph,davisbenjamin@gmail.com,-1,,2024-12-16
3407,Stephanie,Figueroa,sanchezjasmine@gmail.com,83,(987)403-9062x503,2022-04-05
3563,David,Henson,malonemark@gmail.com,-1,001-503-370-5588x983,2020-12-13
8452,Angela,Rodriguez,lopezjames@king.info,-1,+1-419-742-1696,2020-09-22
5226,Jacob,,hunterlynch@hotmail.com,-1,(117)126-4404x16294,2021-05-08
7163,Christopher,Anderson,smithcharles@burton.com,-1,,2023-08-19
9527,Caitlin,Carr,pattersonstanley@barr.info,999,(864)691-3509,2025-01-17
2468,Craig,Barr,shawnmoralesgreen.com,-1,0761988298,2022-12-25
6939,Evan,Singh,jhorn@hardy.com,-1,+1-124-424-8863x9451,2025-01-02
1419,Joshua,Williams,sherigriffin@gmail.com,-1,270-573-4310x22827,2021-10-29
9039,Tiffany,Allen,reedolivia@hardy-moreno.com,-1,+1-301-355-6514x50512,2021-09-20
2963,Barbara,Harrell,tpatterson@gmail.com,-1,(324)575-3326,2021-07-29
3189,Anthony,Morgan,gonzalezsydney@yahoo.com,57,437-194-4854x32801,2023-02-26
3767,Caroline,,elizabethclark@gmail.com,999,328-293-7653x675,2022-12-29
8636,Matthew,Williams,rgreen@reyes.org,999,664.093.7089,2023-01-15
1003,Vincent,Williams,hmiller@hotmail.com,59,(507)356-6613x88148,2022-12-09
7830,Evan,Stone,justincollier@yahoo.com,999,1246362756,2024-08-09
6638,Christopher,Wilson,nathan24@willis-paul.com,999,712-258-4560x1703,2025-05-09
2563,Adam,Mendoza,heather80@powell.com,999,+1-231-553-6216x111,2021-03-23
2893,Madeline,Wilson,rebecca65@yahoo.com,48,001-139-915-2358x78600,2024-07-19
3742,Briana,Schultz,daniel49@best-goodman.com,-1,1546142141,2023-05-30
6515,Nancy,Jones,katelyn10@wu.com,-1,9966020580,2022-04-21
8644,Tracy,,davisleslie@hotmail.com,81,221.433.0732x466,2025-05-13
3178,Debra,Jackson,,999,4211532311,2023-06-22
9038,Kelly,Lopez,,69,+1-225-634-0082,2025-05-13
7476,,,tracyhess@rosales.com,-1,989-368-8877x5040,2024-03-02
5208,Andrew,Lewis,davidnavarro@lawrence-burns.com,-1,(980)670-5969,2023-03-29
8286,Barbara,Smith,mnguyen@hotmail.com,-1,562.389.9330,2025-02-24
8047,Robert,Barnes,eduardo15@maynard.com,999,965.593.9845x781,2024-08-29
2606,Barbara,Martinez,david47@gray-lloyd.com,-1,(081)160-5868x4628,2023-06-01
6427,Jacqueline,Holloway,rileykatelyn@mitchell.info,999,(339)812-9953x60336,2024-09-07
9964,Daniel,Hernandez,qfitzpatrick@miller.com,-1,+1-190-344-0512,2021-12-03
9856,Kevin,Smith,nking@hotmail.com,17,,not available
7126,Adrienne,Holt,,15,,2020-09-25
1542,Johnny,Wang,carolynarnold@hotmail.com,32,001-690-372-1308x2432,2022-08-25
5944,Blake,Casey,,-1,+1-689-848-2300x884,2021-07-08
8869,Kathleen,Green,agordon@gmail.com,999,016.520.2037,2022-08-11
2947,,Carpenter,johnbaldwin@gmail.com,-1,+1-007-654-5905,not available
1903,Jennifer,Rodriguez,corygill@gmail.com,54,637-622-1116x78847,not available
9413,Joseph,Brown,ismith@sims.com,999,001-798-707-7070,not available
1002,Bruce,Stevens,,61,+1-528-074-8492x860,2023-06-11
5035,Melissa,,edward14@gmail.com,999,,2020-08-01
7411,Judy,,williamcastillo@hotmail.com,-1,001-604-314-3003x620,2022-03-24
8098,Caroline,Price,khill@hotmail.com,999,(872)307-5737,2025-01-07
4249,Carrie,Bolton,qwilliams@osborne.net,-1,(773)348-2627,2021-01-12
7390,Douglas,Browning,zreynolds@yahoo.com,999,(190)811-9145x59514,2024-02-03
9340,,Johnson,qhayes@garza.com,21,474.552.3561x736,not available
7516,Sarah,Macias,vincent80@baker.biz,999,6900847214,2021-04-09
3827,Christine,,mccoythomas@forbes-russo.biz,22,(093)152-6839,2022-06-04
6785,Thomas,,jonesrhonda@torres-cooper.info,999,890.905.6216x393,2024-01-20
3958,Melissa,Thompson,samuel35@gmail.com,-1,4240366555,2022-10-30
9724,Cheryl,Johnson,kathryn91@kennedy-white.net,999,166-139-0261x144,2023-04-10
1151,Kara,George,,999,609-290-0331,2024-05-12
1991,Ryan,Chang,cohenashley@bowen.com,41,+1-517-227-3876x93370,2024-07-17
1506,Kristen,Wise,,999,(055)179-6055x455,2024-11-15
1003,Jacqueline,Oliver,oconnorpaul@bradley.com,-1,(329)767-5558x10720,2024-02-05
3902,Juan,Jarvis,ramosfrank@kim.net,999,001-932-628-0941x948,2024-09-15
2465,Brianna,Morales,rogerspamela@gmail.com,999,0950498197,2022-02-18
3138,Erin,,chrissmith@gmail.com,15,4513652368,2021-10-12
9850,Brandy,Lam,myoung@scott.com,-1,(314)369-7408,2022-06-07
1884,Patricia,Evans,brandonvaldez@yahoo.com,-1,(468)328-1053,2022-10-05
9238,Julie,Baker,ashleyklein@hotmail.com,76,001-585-837-3774x88296,2021-08-15
8767,Steve,,rebecca81@bray.org,-1,094.286.6684x3291,2020-10-27
1304,Gregory,Dean,jason35@martin-sherman.org,51,+1-939-937-5826,2024-09-01
1003,Tiffany,,ronniechristian@hernandez.com,999,(798)635-4642x715,2021-04-20
4153,Lisa,Brooks,,-1,,2022-11-01
8656,David,Page,patrick54@escobar-aguilar.org,999,(046)395-4966,not available
3734,Thomas,Hoffman,debra80@gmail.com,45,001-371-704-7905x85851,not available
6099,Michael,Blair,richardsoncarla@gmail.com,999,001-370-248-1849x4125,2021-01-11
8724,Joshua,Parker,mallory70@garrison-walker.com,999,001-624-197-6454x75339,2025-04-08
1133,Lisa,Elliott,mendozamichelle@yahoo.com,36,372.975.8957,2024-09-04
3761,Michael,Davis,merickson@yahoo.com,999,(160)757-3828,2022-05-02
4633,,Harper,lucasjames@gmail.com,-1,564-503-3477x63576,2022-10-01
1543,Carolyn,Hester,nancy27@frost.com,47,001-007-961-8773,2024-07-17
2003,Joseph,,,999,0433848288,2021-05-07
2259,Meghan,Hawkins,kramirez@mitchell.com,26,+1-672-849-3756,2024-03-18
7694,Stephen,Lane,blakegonzalez@barnett.net,999,126.145.6213x37610,2021-12-06
3356,Daniel,Smith,deborah90@hotmail.com,999,307-639-0339x0406,2023-07-26
7438,,Mueller,arielspencer@gmail.com,16,908.318.7817x89998,2023-05-26
4373,Sheila,Crawford,nataliehill@thomas-petty.info,999,+1-257-069-0147x7626,2020-08-21
7578,Carl,Martin,hensonlisa@lewis.org,48,(904)609-0523,2024-10-12
1500,Andrew,Perkins,odickson@yahoo.com,999,(422)846-1990x38310,2024-08-24
4989,Lauren,Castro,robertjackson@yahoo.com,71,(946)606-4181x866,2021-11-29
7466,Sheila,Wilson,greenjason@shah.org,36,001-544-613-4552x781,2022-12-03
6383,,,amandagreengmail.com,-1,+1-142-990-6280,2020-08-13
5510,Nicole,Perez,xcantu@bradshaw.com,38,(849)817-1395,2023-05-08
6201,Jonathan,Cooley,singhallison@olson.com,999,548.251.8319x70349,2024-02-07
7837,,Chan,norozco@gmail.com,999,043.329.8628x045,2023-08-06
6740,,Flores,karahenderson@young.com,21,+1-934-300-5115x4707,2022-06-22
9968,Denise,Norris,warddavid@hotmail.com,999,806.794.6691x69674,2025-04-24
7024,Christopher,Ellison,mmadden@kennedy-taylor.info,999,,2021-12-03
1002,David,Wagner,aaronbaldwin@rodriguez.com,18,626.246.0485x51010,2023-01-15
3251,Marie,Valdez,,999,(462)243-0983x782,2024-11-20
9351,Sylvia,Carter,amanda35@mooney.info,999,623.441.3981x5973,2021-08-23
8456,,Hays,kclark@hotmail.com,-1,,2021-12-20
3177,Mario,Hammond,ericaburnsyahoo.com,50,+1-102-431-4644x801,2021-11-01
5707,James,Hensley,samantha15@weber.com,999,001-423-391-2561x591,2020-06-26
8006,Pamela,Hunter,josephwilliams@hotmail.com,75,926.583.8848x995,not available
1003,Nicole,Fry,rhernandezgmail.com,-1,,2025-03-12
8142,Thomas,Cameron,jeffrey13@yahoo.com,46,749.538.2975x654,2021-05-24
2428,David,Mosley,kennedyjeffery@yahoo.com,-1,812.414.6484,2023-09-11
6973,Thomas,,marialowe@murphy.com,-1,764.368.4665x83999,2024-05-20
3902,Whitney,Pena,gfrazier@gmail.com,-1,821-985-7005,2022-09-25
1605,Christina,Hurst,,999,+1-156-870-3125x067,2023-04-10
1743,Jennifer,Moss,leahcarrillo@hotmail.com,-1,,not available
9378,Jamie,Clark,smithcrystalyahoo.com,-1,001-626-283-2836x06696,2023-12-24
5282,,Smith,michelle24@owens.com,-1,896-606-5931,2020-10-28
4456,Kayla,Walker,williamcortez@harris-ball.net,999,+1-280-485-7013x53989,2023-12-19
3190,Miranda,Neal,beanann@hotmail.com,-1,867.222.0285x20714,2023-04-10
3361,Rachel,Gonzales,richard78@parker.com,-1,,2021-06-08
9449,Debra,Campbell,whitegeorge@smith.biz,999,+1-380-495-4495x6991,2022-06-19
4151,Jasmine,Calhoun,mwillis@hotmail.com,-1,310.083.5566x6768,2022-04-05
2059,Rebecca,Copeland,jacobbrown@yahoo.com,-1,795.780.7873x97970,2022-08-26
6196,Stacy,Greene,haley69@sanders.com,-1,(592)782-4137x60113,2021-07-19
6441,Arthur,Johnson,steven54@gmail.com,53,792.199.0772x036,2020-12-18
7771,Emily,Hubbard,jenniferaguilar@hotmail.com,51,(431)165-8679,2021-08-16
9722,Cindy,Moreno,clucero@beck-rowe.net,999,,not available
5365,Emily,Powell,ayerskelsey@moran.com,53,(013)010-1646,2023-01-06
7220,William,Sherman,brenda32@yahoo.com,-1,+1-575-782-7519x430,not available
6879,Brian,Brown,doris13@woods-erickson.com,999,(216)575-4685x1163,2024-12-13
2206,William,Campbell,daniel34@lang-patterson.com,10,+1-229-901-1829x2161,2024-05-14
5338,Jerry,Norris,benjaminjenkins@barton-hunter.com,68,635-257-2632,not available
5118,Mark,Murphy,jasmine45@yahoo.com,-1,838-255-8455x49143,not available
8277,Robert,Payne,ywhite@berger-hughes.net,76,3590205056,2022-01-13
2174,,Blackwell,stevensheidi@delacruz-smith.com,-1,0466285799,2025-02-11
7791,Margaret,Alexander,jamesgiles@yahoo.com,44,2370522890,2024-09-18
1248,Brian,Hill,smccormick@gmail.com,-1,+1-789-941-7138,2023-04-12
2400,,Jenkins,ghebert@hotmail.com,60,+1-195-761-2249,2020-06-04
9485,Thomas,,sheilawalls@curry-alexander.com,999,+1-731-733-3762x2072,2022-08-14
7924,,Gallagher,sally48@hotmail.com,73,+1-635-635-9946x772,2025-01-15
3192,Christina,Mayer,scottkendra@hotmail.com,-1,243.762.8448,2024-05-28
3014,Monica,Oliver,scott86@gmail.com,-1,+1-017-466-2410x92571,2021-09-18
9457,Kimberly,Owens,reidkatherine@olson-solomon.com,999,9364782751,2023-09-11
8866,Caroline,Perez,michaeljacobsgmail.com,89,7858144389,2023-09-14
9142,Natalie,Cook,,82,005-872-0668x826,2021-11-07
7358,Christopher,Tucker,,999,597-067-2679x1067,2024-11-13
6248,,Willis,jasmine43@acevedo.biz,18,+1-502-606-4657,2022-01-11
1459,,Robbins,,999,,2020-08-27
3981,Rhonda,,brendaflowers@huang-lucas.org,-1,846-803-3008x31912,not available
1464,Angela,Burns,duarteangela@hotmail.com,-1,(941)761-2812x731,2024-08-30
1934,Adriana,Parks,ftorres@hotmail.com,77,+1-352-235-1164x66081,2025-04-02
3602,Keith,Ferguson,donnacampbell@hotmail.com,-1,246.336.1741,2024-07-22
7336,Michael,Lopez,,-1,(554)533-2736,2024-07-17
5521,Ronald,Sanders,patricia35@jones.net,-1,001-743-930-1509x0053,2023-09-09
2791,Sarah,Nixon,ireed@hicks.com,-1,322.718.1866x88634,2025-04-12
4570,Jennifer,Owens,pamela85@yahoo.com,999,412-598-5476x7631,not available
5747,Kyle,Lynch,davidcarrillo@hotmail.com,999,,2021-12-08
7079,Michael,Tate,laura80@jefferson.info,-1,(994)205-4900,2021-03-27
2875,Evan,Boone,justinsmith@yahoo.com,-1,+1-815-195-7442x71599,2020-09-17
4910,Tiffany,Cross,gperkins@gmail.com,80,001-260-979-5162,2021-02-13
8218,Abigail,Ortega,,48,001-117-436-0394x985,2024-12-15
4962,,Davis,stacy58@miller.com,-1,(041)667-8637,2023-07-11
2526,Luis,Haynes,jeffrey59@logan.com,69,741-228-8578x8111,2025-04-13
1912,Anthony,Jones,,12,,2023-05-06
9031,Jesus,Sosa,perezpatricia@yahoo.com,999,001-522-555-0177x7477,2022-07-03
2915,Jeffrey,Galvan,jeffreyhammond@yahoo.com,999,2848888307,2023-10-10
6751,,Stewart,lyonssteven@hotmail.com,-1,9163916632,2023-04-09
4890,Katie,Medina,,-1,+1-842-452-8543x61802,2020-12-01
2374,Brandon,Pierce,tjones@hotmail.com,86,(704)300-8992,2023-12-04
2030,Lindsey,Montoya,george01@anderson.biz,999,,2022-12-29
4559,Carolyn,Mccarty,twilliams@gmail.com,999,659-956-8288x954,2021-07-10
6033,Allison,Dixon,wanda14@dougherty-davis.com,999,+1-327-119-1191x779,not available
9291,Brittany,Wiley,joshua23@hotmail.com,17,040.699.6210,2022-05-17
7613,Natasha,Jackson,,-1,312.972.4900x1546,2024-01-31
5357,Tyler,Chandler,davisjeffrey@brown.info,22,(232)274-4848x4338,2023-07-10
6550,,Ellis,raymonddaniels@gmail.com,76,004-457-7084x11115,not available
8341,Theresa,Hill,katherine80@yahoo.com,999,001-790-568-6918x603,2022-11-11
1184,Dustin,Beck,susan96@gmail.com,999,640.622.5831,2023-09-27
8364,Jenna,Padilla,seananderson@harris-villarreal.com,70,(228)494-6751,2021-10-12
1871,Robert,,,999,001-741-378-0335x9937,2022-12-09
2163,Shannon,Herman,qeverett@hotmail.com,999,+1-040-871-1591x68710,2025-03-31
6465,,Davis,colemankelly@hotmail.com,-1,912-569-6523x012,2024-01-20
2766,Michael,Stephens,michael70@moore-werner.net,-1,,2023-11-26
8030,,,dylan52@yahoo.com,43,428-545-6191x4809,2024-03-19
5040,Elizabeth,Robinson,dsmith@hotmail.com,-1,190-646-4872x38886,2021-06-15
8148,Zoe,Ware,,999,399-251-1984x383,2022-04-14
9329,Robert,Payne,nguyenkristin@harris.com,-1,833.730.6936x550,2021-10-23
9493,Lauren,Ramos,anthonywilson@gmail.com,41,,2021-08-15
8877,,Murphy,anna74@vasquez.net,69,786-202-8400,2024-02-17
1003,Arthur,Jones,,999,,2022-04-01
5352,Joshua,Miller,susan37@stewart.biz,-1,001-268-246-4755x8040,2022-03-08
7468,Michelle,Smith,wilsonalan@owens-smith.com,43,974-805-9079x0769,2020-11-05
1984,Christopher,Weber,mary51@johnson.info,999,001-822-678-2445x3883,2020-10-15
7756,Rebecca,Young,maria57@gmail.com,-1,,2023-09-13
2537,Michelle,Davis,melindavaldez@clark-turner.com,26,+1-179-085-1107x36660,2025-01-22
8678,Dillon,,dennisschmidt@hotmail.com,999,(090)077-5813x122,2023-07-20
4301,Garrett,Baldwin,kristinamcintosh@hotmail.com,-1,001-614-394-6748x3440,2020-11-18
1003,Robert,Park,isabellasmith@hotmail.com,999,(635)246-5073,2024-03-31
1063,Jonathan,Brown,krista73@yahoo.com,-1,(316)009-0390x2389,2023-07-15
2864,,West,erica31@rodriguez.com,90,,2021-09-06
7659,Devin,,morganclayton@hotmail.com,-1,023.090.1426x614,2025-04-06
6431,Scott,Mcbride,melissa58@lopez.com,999,5290374041,2023-03-01
3701,Sandra,Blackburn,cdoyle@ibarra.com,-1,001-046-300-6794x189,2021-03-25
3879,Michelle,Barnes,walkerwilliam@yahoo.com,15,847.191.1148x345,2024-06-11
1695,Ernest,Edwards,gsmith@perez.com,60,(465)661-7154,2023-09-22
5116,Justin,Foster,daniellemoore@byrd.info,999,(317)494-1494x6415,2021-11-17
3647,Kenneth,Collier,millerlarry@hess.biz,999,140-930-3983x01994,2021-05-31
9557,Michael,Valenzuela,cheyenne75@curry.com,-1,7107114705,2020-07-25
1147,Chloe,Espinoza,fwilson@gmail.com,999,(984)932-6313,not available
6012,Garrett,Cain,anthony66@yahoo.com,999,963-326-1423x887,2021-10-15
5220,Timothy,,padillarichard@gmail.com,41,+1-972-873-9778x5629,2024-03-15
1544,Linda,Waller,hernandezwilliam@yahoo.com,-1,(432)335-8717,2022-05-03
4426,Carlos,,jillian14@yahoo.com,50,(967)276-7205x4934,2021-09-08
1003,Katherine,Walker,tina53@davis.com,78,555.671.9282x313,not available
4105,George,Turner,charles45@yahoo.com,79,814.164.2170,not available
9454,Patrick,Thompson,ariasjoyce@adams-torres.net,-1,206.567.5273,2024-09-17
2451,Hunter,Conley,jessica59@yahoo.com,999,+1-190-013-6789,2025-03-30
8268,Michelle,Moore,thomas27@henderson.com,-1,+1-243-702-5935x772,2023-04-13
1061,Jennifer,Lewis,tara51@hotmail.com,999,5034081308,2025-01-11
5120,Alexandria,Cruz,eugene76@todd.com,-1,084.130.4856x4796,2025-04-24
7290,Michael,Mueller,aaronwade@smith.com,999,(586)415-6794,2021-02-22
6815,,Moran,harrisjennifer@gmail.com,-1,(905)770-2781x8120,2022-08-10
8299,Kevin,Caldwell,markperry@martinez-peck.com,-1,(055)502-0117x76860,2022-01-23
6896,,Vasquez,nicolecasey@miller.com,-1,001-366-707-0548x9463,2024-04-22
3676,Tiffany,Schmidt,jeremy50@yahoo.com,-1,4826016234,2025-04-05
1810,Keith,Jackson,,41,276.003.0202,2022-07-13
9502,Jillian,Rose,frederickcordova@jennings.net,-1,873-566-2932x407,2021-03-03
1003,Lindsey,Craig,jacquelinehobbs@mayer.com,29,+1-358-185-6778x065,2023-12-17
9076,Robert,Petersen,pamelahumphrey@yahoo.com,-1,001-845-853-5424x703,not available
9281,Tracy,Woodard,,999,605.585.0966,2022-05-16
4512,Ryan,,clarkshelia@gmail.com,999,207.783.3947,2023-12-03
4000,Richard,Wilson,john58@hotmail.com,-1,,2024-03-07
1497,Darren,Barrera,lisacarter@gutierrez.com,999,+1-733-268-2371x83563,2022-11-12
2463,Ashley,,rachel48@yahoo.com,43,001-961-654-0201x22410,2020-07-09
4625,,Garrison,,999,120-840-6604,2025-04-15
1052,,Mullen,eileenthomas@coleman.info,999,169.637.4243,2024-07-20
9331,Sara,Scott,lbaird@sellers.com,76,072-469-1111,2025-06-01
9752,Adam,Hull,heidi97@yahoo.com,35,001-580-168-0857,2025-05-08
1188,Jacqueline,Thomas,kgutierrez@smith.com,-1,0687170155,2023-06-19
8493,Miguel,Rojas,lisa36@howard.biz,999,8656037880,2022-01-07
4395,Megan,Walters,theresa59@gmail.com,17,985.887.1541x3250,not available
3800,,Banks,igallagherrodriguez-rice.biz,999,001-459-166-1240,2024-09-23
1650,Paul,Foley,joycebeasley@gmail.com,999,302.628.7976x881,2020-11-26
3290,Brad,Archer,chenbeverly@morgan.com,-1,628.881.0002x3186,2021-11-18
3208,Katelyn,Kidd,edwin59@foster-campbell.org,999,765-881-4656,2023-04-21
7604,Michael,Goodman,tammy98@hotmail.com,36,(980)972-7767x075,2020-12-28
7382,Stephanie,Freeman,,-1,(007)262-5752x26861,2021-09-20
9211,Jeremy,Perez,cnicholsonrice.org,999,+1-418-909-5123x1052,2022-08-18
4658,Justin,,gailhopkins@clark.com,56,2405717767,2023-11-21
2972,Thomas,Jones,cranejamie@martinez.com,999,+1-317-569-5722x410,2020-11-02
7873,David,Brady,jessicamccormick@morris-skinner.com,69,518-284-4699x17792,2021-03-23
9985,Anthony,Walker,ffrancis@gonzalez.com,999,+1-387-365-2476,2022-09-10
8003,Thomas,Berry,jeffrey74@knight.com,75,0425697958,2020-06-30
5386,,Harris,nathaniel35@king.net,999,758-143-9646,not available
5991,Alyssa,,simpsonwilliam@barnes.com,23,527-379-6079x276,2020-08-15
7091,Elizabeth,Roth,ycollins@martinez.org,-1,610.544.1652x49974,2021-03-05
3865,Brandy,,williamswilliam@castillo.info,74,(931)366-0916x366,2023-06-21
3947,Timothy,Sanchez,michaelmorris@yahoo.com,999,+1-869-170-2537,2020-11-25
8689,Jeffery,Juarez,ryan25@jones.biz,999,(060)089-5221x6594,2022-10-20
7206,Carrie,Blanchard,isanchez@turner-salazar.org,55,976-199-6316x04733,2021-11-03
6700,Jesse,Flores,debrahawkins@welch-morgan.com,33,+1-913-652-8744,2025-05-14
8862,Richard,Nguyen,shannon30@herring-richardson.net,77,365-850-1857,2020-11-19
9749,Anthony,Lynch,penalisagardner-bailey.com,999,(344)695-1955x0462,2020-12-20
1161,Tiffany,Webb,zboyd@rowe-wong.com,-1,(638)243-7413x85219,2021-02-18
1541,Ellen,Wood,swilliams@fischer.org,-1,395.345.0469,2022-12-10
6897,,Lane,weberandrea@yahoo.com,75,417.122.6580,2023-11-08
8605,Nicholas,Hall,garciadavid@jenkins.net,23,523-913-9758x17614,2024-10-25
1040,Jasmine,Stokes,afreeman@moore-walls.com,-1,,2020-11-01
4297,,Collins,pachecogene@massey-ortiz.org,-1,+1-503-240-7831x54565,2025-03-05
1444,Katie,Taylor,riveratanner@yahoo.com,-1,001-212-894-7678x1186,2024-06-08
2700,Andrew,Jones,,-1,217-890-2577x8387,2024-10-13
4761,Susan,Simpson,kendra72@gmail.com,30,6268717442,not available
3720,Carol,Barton,shawna86@yahoo.com,999,899-021-8888,2023-06-06
9402,,Hall,gcannon@hotmail.com,999,,2020-10-25
7303,Brian,Wilkerson,walkersandra@hotmail.com,60,401-965-2505x78367,2024-01-22
8533,Michael,Morris,alexaruiz@booker.com,48,,2021-05-22
7719,Marc,Howell,danielgibbs@yahoo.com,-1,823-743-2008x2585,2024-11-28
3490,Amanda,Morales,greenyvonne@jackson-dixon.org,999,(533)034-0156,2023-09-04
5443,Stephanie,Smith,holly03@gmail.com,48,+1-464-772-2318x782,2022-10-26
9778,Christopher,,waterssarah@yahoo.com,71,206.630.1455,not available
5895,Robert,Harris,wjackson@hotmail.com,-1,582-578-8630,2023-04-14
1500,Catherine,Morgan,elizabeth60@lewis.biz,999,001-135-369-9883,2022-11-25
4178,Eric,Nelson,brian16@hotmail.com,-1,813.043.0743,not available
7117,Brianna,Singh,ramseyterrance@yahoo.com,81,187.086.0435x55254,2020-11-19
4340,Brandon,Miller,smithwayne@pacheco.org,-1,,2023-01-02
1173,Brandon,Moore,anna73@houston-butler.com,999,765-404-8403,2025-04-15
9298,Brandi,Hammond,fergusonbrandon@cameron.com,46,001-265-067-3623x3509,2024-09-04
2637,Leslie,Atkins,alexandra00@shepard-rivas.com,999,298.831.0179,2022-12-01
1359,Natalie,Gray,leblanceric@maldonado-shepard.com,-1,274.062.1972x46086,2024-05-03
8000,Cassandra,Reid,gvelez@guerra.biz,-1,550.132.4422x907,2020-09-13
9033,Noah,Rivera,chelsea71ayers.com,83,,2024-04-18
3949,Mary,,charles15@hotmail.com,999,728-131-0616x4485,2023-07-13
3612,Ronnie,Turner,cody85@gmail.com,-1,109.462.7836,2022-07-19
6633,Sarah,King,,-1,6085459029,2023-04-19
1939,Amanda,Rojas,ifischer@gmail.com,73,+1-467-211-2041,not available
6924,Sean,Robertson,kayla58@hancock.com,72,852.749.7052,2025-04-26
7970,,Walker,ganderson@collier-arellano.com,64,836-487-2006x97037,2021-01-16
7786,Kristi,Contreras,sjohnson@hotmail.com,43,624.341.5000x254,2022-08-15
6027,David,Burns,vanceshelby@yahoo.com,-1,(147)643-5320x11072,2023-08-24
6818,Kimberly,Mitchell,sally97@li.com,-1,+1-362-424-8022x221,2021-08-20
8055,Sheryl,Peterson,andersonmelissa@yahoo.com,53,+1-376-210-7571x1171,2020-08-12
9904,John,,keithbrown@smith-fischer.biz,70,426.799.7916x4757,2022-04-16
1429,Daniel,Norris,zacharymitchell@yahoo.com,-1,,2020-11-17
5153,John,Phillips,joseph82@yahoo.com,999,1690182022,2022-12-05
9747,,Rios,thomas08@tucker.com,34,422-442-7051x0016,not available
6675,Tara,Nguyen,jonathan42@hotmail.com,43,+1-829-868-2912x02131,2021-12-08
4904,Frank,Sparks,shannonwright@barnett.com,40,+1-142-554-7862x27308,2024-01-03
7845,Edward,Singh,taylordavid@gmail.com,999,817.999.8304x4455,2021-01-14
2693,Joshua,Martin,,-1,934-239-7343x3001,2024-03-01
8573,Colleen,Knight,marymills@mueller-newton.com,33,0315471443,2022-12-12
6015,Andrew,Mitchell,johnsonroy@yahoo.com,-1,901.467.1379x676,2021-09-17
8877,Nicholas,,jessicalopez@cook-gomez.org,999,4121720481,not available
5659,,Jackson,dunnlaura@yahoo.com,-1,182.969.1359x5237,2021-06-21
2397,Michael,Tyler,jennifer72@hall.com,-1,657-646-7900,2020-11-21
9751,Alejandro,Roberts,floresjeffrey@mendoza.com,-1,,2024-06-06
9254,Brandy,Hunt,daniel00@patel-williams.net,41,+1-119-289-3830,2021-06-10
4849,Derek,Ryan,craigpearson@yahoo.com,-1,001-369-008-7929x141,2023-06-04
7770,Jennifer,Bridges,qjackson@hotmail.com,-1,+1-637-465-7878x42187,2020-06-02
5340,Laura,White,,999,+1-326-477-0653x49586,2020-08-16
5472,Nicholas,Rowland,powelljennifer@hotmail.com,-1,971.866.7642,not available
7661,Diana,Anderson,,999,9246864650,2021-07-29
7712,Emily,Lewis,james51@gmail.com,-1,052.473.5192x648,2024-04-15
5841,Kristin,Beck,kholmes@yahoo.com,999,152-879-5584,2023-09-04
4898,Jeffrey,Weeks,,999,+1-420-847-2877,2024-10-21
3929,,Strickland,kristenwallacehotmail.com,999,+1-875-828-2708x05776,not available
3680,Dawn,,jacobcook@hotmail.com,-1,,2022-01-15
9466,Erica,Mason,sbuck@martinez-small.org,38,989.414.3610x277,2025-02-27
5460,Bryan,,douglas24@hotmail.com,-1,(335)571-6896,2022-10-19
6179,Heather,,meyerjames@yahoo.com,999,3406527303,2023-09-13
6618,Tara,Daniels,thomasmary@hardy.biz,999,6172400744,2021-03-24
7848,,Stone,egaines@gmail.com,-1,001-164-889-2439x90224,2023-05-23
9893,Stephanie,Grimes,qmccormick@gmail.com,999,(836)239-9500x1706,2024-04-03
8339,Erica,Holmes,morrisonharold@williams-rivera.biz,999,001-464-166-3607x112,2020-08-21
1741,Marie,Carr,amanda39@golden.com,999,(806)820-9848,2024-09-21
4312,David,,nataliehahn@johnson.com,999,001-058-149-1122x297,2021-10-16
7403,Susan,Graves,kristine08@ware-parker.biz,38,9775527492,2020-10-23
5151,Scott,Taylor,julie30@gmail.com,-1,+1-977-790-3957,not available
2637,Cory,Atkins,bobbyblack@gill.com,999,595.092.2689x06116,2022-01-02
2977,Mark,Brown,jenny59@hotmail.com,20,967.517.0371x3240,not available
5694,Lisa,Shaw,wesley78@gomez-underwood.org,89,(249)422-5554,2022-01-27
6519,Eric,Lopez,doyleryan@brown-kelly.biz,25,001-845-183-2919,2022-07-31
4033,,Diaz,nknight@hotmail.com,45,(230)822-1593,2022-04-02
9706,Alisha,Scott,,75,001-613-729-2212x08976,2024-06-07
2858,,Melton,norriseric@walker.com,-1,639-247-1841x56020,2020-07-14
2630,Nathan,Roberts,isaac83@yahoo.com,999,,2023-04-28
5883,Angela,Williams,jessicazuniga@gmail.com,-1,358-570-0043x83380,2022-08-04
7995,Ellen,Gonzales,richard62@gmail.com,999,001-258-756-7073,2021-12-27
1003,Zachary,,alexavargas@wilson.biz,999,001-981-500-5109x91202,2022-11-10
7030,Ariana,Cline,plam@yahoo.com,-1,+1-523-567-5321x149,2020-08-18
3386,Sarah,,stephanieayala@gmail.com,-1,(295)324-7343x094,2024-03-17
4021,,Sexton,morantyler@hotmail.com,999,,2020-08-10
5100,Jennifer,Green,craigpatrick@yahoo.com,11,+1-182-578-7029x14843,2022-12-26
1003,William,Rich,oneilltrevor@young.info,-1,+1-569-856-1312x4529,2025-05-04
5919,Adam,,dale74@hotmail.com,-1,731.493.9204x89084,2022-11-18
7239,Jimmy,Mcneil,valerie18@gmail.com,999,054-397-0854x0042,2023-02-28
5090,Bruce,Edwards,jonesmichael@gmail.com,-1,001-834-869-9797,2024-08-01
1581,Derek,Garza,susan94@gmail.com,-1,,2024-10-23
7455,,Martinez,christinawarren@yahoo.com,-1,3017454441,2023-06-27
1427,Rachael,Brooks,brian42@atkins.com,-1,270-386-5975x5752,2024-02-09
6684,Angela,Lee,shawn00@yahoo.com,999,999-428-0492x734,2022-07-14
3620,Rachel,Mullins,xcannon@hotmail.com,-1,770.186.3833,2021-09-18
7744,Courtney,Blake,victoriagutierrez@yahoo.com,999,868-399-7592,2023-11-06
8749,Ashley,Mckinney,martineznicole@phillips.net,68,(103)570-3626x7169,2022-08-07
6589,,Collins,barbarajordan@gibson-parsons.com,47,(113)066-7897x0049,2022-10-10
3391,Jeffrey,Oconnell,torresrobert@hotmail.com,999,(001)272-6861x4646,2023-10-25
8445,Vincent,Martinez,fburns@johnson.com,22,001-826-976-0451,not available
2906,Janice,Hernandez,dball@martinez.com,38,+1-081-861-5259x8130,2021-07-31
4795,Mark,Camacho,bakerdeborahsantiago-cisneros.net,-1,805-500-5141x239,not available
6670,Lori,Mendez,rmurillo@hotmail.com,79,+1-280-193-5724x94053,2021-01-23
7342,Robert,Norman,osanders@hotmail.com,999,,2021-09-22
6056,Michelle,Moore,garciadale@hotmail.com,999,461.600.3646x624,2022-03-16
2826,Jose,Johnson,xfrank@hernandez.com,999,4484702611,2021-11-21
4078,Ricky,Holland,xpatterson@hotmail.com,-1,428-391-8606x66039,2023-12-21
4962,Jocelyn,White,donnaedwards@gmail.com,999,001-428-875-5586x573,not available
9246,Monica,Ellis,halejennifergmail.com,-1,001-614-279-9913x9856,2024-04-21
1109,Christine,Holmes,hernandezmichael@yahoo.com,999,371-343-4297x758,not available
5427,Brandon,Owens,ybarber@martinez-leblanc.com,999,(438)398-5655x35588,2021-05-28
6961,Joshua,Haney,virginia76@nelson.info,-1,068.961.2219,2025-03-27
2300,Jeffery,Stone,zmckenzie@contreras-hardy.org,-1,(205)161-8415x7443,2023-02-15
6474,Kimberly,Meyer,kyle72@chavez.net,-1,+1-339-725-7644,2024-04-15
4156,Tony,Hamilton,fpaul@santiago-burns.com,999,188-848-3059,2023-08-17
4564,Joseph,Martin,carpenterjoshua@green.com,999,168.971.0754,2024-09-24
3700,Emily,Stephens,ryan13@yahoo.com,-1,001-193-474-0501x37379,2023-04-16
4122,Linda,Reed,teresa75@singleton.biz,-1,966.537.8357x985,2023-07-27
6875,Steven,,patrick26@monroe-clayton.com,-1,3088093295,2025-03-06
3245,Donald,Miranda,robertscynthia@gmail.com,51,+1-401-387-5639x039,2024-03-16
8043,Garrett,Hanson,david79@hess.com,-1,(479)338-5431x352,not available
6324,Donna,Harvey,chris54@valenzuela.net,999,504-301-4284x072,2020-08-01
6548,Michael,Taylor,bryangriffin@jenkins.org,999,3006037120,2024-04-20
2994,Bridget,Franklin,,-1,710.498.7205,not available
4803,Maria,Smith,cheyennebaxter@yahoo.com,-1,001-535-584-8312x80162,not available
3449,Timothy,Leblanc,wesleydiaz@trujillo.com,-1,(486)089-9115,2025-04-13
1003,Michael,House,brettschneider@gmail.com,-1,697-094-8213x13187,2022-06-12
2304,Alejandra,Lee,colleen71@werner-johnson.com,-1,533-460-6920x782,2025-04-10
2993,Katie,Howard,mcneilmathew@glover.com,999,(240)173-9363x6531,2020-11-29
1338,Elijah,Garrett,kevingarcia@chambers-elliott.com,-1,,2024-01-31
2543,Kevin,Kent,davidzavala@yahoo.com,63,,2022-08-24
7564,William,Ortiz,,32,001-416-575-1214x4650,2024-02-09
2425,Kristen,Rodriguez,jacob23@yahoo.com,999,570.212.6928,2024-04-14
1003,Tiffany,Figueroa,ryanharris@valenzuela-preston.org,999,578.400.2811x897,2022-04-09
3741,Earl,Stevens,robertleon@mack.com,72,102-120-8524x7850,2021-10-19
1499,Richard,,usnyder@gmail.com,83,001-230-680-5125x0942,2024-01-21
5386,Melissa,Martin,wjackson@harris.org,-1,(568)747-6606x15568,2020-11-11
1003,Margaret,Tran,harristimothy@jordan-meyer.com,-1,+1-311-250-7355,not available
3400,Jamie,Smith,allenwendy@aguilar.com,-1,,not available
7636,Marissa,Walker,ibarry@blair-jackson.com,-1,001-697-705-6280x401,2021-06-01
5943,Mary,Johnson,rpowell@hotmail.com,60,(450)570-5946,2024-11-08
7887,Brenda,Velazquez,lovejennifer@hotmail.com,69,215-428-2592x88097,2022-10-04
3231,Cody,Lewis,okennedy@diaz.com,999,(778)042-2953x934,2020-11-17
9459,William,,bakerdaniel@hotmail.com,31,498-674-4850,2021-04-14
6774,Shannon,Carroll,tara75@hotmail.com,-1,185.358.8138x4299,2021-01-16
6238,Melanie,Alvarez,kim13@yahoo.com,-1,(083)465-0290,2023-10-27
6192,Samantha,Miller,jamieroth@robinson.com,999,,2022-05-05
1003,,,jordanpatricia@gmail.com,54,296.262.8800x3449,2025-03-15
2604,Jason,Lopez,isampson@hotmail.com,-1,4119060776,2021-08-15
8569,Donald,,jacobsoneric@lopez-taylor.com,73,6234185179,2021-04-28
3780,Amber,Thomas,christophergilbert@hotmail.com,89,,2020-11-16
6335,Rodney,Glenn,tammy64@griffith.com,999,(841)942-3523x083,2020-07-05
6629,Kristopher,French,rodriguezrhonda@hotmail.com,14,9865917060,2024-04-04
2290,,Cooke,,999,+1-107-922-0238,2021-05-06
1003,Rodney,Nielsen,harrismelissa@gmail.com,38,907-318-1171,2022-11-21
1543,Marcus,Snyder,robinsondavid@myers.info,-1,,not available
6257,Anne,Carr,leah53@gmail.com,-1,122.222.4189,2022-09-29
9017,David,Mcdaniel,lauren22@gmail.com,36,(001)778-9879x595,2025-05-10
4990,,Ward,efranco@yahoo.com,80,+1-402-523-8686,2021-05-03
2051,Justin,,jessica42@stevenson-brown.com,11,,2025-02-08
8858,Sean,Smith,gscott@moore.com,85,,2021-04-27
2463,Crystal,James,christopher11@yahoo.com,999,647.007.0130x65799,2022-04-30
8960,Jacqueline,White,wdickerson@gmail.com,18,776-866-3225x7257,2024-12-20
2842,Rebecca,,nathaniel67@pham.org,999,(915)252-6796,not available
5637,Gary,Moore,toddrojasmcgrath.org,-1,1936356579,2021-03-04
4219,Ronald,Nash,gdavishotmail.com,11,(189)438-1268x0154,2024-02-04
5579,,Long,,-1,,2023-08-19
6177,Casey,Zamora,nicolehall@bryant.biz,999,643-432-1836x029,2023-01-03
8930,Lauren,Camacho,leahleon@gmail.com,-1,678.144.7761x5590,not available
3611,Patrick,Stevens,allenjulie@freeman-hernandez.net,-1,649.872.3870x98412,2021-11-30
1003,Natalie,,lawsonmike@murray.net,-1,(416)772-2559,2024-10-16
5810,Ryan,Lee,angela72@garcia-booker.com,-1,949.502.7974,2024-03-01
9971,,Hughes,,-1,+1-387-550-4573x299,2022-12-01
1031,Troy,,reynoldsgerald@andrade-williams.com,58,063.990.7503,2022-07-15
1852,Scott,Cowan,joshua44@mcdonald.com,-1,252.071.3914x344,2025-05-26
4644,Keith,Owens,amberberry@yahoo.com,-1,0903432977,2022-02-19
9733,Emily,,lopezpatrick@sanders-perez.com,-1,330.093.7410x1231,2021-02-01
4066,Nicholas,Murphy,timothy50@miller.com,75,+1-140-607-8812x1089,2025-02-28
5823,Zachary,Gutierrez,ojones@gmail.com,-1,(524)694-0446x13504,not available
8926,Mark,Norris,christopher93@hotmail.com,39,+1-010-976-0114x7144,2024-08-10
5577,Charles,Stuart,myersjames@wagner-dixon.com,76,(765)280-7689x62698,2023-02-03
3989,Sarah,Collins,barnettmariecortez.info,-1,442.287.0104x40422,2024-03-28
1003,Christopher,Chaney,benitezbrian@hotmail.com,81,,2023-12-25
5262,,Best,,999,,2025-03-15
9662,Betty,Webb,andrewflores@yahoo.com,65,001-598-948-1580x27267,2021-01-23
2430,Terri,,leslieanderson@tran.biz,999,131-999-7770x55847,2021-10-19
8059,Rebecca,Lopez,leemary@kim.com,22,078-045-2486x7438,2021-03-23
7907,David,Russell,meyerashley@sanders.com,-1,001-567-895-3411x31034,2021-02-10
2455,Jose,Perkins,ksawyer@hotmail.com,-1,819.992.7929x318,2021-08-15
3283,Peter,Waller,josephcastillo@yahoo.com,-1,(165)859-6262x8816,2024-10-17
7389,Tina,,bryanhaynes@hotmail.com,-1,(946)474-8991,not available
6366,Randall,Wallace,bradleyamy@phillips-page.com,999,510.672.8831,not available
2305,Mary,Bell,sabrinaduffy@williams.com,-1,+1-612-750-6513x133,2023-06-12
3766,Daniel,Howard,corey19@gmail.com,-1,(592)286-7863x06701,not available
7457,Morgan,Vasquez,robertsdeborah@liu-williams.biz,37,+1-086-419-2092x67448,2024-07-18
2916,Jennifer,Phillips,jamescrawford@yahoo.com,-1,001-045-833-9060x1992,not available
8717,Ashley,Brown,,-1,001-215-430-3034x1608,2021-03-25
9458,Joshua,Coleman,slamb@gmail.com,84,+1-500-807-8596x14334,2023-10-21
9553,William,Payne,kellyjames@hotmail.com,-1,(088)775-0047x816,not available
3795,Tracy,Villa,gregory15@yahoo.com,999,250-969-4665x0606,2022-06-03
4000,Teresa,Barrera,elizabeth80@gmail.com,-1,,2025-05-15
1003,David,Price,johnsonmark@martinez-thompson.com,82,,2021-06-18
7531,Monica,Lewis,carterjennifer@hotmail.com,-1,078.453.9674,not available
9349,Christopher,Robinson,,-1,146-099-9709,2025-01-05
2979,Matthew,Hayden,johnmontgomery@burns-diaz.com,-1,2459937353,2024-10-02
9836,Megan,Allen,janet43@mason.com,999,,2020-08-30
7365,Jennifer,Fuller,griffithchristina@yahoo.com,-1,(380)465-8807x6296,2023-12-13
9330,Michelle,Andrews,ochoi@gmail.com,43,(577)271-6903x58478,2023-12-25
1203,David,Hernandez,courtney83jimenez.org,30,853-720-0114x011,not available
4292,Derek,Barton,,999,558-659-3956x4461,2023-01-27
9359,Jeffrey,Morris,xwells@hotmail.com,15,+1-055-517-7892x224,2020-10-25
7825,Michele,Martinez,williamsjames@cole.biz,999,001-102-727-0658x95468,2024-08-28
1003,Brian,Ballard,jessica45@middleton.info,55,(095)636-3817,2024-02-14
3722,Eric,Solomon,qpotts@yahoo.com,27,474-427-9054x8814,2022-03-14
8972,John,Boone,robinromero@le.com,999,,2022-05-17
6964,Michael,Moore,williamlawrence@yahoo.com,33,944.024.9970,2024-03-30
8442,Lisa,Ochoa,udavis@hotmail.com,999,726.746.1984x278,2025-05-27
3791,Theresa,Palmer,twhite@yahoo.com,999,,2025-04-03
1003,Daniel,,walkermorgangmail.com,999,+1-326-150-5665,2025-03-08
2091,Bill,Poole,vgibbs@hotmail.com,59,(663)774-5775x796,2024-05-31
8631,Sheila,Haynes,njohnson@yahoo.com,64,972.395.9622x1019,2020-11-11
1310,Jeffrey,Miller,amberhart@herrera.biz,-1,273-612-0387x87945,2021-09-29
5572,Wendy,Myers,levybrian@hotmail.com,999,(320)441-3399x188,2023-06-12
7672,Diane,Gray,hschultz@yahoo.com,999,001-007-746-2463x640,2022-04-24
1967,Alexis,Nixon,collinszacharyrios.net,-1,+1-293-292-3528x661,2022-09-05
8746,Brandon,Perez,hjordan@yahoo.com,999,(484)246-2853,2024-03-18
2243,Brittany,Higgins,jonross@hotmail.com,999,+1-941-692-1784x50284,2023-02-05
5517,James,Bryan,derrick57ward.com,-1,+1-757-856-1268x484,2020-11-30
7302,Cindy,Gonzalez,,-1,+1-129-431-8138x6815,2021-03-14
3968,Carrie,,,-1,971.138.3619x66489,2022-06-22
7531,Janice,Wolfe,barbara06@yahoo.com,-1,0660616918,2021-12-30
6086,Ian,Green,mcollins@may-campbell.net,999,(712)452-3823,2025-02-25
7205,Bryan,Montgomery,alexgibson@green.biz,999,0773497502,2020-08-03
9797,,Gaines,katherine69@bean.biz,-1,,2025-01-30
4206,Kaylee,Chavez,williamarnold@gmail.com,44,,2023-09-30
6281,Kaylee,Morrison,thomas49@diaz.com,999,815-382-4577x895,2024-10-17
7962,Chelsea,Anthony,saramiller@gmail.com,-1,(990)014-7829x627,2023-09-28
8892,Alyssa,Lee,,74,+1-682-607-1195x3184,2024-01-29
7223,Melinda,Wright,,-1,001-650-004-8365x85250,2020-06-14
9956,,Smith,nsutton@bautista.com,61,1221217117,2021-12-04
2054,Valerie,Rodriguez,rodriguezmatthew@hotmail.com,-1,(991)629-8586x18053,2021-05-15
9753,Stephen,Gutierrez,jamie62@cox-russell.com,86,922.069.3195x987,2021-03-05
9818,Anthony,Cunningham,andersonpaula@yahoo.com,35,596.650.4288,2024-06-17
4805,Scott,King,,-1,001-931-371-5162,2022-05-14
4982,Frances,Robinson,russellhale@frank.net,48,951-820-5812x648,2022-10-22
9440,Jennifer,Thomas,,59,001-650-491-6487x2893,2020-12-05
5404,Rhonda,Yu,bauerdawn@davis.com,-1,433-418-0986x31358,2022-10-06
2884,Michael,Sweeney,jenkinsdaniel@gmail.com,11,(062)231-0704x1660,2023-01-02
6058,Sandra,Olson,jared59@delgado-glenn.com,18,(987)219-3849,2024-07-24
5865,Danielle,Hansen,guerreroregina@yahoo.com,43,(365)343-4818x467,2023-11-13
9118,Tammy,Nguyen,drakekimberly@hotmail.com,999,6032388392,2021-08-21
9230,Patricia,Esparza,brooke27@yahoo.com,16,001-921-201-9325,2025-05-02
3122,Kimberly,Krause,christopherchase@hernandez.com,999,(388)845-5742x263,2021-04-28
1275,Jeff,Mason,janelawson@evans.com,999,(101)105-0039x5248,2020-10-27
7896,Robert,Lamb,rrollins@washington.com,999,8110735990,not available
8653,Kevin,Wilcox,,-1,001-055-926-6407x967,2024-02-12
3770,Brandon,Fowler,markanderson@hotmail.com,999,001-263-893-6569x69699,2022-08-09
8680,Patricia,Miller,cruzjessica@gmail.com,-1,,2020-10-16
8457,,Shah,ashleybarker@hotmail.com,80,161-949-1880,not available
8556,Rebecca,Liu,justinwalker@bryant.com,-1,217-129-3557x9211,2023-01-09
3867,Elizabeth,Turner,,10,+1-612-941-6124x623,2024-08-19
1003,Joshua,Mccarty,torresjames@ruiz.com,999,,not available
1777,Lucas,Lyons,kroberts@hotmail.com,-1,459.931.6117,2024-01-27
1003,Warren,,shannon25@hotmail.com,11,529-905-2841,2021-10-14
6206,,Brooks,nichole58@miller.com,67,546-722-2757x3672,2022-11-22
8569,Crystal,Wood,michelle86@yahoo.com,23,8143824844,2020-12-13
3089,Daniel,Nielsen,stephen50@christensen-banks.biz,999,(241)349-4078,not available
5454,Patrick,Andersen,stephensonbrittany@hotmail.com,-1,(211)629-5150,2024-01-14
6329,Emily,Jones,charles39@gmail.com,23,(419)124-4600x161,2023-04-30
2262,Jamie,Jordan,spencerhart@strong.com,-1,001-137-318-2296x450,2022-08-31
6797,Raymond,Mcdaniel,lpeterson@yahoo.com,-1,(546)253-5908x9397,2024-10-17
1245,Kelli,Meyers,gonzalezgary@gmail.com,90,,2020-09-18
5410,David,Moreno,qlambert@wilson.com,999,746-684-6892x292,2021-10-07
5951,Roberto,Stone,,61,756-912-8909x0105,2021-06-02
9636,Sandra,,dawn61@hernandez-atkinson.com,71,119-355-6385x29696,2021-05-07
1653,Eric,Anderson,anthonyscott@greene.com,63,(815)011-6042x2075,2023-01-22
7782,,Russell,matthew77@howell.biz,24,687.414.6560,2023-08-11
5233,Tim,Mitchell,bettyingramcarlson-parker.com,58,(596)291-3879x59460,2021-08-06
1353,Brett,Levy,michael31@rice.org,999,001-806-428-7804x97680,2020-09-27
8464,Blake,Reynolds,ybishop@garcia-craig.net,999,178-042-9626x48570,2021-09-10
9504,Jimmy,Webb,morgan92@hall.info,999,,2023-09-30
6087,Kenneth,Collier,diazchristina@hotmail.com,-1,047.626.7364,2023-12-15
4656,David,Bowman,lopezashley@fisher-wilson.info,-1,(746)037-4577x383,2025-04-24
5843,Scott,Morton,lori57hogan.com,-1,877-351-4340x4217,2024-10-12
5728,,Ashley,hbarber@gmail.com,999,001.699.0745x4610,not available
7213,Luis,Freeman,ymata@moreno-olson.net,999,,2025-02-23
4746,Isaac,Cowan,lisa75@yahoo.com,59,(744)685-3117x704,2020-06-22
8872,Kyle,,,999,742-600-1684x66541,2021-08-18
2609,Bobby,Ortiz,abigailglover@gmail.com,-1,(582)296-5125,2025-03-03
7085,Jimmy,Daniels,iedwards@gomez.com,-1,001-991-774-0180x839,2025-05-05
5657,Melody,Strong,michaeldavis@young.com,999,+1-573-314-2132x1699,2024-02-07
5194,Ann,May,pamela09@yahoo.com,-1,507.615.0767x6295,not available
1941,Sandra,Gibson,heather59@yahoo.com,16,(311)775-0601,2023-05-06
8227,,Wolfe,casey29@garza-kim.biz,-1,692-105-9448,2021-04-22
8463,Jacob,Bonilla,ndavis@hotmail.com,999,499-385-4102x390,not available
3062,Dennis,Massey,carterluis@yahoo.com,-1,(069)590-6802,2022-04-26
7073,Latasha,Arnold,browndavid@williams-salazar.com,-1,(110)754-0052x732,2020-11-06
5132,Rebecca,Alvarez,bruceomar@yahoo.com,35,3843099961,2025-05-06
2397,Kevin,,jonesrobert@hotmail.com,999,164-176-7493,2022-07-15
1053,Jeremiah,Mosley,novakbeth@moore.com,999,(078)395-9174,2022-07-08
8547,Elizabeth,,xbennett@cummings-shaffer.org,89,752-966-1607x8118,2024-10-22
2391,Elizabeth,Rodriguez,krussell@garza.com,999,+1-320-730-6303x709,not available
7596,Paula,Reed,carlos95@gmail.com,58,4731654387,2021-08-06
2032,Gregory,Aguilar,,47,5302695029,2022-12-25
8342,Jordan,Knapp,liupamela@gmail.com,999,(493)704-4171,not available
4692,Theodore,,,999,219.178.8326x888,2021-03-15
1003,Joshua,Howell,ricardoevans@bryant-contreras.com,83,+1-509-114-3766x7082,2025-02-02
7170,Catherine,Carr,,-1,399-831-0557x43802,2023-06-16
8463,Anthony,Higgins,glenncrystal@gonzales-martinez.com,-1,+1-985-292-2508x167,2023-01-18
5207,Jennifer,Smith,daniel94@hotmail.com,85,157.251.4997x737,2023-08-27
9644,Oscar,Caldwell,ifletcher@gmail.com,89,001-547-034-1417x64707,2022-08-18
5842,Megan,,murphyjohn@yahoo.com,-1,721.593.0120x28839,2023-01-11
5500,Nicholas,Chapman,bowersalex@houston.com,43,539-062-7614x490,2022-12-20
7217,Denise,Reynolds,marcfletcherlittle.net,48,714.649.7584,2024-09-20
4601,Angela,Camacho,grayjulia@gmail.com,-1,978-442-0843x9310,2022-09-02
4710,Heather,Mcpherson,jamesmartin@hatfield-brown.biz,29,001-235-591-7308x16614,2021-03-31
2073,Todd,Cabrera,osmith@bass.com,56,(883)832-8100x6049,2022-06-24
6991,Susan,Watson,imiller@gmail.com,999,919.780.2279x263,not available
9503,Michele,Kane,anthony23@jimenez.com,69,(383)369-2455x73183,2023-06-28
1136,Joshua,Bell,amandacuevas@garcia-morse.com,999,311-802-4127,2023-04-05
4065,Zachary,Spence,lindseyscott@tanner.biz,55,001-093-570-5330,2020-06-19
1104,Mary,,claudia49@baker.com,999,,2021-11-26
5448,Kimberly,Arnold,calderonrobert@hotmail.com,71,6386054376,2025-05-27
7846,Matthew,Huynh,barbara07collins-gonzalez.com,-1,(455)162-0847x302,2023-03-26
8364,David,,kingkimberly@hotmail.com,999,303.658.5514,not available
7864,Charles,Webb,christianroth@hotmail.com,23,+1-073-224-5800x4513,2022-11-17
9121,Daniel,Lin,harperjohn@gmail.com,21,(057)051-6399x55240,2021-01-31
2557,,Bennett,,999,001-086-861-6203x393,2022-03-29
4566,Randall,Watkins,browncorey@gmail.com,63,(850)632-0585,2023-04-22
9730,Jacob,Johnson,ruizjohn@hotmail.com,-1,419-722-0586x7758,2021-06-16
4652,Rachel,Hughes,reyescharles@sanders.info,-1,416-705-0725x9631,2021-02-16
2421,Christopher,Maldonado,qsmith@yahoo.com,-1,981.234.9485x0405,2022-10-19
2517,Shelly,Carpenter,klittle@yahoo.com,30,683.515.0636,not available
5051,,Robbins,amberevans@gmail.com,47,4260971542,not available
1804,Juan,Boyd,william56@randolph-castillo.info,999,001-567-552-4036x729,2025-05-22
9850,Keith,Gregory,tammyhaney@gmail.com,999,+1-743-713-4875x63613,2023-10-27
5001,Stephen,,yharris@guzman.net,-1,088-390-2212,not available
7831,Natasha,Davis,,73,491-918-0020,2020-11-19
2258,Jennifer,Mcintosh,janet86@hurley.biz,30,431-769-5549,2022-04-25
9991,Brandon,Anderson,joycejoseph@gmail.com,-1,813-821-6363x03114,2020-08-28
4119,Michael,Lopez,djohnson@le.com,-1,686.083.8543x660,2022-03-28
7772,Diane,Morton,bbanks@gmail.com,79,+1-680-583-8099x073,2022-04-29
1003,Miguel,Brown,,999,128.275.6833,2024-12-18
3589,Nicholas,Moore,colin23@sanders.net,-1,146.003.5467x565,2022-05-05
8136,Roger,Sampson,cisneroschristopher@hotmail.com,999,642.170.1153x9582,2020-06-23
6169,Jennifer,Martinez,haleydiaz@daniels.com,85,,2022-09-24
3540,Randy,,adrianadelacruz@yahoo.com,999,615-323-2186x470,2024-08-03
6297,Samuel,Peterson,tkeith@yahoo.com,999,368-338-8891x8462,2022-08-25
1003,William,Hall,frederick37@richardson.com,29,001-777-384-9259,2021-03-15
5172,Tyler,Garcia,raymond13@chambers.com,38,+1-523-639-5140x1711,2020-06-13
4236,Todd,Wright,kellercharles@yahoo.com,999,(378)666-2189x857,2021-08-29
2147,Joseph,Anderson,,36,(489)831-1318,2021-05-22
8856,Morgan,Townsend,csmith@gmail.com,33,,2021-09-15
4238,Austin,Blake,ymaynard@bailey.com,999,157-377-9127,2022-01-15
7561,Amber,,joshualeon@velez.org,32,300-905-6094x553,2022-02-05
8994,Michael,,todd69@robertson-allen.com,84,(193)927-1123x3340,2025-05-26
6094,,Fletcher,hdouglas@hotmail.com,999,(793)910-0018x4365,2022-08-08
6249,Ronald,Bush,timothy12@gmail.com,999,1794534770,2021-04-12
5506,Jasmine,Wall,mfrye@hotmail.com,73,+1-101-518-8279x77306,2022-04-06
1003,Christina,Hardin,,-1,001-579-041-0395x2864,not available
3508,Teresa,Garcia,ystevenson@hurst.biz,13,428.922.5814x6722,2022-04-01
5836,Trevor,Simpson,jenkinsmichael@hotmail.com,999,+1-042-039-2609x017,2021-11-01
1411,Destiny,,savagedenise@martin.org,-1,452.784.1395x768,not available
8417,Michelle,Bennett,kimrachel@pollard-dillon.org,999,668.557.5121,2025-04-06
7713,Alejandro,,ernest48@herrera-williams.com,19,(137)596-2296x54527,not available
9768,Ellen,Davis,kristinshah@henry.com,86,730-597-4228,2022-08-11
4932,Richard,Peterson,djones@powell.com,37,+1-142-642-7589x512,2023-11-10
6082,Justin,Davis,guerreroscott@hill-johnston.com,-1,+1-246-476-4078x203,2022-07-17
3630,James,,tknight@gmail.com,-1,080-715-9143x32037,2022-04-19
3981,Michael,Lopez,leechad@hampton-avila.biz,13,496.406.8088x91405,2024-02-03
5520,Hector,Robertson,james05@wu.biz,90,,2024-09-07
4021,Joshua,Pratt,asmith@yahoo.com,-1,001-800-581-5231,2024-02-21
9593,David,Torres,mhallsmith-kim.com,999,667.239.5624x6485,2023-08-11
5581,Marie,Lopez,,12,2700177540,2021-02-15
5564,Alan,Weeks,shannonmccarty@gmail.com,80,,2025-05-15
7853,Cheryl,Smith,carolinerocha@yahoo.com,-1,+1-444-888-8850x895,2023-05-12
3890,Nancy,Bell,ucruz@reynolds.biz,89,939.053.6864x60070,not available
1003,Alicia,Mendoza,lisa77@hotmail.com,-1,(928)595-9841,2023-04-11
2290,Carly,White,freyalison@gmail.com,999,+1-772-342-1293x90078,2023-11-04
4749,,Munoz,wilsonroger@yahoo.com,999,635.100.5573,2022-11-18
6396,,Meyer,jacqueline95@allen.com,-1,(338)499-9559,2022-02-26
9647,Kendra,Perez,deanna57@white-jones.com,999,(482)881-2629,2021-02-25
2311,Christopher,Strong,joneskiara@gmail.com,999,+1-963-913-9823,2024-05-02
9695,Elizabeth,Delacruz,llloydbarnes.info,20,(915)191-6020x7084,2021-03-22
4683,,Dawson,simpsontaylor@evans-smith.com,77,525.071.9275x9322,2025-02-17
6109,Kimberly,,svaughnparker.com,49,984-566-6227x9863,2024-08-10
1003,Cheryl,,williamnorton@marquez.com,-1,,2024-09-04
1642,Raymond,Franklin,sandra40@mcdonald.info,24,4745992982,not available
5430,Heather,Johnson,wkennedy@yahoo.com,999,776.652.1290x85437,2020-09-02
1060,Jeremy,,michelle82@hotmail.com,43,(276)711-5369,2021-01-07
8761,Dawn,,stephanie31@yahoo.com,52,+1-369-500-7059x9101,2021-05-01
4409,Denise,Simmons,colejessica@hotmail.com,-1,001-010-161-6006x478,2022-07-26
7929,Crystal,Long,tmckenzie@yahoo.com,17,619-839-3690x5190,2021-07-05
9760,Stephen,White,milleramy@hart-terry.com,-1,260-389-4266,2024-02-03
8802,Casey,Young,,999,+1-335-182-7523x18727,2021-11-16
9775,Teresa,Rhodes,logan56@carrillo-aguilar.com,-1,157.692.0499x1122,2023-01-19
5640,Linda,Brooks,ronaldzamora@smith-brooks.com,-1,6166728773,2021-02-27
5331,Laura,Castro,mkaiser@yahoo.com,-1,001-257-101-2710,2024-08-13
5203,Andrea,Flores,davidparks@hotmail.com,53,099.796.0685,2021-11-11
1003,Nathaniel,Woodward,craigrachael@hotmail.com,-1,,2021-04-10
7440,Brian,Hill,,-1,(253)896-9999,2024-01-30
9413,Aaron,Best,schneiderchristopher@gmail.com,-1,001-457-194-8970x83235,2023-11-16
5666,Chad,Dougherty,,999,351.582.6710,2024-07-27
3958,Jimmy,Jones,,999,,2020-09-09
3670,Gary,Atkinson,tcollins@garcia.com,-1,010-728-7136x96666,2022-08-30
4864,Susan,Allen,moorestephen@franklin-hamilton.com,-1,748.303.2973,2023-02-23
6885,Alicia,Pham,faith47@yahoo.com,999,174.186.4714x19695,2025-03-10
7248,,Harper,jamie70@hotmail.com,79,505.859.1368x786,2025-05-09
6866,Rebecca,Love,gjacobs@yahoo.com,999,928-975-7603,2022-07-22
4114,Edwin,Jackson,hailey90@mcintosh-bowen.com,999,6568034122,2024-06-23
1003,,Powell,heather89@davis.biz,39,+1-996-266-3482x101,2022-10-25
4074,Mary,Nelson,ngrant@hotmail.com,17,917-715-8951x81759,2022-12-24
5113,Wendy,Harris,xchapman@hotmail.com,999,897-348-6261x7822,2021-11-24
4315,Mark,Morse,,-1,001-778-441-1114x538,2024-06-18
2411,Brittany,Avila,serranomaureen@silva.org,43,001-582-679-2351x4341,2025-02-05
1252,Kevin,Oliver,riveraamanda@yahoo.com,18,(601)573-9589,2023-04-27
4713,Bethany,Bell,nmunoz@dawson.com,999,822.046.0867x6264,2025-01-02
3368,Shannon,Barry,williamsjamie@gmail.com,43,438.509.8441x778,not available
3397,,Giles,jasonwhite@taylor.com,-1,447.359.8900x33156,2021-12-20
7930,Julie,Smith,navarromichelle@hotmail.com,-1,+1-517-161-2045x041,not available
6647,Stephanie,Farmer,hesssharon@gmail.com,-1,001-704-018-6527x2388,2022-12-16
6247,Bruce,Gray,,22,001-056-458-5588,2022-08-21
7691,Dana,Benson,robertwinters@gmail.com,22,(837)982-2430x27148,not available
8019,Lindsey,Hall,johnmccoy@gmail.com,999,(526)741-9674x79992,2022-01-28
9820,,Combs,andersonlaura@haney.com,16,+1-439-466-2265,2021-12-01
9277,Linda,Mills,uboyd@dixon-choi.biz,68,,2022-11-27
8585,Lindsay,Hamilton,patrickhill@hotmail.com,13,268-681-9279x2301,2024-01-07
8323,Glenn,Mitchell,lstout@brock.com,16,001-445-905-0891,2021-01-18
6452,Fernando,Ewing,annette08@kaiser-hodges.info,83,2070528076,2022-01-19
3753,Aimee,Costa,courtney44@yahoo.com,-1,3007782964,2021-09-27
1143,Jose,Mendoza,angela21@patton-forbes.com,-1,1585187653,2022-06-18
2000,Brittany,Campos,kristennelson@gmail.com,16,+1-344-228-1281,2021-01-21
2345,Melissa,Shannon,john01@black.com,-1,001-599-966-9360,2020-08-20
9908,Kellie,Robinson,,21,5281124184,2025-05-09
8805,,Davis,,999,180-810-4144,2021-02-11
1944,Brenda,Monroe,jenniferstewart@yahoo.com,40,6833103009,2021-07-19
1037,Amy,Martinez,sherrythomas@yahoo.com,999,001-954-355-3312x53487,2022-12-06
1354,Colin,Powell,lindsey77@walker.com,999,9275811792,not available
6708,Diane,Ward,tallen@hotmail.com,999,324-990-6737x04944,2023-05-05
2394,Julie,Romero,mitchellchristopherhotmail.com,29,,2020-12-06
4641,,,hughesgail@lutz.com,999,135-987-4834,2022-04-18
1998,Justin,,blake86@ortega.org,999,+1-651-822-2930x466,2021-05-27
5267,Kristy,,,-1,001-446-725-3181,2020-07-01
8434,Linda,Gonzalez,michaelhall@davis.com,78,6643706062,2022-12-02
1541,William,Mendoza,smithmichael@yahoo.com,-1,082-796-1260x178,2021-12-23
4141,Rodney,Allen,millermichael@hernandez.com,-1,001-512-287-5080x9524,2021-11-10
1280,Jennifer,Holden,cindycoleman@acevedo.com,999,001-540-470-6178x3800,2021-12-23
1188,Renee,Cordova,goodmanjoseph@gmail.com,88,001-617-908-7827x31719,2025-01-06
7391,Leslie,Good,hartbobby@meyer.org,33,126-060-8569,2022-12-31
9737,Maurice,,ryan78@hotmail.com,999,806.438.5854,2023-10-28
9237,Samantha,Richardson,lindseydaniel@wright.com,999,+1-593-248-6687x1203,2025-02-02
1003,Katherine,,powellhaley@anderson.net,28,236.913.1734x101,2023-08-23
8546,Nicole,Moreno,aguilarmichael@gmail.com,-1,(712)877-7796x678,2020-10-23
8651,Denise,Lloyd,michael98@gmail.com,999,479-332-9145,2025-04-29
4062,Brian,Macdonald,lynchjoan@garcia.org,-1,9072061297,2020-11-02
6529,Timothy,Ferguson,,999,(754)002-3702x86616,2021-07-27
5349,Kelly,Taylor,james05@gmail.com,-1,997-558-3529x78109,2022-06-14
6698,Ashley,,christopherfrye@yahoo.com,-1,001-178-572-0986x8237,2022-02-02
4130,,Stewart,yorkjulia@yahoo.com,-1,758-847-9401x124,2023-12-10
3588,,Carpenter,shawmatthew@hotmail.com,-1,(155)145-8863x6529,2023-07-30
4384,Steven,Evans,jenkinsemily@chen.info,42,3690957446,2022-05-28
1365,Jodi,Rodriguez,donaldrichardson@gmail.com,999,195-712-6108x4483,2025-02-12
9554,George,Robinson,castroryan@gmail.com,10,(373)841-5841,2024-01-14
3223,Andrew,Johnston,,-1,(213)719-4368,2023-03-11
1003,Andrew,Sanchez,imack@gmail.com,26,0644516474,2025-04-05
4099,Jessica,Foster,jallen@martinez.org,-1,001-143-632-8828x439,2020-10-15
1975,Harry,Contreras,deannasanders@arnold.biz,32,001-377-928-6263,2021-02-06
9955,Sarah,Moran,ericksonrodneymiles-brewer.info,999,894.661.1221x342,2024-02-27
6344,Tanya,Smith,opadilla@yahoo.com,999,6433427293,2021-06-14
1755,Jon,,martinezalexis@woods.com,20,001-520-408-2807x99344,not available
9359,Nicholas,Castro,reidmichael@arroyo.net,999,7070651892,2025-03-15
9193,Shelby,Vega,mballard@hotmail.com,999,896.360.2548x70997,2023-04-27
9048,Leslie,Moreno,daisy53@hotmail.com,999,001-354-463-3031x5868,2022-04-02
8997,Tammie,Stanley,jason51@wong-schmidt.net,-1,,2021-04-17
9178,,Lopez,coryli@yahoo.com,999,,2024-09-09
6749,Tyler,Mcdaniel,ann64@lam.com,-1,600-743-1412,2020-06-16
2784,Stephen,Hernandez,allisonerin@hale.net,78,140.082.3677x40368,2020-12-05
9203,Douglas,Williams,thomas80@gmail.com,-1,6084022885,2020-09-04
6446,Juan,Lewis,chelseythomas@yahoo.com,18,,2021-10-08
2055,Christina,Tucker,hcalderon@gmail.com,999,319-229-4446,2023-12-01
1003,Kimberly,Padilla,mike28@schroeder.com,-1,705-811-4255x428,2021-03-17
1144,,Bailey,jermaine56@gmail.com,999,927.269.3487x1683,2022-10-31
1609,Dana,Wright,qkeller@gmail.com,-1,,2021-10-23
7449,Daniel,Cruz,,76,528-004-9440x49939,2024-08-13
1003,Jo,Reyes,emilybauer@hotmail.com,51,(355)954-3499,2024-09-07
6272,Grant,Miles,,-1,290.281.4268x04672,2022-08-06
7871,Darren,Wheeler,andrew14@hotmail.com,999,(137)579-3253x89308,2022-12-30
4138,Autumn,Jones,jacobsmatthew@hotmail.com,17,(399)976-4413x430,2021-06-03
1680,Brendan,Marshall,bpatton@yahoo.com,999,052.728.3890x35632,2024-01-03
4741,Shane,Pearson,smithdiane@gmail.com,-1,083.848.0718,2024-08-13
9099,Christy,Walsh,cassandrathomas@vazquez.com,999,(378)110-1119,2020-10-06
4437,Jeffrey,Fields,davidkimberly@wright-smith.com,19,+1-685-564-3140x380,2022-09-30
2575,Natalie,Monroe,dunnbarry@harvey.com,42,+1-738-662-8067x6306,2022-04-30
1964,Linda,Duarte,bwilkins@may.com,-1,001-140-577-7495x3276,2020-08-23
4100,Nicole,,donnahardin@hotmail.com,999,618-852-6333,2020-10-09
4657,,Wagner,katie25@hotmail.com,-1,+1-214-278-8142,2025-01-17
9069,Amanda,Escobar,michael14@gmail.com,-1,,2023-06-06
6117,Christopher,Gardner,melissa50@chavez-dorsey.net,37,001-075-359-0965x6714,2024-01-06
5287,,Kemp,sotocollin@rodriguez.com,999,0773877813,2021-01-07
5174,Ernest,Hicks,chris62@yahoo.com,999,(875)465-2181,not available
3868,Desiree,Stone,dtaylor@yahoo.com,-1,6737335153,2022-10-05
1090,Jason,Sanchez,george84@roach.net,-1,001-508-834-8539,2023-04-26
1436,,Clark,,20,+1-430-596-4697,not available
2512,Matthew,Casey,anthonydavid@gardner-maldonado.info,63,4914968310,2023-11-04
1003,,,oolsonyahoo.com,72,001-795-979-9553x8650,2021-04-19
4252,Erin,Kelly,,-1,,2020-11-02
7205,Sandra,Hill,librandi@blackburn-hernandez.biz,999,018.432.4780x45053,2022-07-10
1836,Kristen,Martin,danielmiddletonwilson.com,53,795-140-5795x407,2022-02-05
5715,Patrick,Robbins,,-1,(342)667-9880,2021-07-12
1857,Chase,Lambert,meganjohnson@perkins.com,24,878-729-1572,2022-01-16
5278,,Morales,,999,001-119-594-0034x5491,2021-06-20
3814,Carlos,Foster,,999,+1-986-425-3273x7434,not available
7785,Victoria,Charles,lnorris@thomas.com,-1,(085)649-1900x84215,2023-06-26
3358,Natasha,Johnston,,44,9806851197,2021-11-25
1003,Zoe,Schneider,nicholasbrown@hotmail.com,68,234-875-8485x3289,2023-11-18
9010,Michele,Huff,megan85@davidson-garrett.net,19,,not available
6008,Benjamin,Lee,susan88@wright-krause.info,74,1548497484,not available
4134,Michelle,Lucas,willissamantha@gmail.com,999,943.221.3653x0960,2024-06-15
3873,,West,zfoster@bernard.com,39,520-442-9816x03246,2025-04-17
6292,Mary,Taylor,,-1,,not available
9280,Michael,Yu,,999,,not available
5769,Timothy,Page,liusharon@castillo.biz,33,+1-231-991-5158x08367,2023-05-31
4930,David,Lee,,999,(768)001-1671x880,2023-04-24
1824,Rebecca,Donaldson,jonathan59@yahoo.com,54,053.904.5811,2022-11-03
1805,Patricia,Macias,andre48@yahoo.com,66,+1-077-274-9822x924,2025-01-13
8506,Amanda,Odonnell,,999,(337)247-8545,2021-02-05
2401,,,,999,952-832-7445x25036,2024-02-01
6025,Cynthia,Blanchard,andersonthomas@yahoo.com,999,5218871819,2022-08-12
6258,Diana,Edwards,margaretellisonmonroe-hamilton.net,33,(425)695-8415x7912,2024-06-02
1988,Michael,Alexander,jacob65@yahoo.com,40,001-716-506-2950x409,2022-01-18
9192,Marcus,Mcguire,yolanda76@yahoo.com,42,(151)281-2482x14165,2024-04-25
9460,Veronica,Jordan,benjaminreid@hotmail.com,999,327.114.5620x0452,2024-06-29
8886,Raymond,Kennedy,nancylewis@gmail.com,21,001-535-856-2778x15649,not available
5774,David,Anderson,tristanguzman@chambers.net,48,(122)335-4372x6132,2023-12-20
5454,,Meadows,jessica69@gmail.com,-1,+1-946-370-0872x16351,2022-04-25
3379,Meagan,Smith,,28,(466)130-5168,2020-11-21
9763,Sarah,Boyer,erica83@gmail.com,999,+1-618-732-6179x67857,2023-05-31
9190,Sean,Stephens,jonathan75@graves.com,999,+1-656-949-3171x81137,not available
7042,Nicole,,lauren39@hotmail.com,-1,632.998.6674x48981,2022-10-28
6085,,Mckenzie,,46,(952)167-4744x08710,not available
1624,Christina,Clements,myersrebecca@hotmail.com,999,001-064-686-0390x54636,2020-07-25
1003,Robert,Bell,price@mckenzie.com,999,001-053-866-6880x6543,not available
4285,Katherine,Cruz,,33,0380610902,2021-04-12
6424,Jenny,Brown,fpatton@hayes.com,50,722-666-4361,2025-04-23
5072,Jack,Rosales,zsalinas@owens.com,999,001-322-310-3997x732,2023-11-24
4490,,Ortega,uwilliams@yahoo.com,22,233.012.6336,2023-08-15
8256,,Sandoval,sarah56@harding.com,999,(823)624-6004x27973,2021-06-25
4678,Brendan,Rice,amy14@hotmail.com,999,001-658-807-4255x736,2023-05-13
6529,April,Jennings,leetina@walsh.com,999,510-857-4715x31412,2024-11-12
1888,,Garner,velezemily@gmail.com,999,(434)089-1606x268,2023-12-24
1036,Sarah,Saunders,mhenderson@yahoo.com,999,001-290-473-3539x08659,2020-10-28
1486,Justin,Thomas,angela53@hall-bailey.com,999,+1-308-660-8030,2023-09-23
8092,Victoria,Martin,,-1,(610)362-5240x44887,2021-03-13
9013,Kimberly,Goodwin,kathryncook@turner-smith.com,62,719-945-7478,2023-12-15
3615,Mike,Williams,browncassidy@adams-jackson.net,-1,479-976-3046x222,2023-12-21
2179,Jennifer,Beck,ldennis@hutchinson.com,15,155.200.8450,2021-07-30
5451,Eric,Robinson,justin35@hernandez.com,-1,199.105.9747,not available
9851,,Deleon,chad60@woods.com,59,,2025-01-16
1860,Eduardo,Reid,amanda21@gmail.com,999,001-920-933-4791x13157,not available
3441,Alan,Cole,dixonalisha@gmail.com,999,(217)272-9003x931,2021-03-18
9413,Eric,Williams,udaugherty@hotmail.com,-1,303.578.4602x7783,2022-01-17
4994,Lindsey,Solis,jonathangoodwin@owens.com,999,567-387-9943x96596,2023-10-02
1109,Charles,Whitehead,diana66@yahoo.com,999,3545832260,2024-02-08
8485,Kimberly,Obrien,hawkinssamantha@everett-holmes.biz,999,(226)058-0804x125,not available
9132,David,Harvey,rshaw@hotmail.com,76,+1-144-755-3175x376,2024-01-21
7267,Anne,Cowan,xdavis@hotmail.com,76,232.408.1753x8046,2021-06-14
2620,Amy,Lambert,zimmermanrichard@hotmail.com,45,237.015.3956x3739,2020-07-30
6684,Timothy,Nguyen,wolfeangela@allen.org,-1,077.065.0382,2021-06-23
8070,Erin,,stephanie26@pope.org,-1,156.764.3779,2025-02-17
9034,Hannah,Vazquez,joseph30@hotmail.com,-1,001-246-260-1293x352,2022-12-26
6537,Crystal,Scott,dmorse@gmail.com,-1,008.313.3533,2024-01-28
5154,Haley,Cabrera,anthonybarr@hernandez-ramirez.com,-1,107-518-2390x0860,2024-06-19
6578,Jeffrey,Carpenter,susanhughes@wright.com,-1,(391)709-1364,2023-01-07
3301,Douglas,,miranda38@smith.com,999,644.670.0669x41691,2022-08-07
8478,Kelsey,Washington,frosales@gmail.com,999,,2021-12-25
7932,Nathan,Davis,dkennedy@yahoo.com,-1,,2021-05-20
1409,Brandon,Patel,michaelbaker@hotmail.com,-1,001-519-222-1702x22547,2024-12-11
3746,Sandra,Powell,chandlerjuliehotmail.com,999,136.129.0235x1696,2023-03-02
6469,Michael,Chapman,ryansalas@cabrera-flores.com,-1,783-909-1382,2025-01-07
6786,Stephanie,Webster,,999,001-218-982-8926x3568,2020-11-24
6286,Ronald,Rojas,frazierrobert@gmail.com,999,,2022-05-21
1230,Sarah,Taylor,lauriewells@brewer.info,50,633-805-4223,2024-07-17
9772,Kristin,Morris,bakeranita@yahoo.com,999,224.872.0624x03274,2024-12-30
3992,Gabriel,Wilson,laura86@cooper.com,-1,001-495-511-1301x075,2022-04-06
3650,Kristen,Myers,tphillips@hotmail.com,39,(639)291-3522,2023-04-05
9120,,Howard,pdonaldson@hotmail.com,-1,562.569.1730x105,2024-07-31
1003,Ryan,Johnson,marshalldanielle@shields-medina.com,999,303.580.1721x647,2025-03-05
2967,Thomas,Oliver,jasmine91@hotmail.com,-1,365.775.4949,2021-12-01
7018,Robert,Morgan,stoutfrank@yahoo.com,999,+1-339-120-7601x0849,2023-12-14
1310,James,Murray,simmonsamanda@brady-alexander.com,81,,not available
7060,Jasmine,Walker,jaredwilliams@owens.com,46,,2020-10-17
5690,Kristin,Harmon,braunbrandon@hotmail.com,999,959-623-5835,2021-02-08
5872,Peter,Blackburn,mark29thompson-dickson.com,80,,2023-12-06
2418,Carolyn,Sparks,brittany05@matthews-parker.com,-1,(144)363-0329x6521,2025-01-28
8346,Kathryn,Hill,juanweaver@wilson.com,-1,(439)129-7375x818,not available
2804,Christopher,Brown,cohenfrank@hotmail.com,-1,152.370.0621x5096,2020-06-26
7024,Sheryl,Powell,mullinsloripeterson-sexton.com,999,529.537.8421x241,2021-09-03
8270,Thomas,Bean,ejones@sanchez.org,29,706-796-1092x7807,2023-11-21
2036,,Edwards,yatesronald@gmail.com,999,6733183992,2023-06-24
9170,Mary,,ellismary@cooper.info,-1,+1-550-970-5055x542,2023-05-31
3342,Amber,Perez,michaelthomas@hotmail.com,-1,281.300.2419,not available
9468,Karen,,,-1,141-155-3568,2024-06-14
6772,Stephen,Farrell,williamsscott@gmail.com,83,,not available
4293,Gary,,laura11@gmail.com,-1,,2020-10-22
2161,Shannon,Austin,david70@hotmail.com,999,+1-864-315-0341,2023-09-25
7252,Robert,Chung,cherylmeyers@aguirre.com,999,001-536-559-6260x438,2020-12-24
2205,Katherine,Hawkins,keithcaldwell@daniel.com,999,(734)883-9737,2023-12-13
7727,Nicole,Clark,amiller@black-thompson.org,70,+1-498-996-4421x00298,2024-09-03
1639,Anne,Soto,shawnsmith@perez-simpson.org,999,(297)684-5364,not available
4614,Michael,Bell,renee84@gmail.com,999,172-520-1035x2975,2022-12-17
8756,Joyce,Mckinney,jacksonjennifer@yahoo.com,36,,2020-07-18
6831,,,betty62@smith.info,25,(064)552-7407,2020-08-11
5630,Erika,Brown,devonrios@knight.com,999,+1-891-582-0901x7419,2023-08-10
9726,Brandon,Hahn,cindy12@parker.com,41,(907)443-7023x30701,not available
1688,Trevor,Curtis,riveramaria@wood.org,87,(257)493-3672x39758,2020-10-31
3750,Erik,Mcguire,hallbelinda@hotmail.com,999,355.309.4012,2025-04-02
8663,Samantha,Hart,donnalawrence@hayes.com,53,(938)252-3905x4871,2022-02-09
1418,Susan,Phillips,richardmoss@gmail.com,-1,002.316.7655x1832,2020-11-22
6166,Adam,Brooks,natalie63@gmail.com,31,(131)319-3286,2023-04-12
9617,Taylor,,ahill@gmail.com,-1,267.967.3004,2024-06-22
8081,Amanda,Roberts,elizabeth26@johnson-rodriguez.com,-1,868.493.7901x06857,2021-11-11
5451,Monica,Ramirez,susancollins@pineda.com,-1,,2022-12-03
1685,Tammy,Powell,,-1,829.424.2485x7563,2025-01-21
1003,Mark,Wiggins,snydertanner@gmail.com,40,564.615.0819x86801,2020-11-09
1678,Steven,,christinamatthews@wright.info,999,3992654486,2023-10-12
5597,Hailey,Garcia,conwayalexander@davies-martinez.biz,-1,5544757402,2020-06-06
1003,,Burns,,999,001-954-639-1538x6842,not available
1223,Jacob,,melissayoder@walker.com,74,(065)142-9927x9468,2021-03-03
1574,Randy,Myers,robin19@yahoo.com,-1,,2023-06-08
3549,Lisa,,wilsonkaitlyn@jones.net,-1,+1-550-697-0060x88655,2022-01-09
7030,Deanna,Moore,farrellrachel@love-moreno.info,60,6738712774,2020-07-20
1003,Joshua,Singh,sonya13@hall.com,34,418.038.5750x9502,2021-06-12
2124,Matthew,Mccarty,,999,(824)768-4396x9020,2022-07-16
7988,,Guerra,,999,(291)198-1472,2021-06-09
1888,David,Wallace,richardhunter@garcia.info,13,136.280.7964,2024-03-18
1003,Troy,Tucker,,-1,(532)900-1098x55260,2024-09-10
8987,Robin,,robynkeller@wood.com,-1,+1-098-160-7851x639,2021-10-21
6783,Patricia,Stone,tallen@gmail.com,-1,957-497-0216x27998,2022-04-19
1558,Shaun,Hernandez,ecisneros@yahoo.com,999,001-274-495-7522x433,2022-07-20
9165,Kimberly,Griffin,jefferyhutchinson@lucas.com,-1,+1-604-412-0681x8794,2024-04-20
6598,Gail,Dixon,shanson@deleon.com,999,827-749-2088x50766,2025-04-13
3471,Crystal,Shepherd,qhill@hall.org,23,470.125.4442,2022-12-29
8520,Michael,Sanchez,sonya86@butler-shea.com,999,(943)774-4841x550,2023-10-17
1928,Martin,Collins,gonzalezdustin@yahoo.com,33,805-042-6636x884,2024-02-09
4721,Mary,,lindsay25@yahoo.com,32,+1-174-669-1457x3807,2021-07-08
3796,Thomas,Doyle,gonzalezmichael@yahoo.com,-1,+1-600-951-9636x44854,2023-10-10
2795,Shannon,Waller,zrodriguez@payne-lawrence.com,-1,+1-150-220-8818x682,2023-01-19
3940,Christopher,Hicks,,12,759.624.3270,2021-05-24
6014,,Moon,jacksonjames@black.com,81,654.215.9863,2022-06-28
4356,Robin,Miller,fsullivan@hudson.com,999,451-823-2705x5506,not available
1003,Amanda,,yhenry@gonzalez.com,999,(855)832-3168x4542,2022-10-23
5158,Brenda,Scott,dannyallen@hotmail.com,-1,(980)601-4567x031,2021-12-21
7874,Carol,Daniel,lwisehoward-cruz.com,86,,2025-01-28
2726,Michelle,Daniels,wjones@bates.com,38,175-834-6862x39144,2022-07-01
9495,Kimberly,,fwood@ayers.info,999,554.239.9672x84737,2023-09-18
7286,Matthew,Sanders,zedwards@sims-smith.com,999,(390)567-9112,2021-10-25
6808,Kristin,Contreras,rpeterson@gmail.com,999,725-460-7164,2022-04-27
6649,Colin,Nguyen,privas@gmail.com,999,580.087.6286x28310,2024-05-17
9212,Alan,,vanessa91@yahoo.com,-1,588-018-6608x096,2023-02-13
6456,Barbara,Herman,tiffanysmith@hotmail.com,-1,+1-328-551-5991x4973,2020-09-14
7764,,Perry,wilsontiffany@gmail.com,42,502.800.8973x9455,2022-11-22
5967,Martin,Mack,wardchristopher@dickerson.org,999,001-478-093-2891x9373,2025-02-22
1003,Stephen,Church,bobby66@hotmail.com,999,+1-157-540-4610x779,2020-12-01
6493,William,Mccall,wendy43@chapman.com,999,001-202-265-3150,2021-03-27
5743,Karen,Griffin,,-1,+1-420-334-2719x200,2021-07-21
7466,Courtney,Bridges,colechristie@knapp.biz,999,,2021-03-21
1105,Brett,Kennedy,renee66@hotmail.com,19,+1-171-060-1552,2021-03-08
1990,Kenneth,,zbishop@torres.com,999,001-568-681-1704x830,2020-08-31
8064,Darlene,Lester,morrisonalexandrayahoo.com,-1,368-086-5857,2021-03-13
3551,Patricia,Phillips,stacy62@yahoo.com,-1,981.225.1542x49211,2023-02-22
6059,Matthew,Smith,john11@lewis.com,999,377-198-5786,not available
7061,Christina,Powell,ashleygraves@roth-sullivan.com,27,(794)790-1024x623,2024-01-04
2753,Brandi,Bishop,ibarrajoseph@gmail.com,999,611.134.9956x2861,2021-06-16
3983,,Cabrera,victoria77@perez-thompson.com,66,773-896-2214x34598,2020-07-22
9648,Scott,Harrington,butlermichael@hotmail.com,999,531-224-7561x458,2025-04-20
1498,Roberto,Cabrera,cford@martinez-garcia.biz,32,980.087.5962x5566,2025-02-04
9540,Brandon,Hardy,laurawilson@gmail.com,-1,+1-423-417-6393,2024-06-03
5018,Lisa,Contreras,bradymary@burnett.org,88,001-652-680-7837,2022-06-09
7225,David,Gonzalez,jennifer92@hotmail.com,999,,2021-05-14
9529,,Carney,,21,,2025-05-26
9722,Nichole,Sampson,,-1,,2021-02-17
8710,Jeffrey,Madden,stephen47@gmail.com,999,367.647.7579,2022-12-13
4977,Adam,Smith,travis89@garcia.com,-1,(871)726-8413,2022-03-27
4518,David,Vargas,peggydaniels@hotmail.com,-1,868-166-4918x6829,not available
2400,Greg,Zuniga,mrush@sullivan-richardson.com,-1,(465)436-6863x64933,2021-10-05
1886,Alison,Allen,holderdebra@johnson.com,999,7457624390,2022-10-31
3807,Jay,Kidd,hlane@porter.biz,-1,+1-881-379-0093x425,2024-03-09
4012,Andrea,Washington,pconner@davis.com,52,685.231.8091,2021-01-06
2931,Ann,,,-1,001-064-656-8010x25925,2021-10-22
3035,Jerome,Maldonado,newtonjon@walker.com,41,,not available
3521,Andrew,Baker,leslie50@yahoo.com,42,055.677.9084,not available
3465,Benjamin,,tayloremily@yahoo.com,999,(751)559-6066x166,2020-10-28
1877,Patrick,Walker,matthew19@yahoo.com,-1,336-457-2396x300,2023-04-30
5487,Zachary,Arnold,sara61@hotmail.com,999,,2023-08-13
7010,Tyler,Ferguson,cphillips@hotmail.com,73,+1-514-353-3763x4416,2022-11-01
5026,Jennifer,Hayes,amandamoore@wilson.com,-1,+1-224-333-3027x81390,2024-11-25
2629,William,Sanchez,loribarberyahoo.com,999,9134726136,2023-10-12
7977,Alejandro,Bowman,pricejames@yahoo.com,999,001-060-106-8530,2023-05-11
2927,Lisa,Hill,rfox@gmail.com,32,635.227.5327x8360,2021-07-06
2026,Benjamin,Torres,jamiewiley@yahoo.com,-1,+1-355-532-6938x0199,2021-12-06
1356,Catherine,Sanchez,abrown@yahoo.com,-1,641-600-6004x94508,not available
9551,,Reed,mariahbanks@gmail.com,31,(328)147-3483x88764,2023-01-26
5110,Penny,,sbrown@yahoo.com,36,001-812-687-3165x672,2021-06-08
1924,Justin,Oconnell,watsonlauren@bates-valdez.com,-1,959.196.7005x54206,2022-10-06
4789,Dawn,Fitzgerald,patricia98@yahoo.com,89,(683)103-7153,2023-02-26
8668,Cynthia,Fitzgerald,ibruce@hotmail.com,999,,not available
9344,Brittany,,odavenport@yahoo.com,-1,097-794-3131x99327,not available
5668,Brandon,Harris,robert88@mendoza.com,65,954.896.6606x983,2020-12-13
8799,John,Cook,callen@hotmail.com,-1,786-419-2137x86156,2024-06-23
1952,Holly,Marks,hstephenson@yahoo.com,51,(371)946-6521x19367,2021-11-18
1015,Marcus,Ramirez,erik90@golden.com,-1,+1-410-917-0604x96912,2021-02-10
7928,Darlene,,prattkristen@parker.com,999,+1-229-186-3749,2020-06-13
3335,Jill,Hines,meganschultz@yahoo.com,999,427.522.0746,2021-06-27
3158,Justin,Armstrong,shane64@hotmail.com,999,+1-774-621-7988x4078,2020-12-22
8874,Chad,Jones,christophercabreragmail.com,-1,598.414.7864x5031,2024-01-10
8960,,Parker,hodgejohnnyherrera-fletcher.org,-1,+1-616-342-8329,2023-01-04
3631,Antonio,Nguyen,christopherrobinson@grant-russell.com,-1,(075)445-8999,2024-11-04
8811,,Esparza,ann14@hotmail.com,86,506-109-1530x271,2023-05-25
7379,Michael,Phillips,,24,511.382.1736,2021-08-21
1546,Bethany,Arnold,charles96@garcia.com,52,1558133030,2022-08-18
8505,Krista,Ballard,hancockdawnyahoo.com,46,(512)661-9622x60160,2022-12-05
1859,,Berry,joseph01@gmail.com,-1,(444)706-2753x90772,2024-10-18
4961,,Cox,marvin66@jones-floyd.com,-1,2285616502,not available
8072,Victoria,,millerchristopher@brown-king.com,-1,001-882-248-1869x4166,2023-05-30
6920,Jodi,Smith,haleedward@adams-gonzalez.biz,999,001-109-330-2396,2025-05-13
8171,Jesse,Marks,amy54@johnson.net,999,+1-123-598-5279,2023-06-12
5493,John,Mills,stephenjackson@gmail.com,999,(252)820-9536,2021-01-14
7924,Caleb,Wolf,donald51@yahoo.com,999,976-768-6445x94631,2020-06-11
4059,Brandi,,millercharles@moore.info,-1,(717)799-8355x650,2024-12-19
8852,Gregory,Washington,diana48barker.net,-1,976-616-9042x053,2024-03-10
5755,Michael,Barrera,lorirogers@hotmail.com,-1,(434)669-7204x525,2021-03-23
5903,Jessica,Charles,garyfrancis@gates.com,-1,213-568-7936,2024-11-06
9805,Miguel,Flores,terry11@hotmail.com,45,594.280.7216,2024-11-14
6256,Cindy,Ochoa,derrick69@hotmail.com,90,2247954894,2022-07-25
5528,Alicia,Davis,dwillis@yahoo.com,50,+1-662-707-1145x595,2021-02-06
1494,Andrea,,,-1,,2023-01-08
8373,Katherine,Smith,,58,4299006735,2025-04-06
3725,Eric,Zimmerman,aprilreed@austin.org,26,444-418-5477,2021-11-09
1472,Michael,Mora,phillipsvictoria@gmail.com,53,321.997.2190x1454,2021-10-20
7303,Ashley,Hill,,999,(902)500-6297x396,2021-07-24
1003,Tiffany,Cole,laurenspears@yahoo.com,71,001-100-544-5419,2020-08-14
4657,Jessica,Caldwell,,-1,0907219069,not available
4793,Frederick,Hernandez,jenna03@hotmail.com,999,(131)384-4598,2022-05-06
4289,Erin,Schneider,langscott@gmail.com,999,+1-898-791-8300,2023-05-24
4049,John,Miller,frederick67@perkins.com,72,282-002-7094x337,2022-03-11
2395,Sharon,Moore,anthony29@hotmail.com,999,(871)557-0447x481,2024-03-06
7520,Suzanne,Griffith,,51,(100)158-3323x6736,2020-12-26
6858,Dave,Briggs,gonzalezvalerie@mendoza.com,31,4359039318,2022-03-29
4273,Teresa,Torres,contrerasshane@miranda-kemp.net,19,(797)385-0325,not available
6712,,Robinson,tammy65@hotmail.com,47,323.427.6351x8892,2025-05-28
6989,Carl,,heatherschmidt@harrell.com,-1,+1-716-677-1477x37508,2020-10-19
8135,Patrick,Lawson,annpriceyahoo.com,999,124-133-7612,2022-01-01
5438,Melissa,Copeland,nicolebrown@yahoo.com,90,001-796-954-0649x35277,not available
6198,Dakota,,maxbond@gilmore.info,999,2501819070,2022-08-04
1935,Jimmy,Vargas,maryperry@gmail.com,-1,+1-433-123-7353x9775,not available
2918,Thomas,Wagner,heatherlong@yahoo.com,26,4787673226,2023-01-21
2622,Mark,Hudson,briannamunoz@hotmail.com,999,130-810-6331,2020-08-04
7006,Laurie,Myers,karl48@gmail.com,42,299-845-8198,2020-10-31
2033,Oscar,Smith,yharris@yahoo.com,-1,303-916-6384,2020-11-12
8411,Michael,Roberts,smithjoel@cooper.com,61,320.482.5100,2021-08-19
7054,Juan,,santosrichard@fletcher.com,27,279-996-9832,2023-07-15
5057,Jim,Rivera,christina70@brown.com,-1,,2021-09-16
5515,Wanda,Perkins,pmurray@martin.info,70,(951)597-7004x334,2021-07-23
5024,Suzanne,Anderson,angela52@gmail.com,999,494-640-7529x04009,2024-07-16
1003,Jacqueline,Hunter,zlee@smith.info,54,285-786-3462,2021-09-14
1633,Carlos,Sellers,,80,037.234.2282x5331,2022-04-01
7832,Valerie,,sandrawatkins@sharp-banks.biz,-1,+1-999-354-8930x9356,2021-09-10
7274,Olivia,Chaney,uhays@yahoo.com,999,,2025-01-21
8182,,Bush,,-1,491.987.9018x937,2025-03-23
3761,Steven,Bass,,999,3712585306,2022-07-01
8978,Charles,Johnson,ewhite@acosta.biz,-1,,2023-05-18
3441,Jeanette,,,-1,001-924-859-7632x54103,2021-08-25
1003,Edward,Torres,kaitlyn39@yahoo.com,999,(812)258-5271,2024-07-23
7702,,Davis,nathanfowler@hotmail.com,999,+1-783-127-5355x6793,not available
3094,Jason,Jacobs,rubensanders@gmail.com,999,097-847-1631x5101,2020-10-15
4913,David,Parker,sandersanthony@holland.com,-1,361-332-4769,2021-04-21
7054,Jeffrey,Hernandez,ramirezdavid@hotmail.com,67,001-597-997-7806x284,2021-10-25
7400,Travis,Martin,egoodwin@shepherd-bowman.com,30,,2021-06-03
6470,Emily,Moore,lindseygraves@hubbard-morgan.com,-1,416-560-8010,not available
9553,,Hall,samuel80cobb.com,45,858.485.6332,2024-08-24
7750,Julie,Aguilar,,37,1885515553,not available
6359,Patrick,Thomas,pjones@hotmail.com,999,001-230-617-9179,2024-11-02
6503,Leonard,Clark,vrichards@juarez-taylor.com,-1,,2021-09-30
6553,William,Bauer,markduncan@goodman.biz,-1,,2024-08-20
9228,Daniel,Lee,deborahgrahamstokes.biz,-1,(346)686-9140,2024-08-31
7072,Emily,Lopez,amanda22@bates-west.com,80,735.263.8662,2023-04-04
2680,David,Diaz,burkeandrew@hotmail.com,-1,(247)406-4593,2024-08-27
7813,Hailey,Morris,fwilcox@hanson-dunlap.com,60,132.702.4422,2023-02-23
9190,Brandi,Hall,josephkim@davis.com,999,+1-985-445-1099x049,2024-11-08
1109,Philip,Marshall,cynthia25yahoo.com,999,928-901-5910x340,2021-01-04
3326,Joseph,Lopez,caitlin75@grimes-garza.com,48,686.056.8299x1502,not available
2503,Anne,Perez,medinamichelle@gmail.com,999,001-618-166-3256,2020-06-19
5431,Roger,King,maynardjulie@kramer.com,999,3893065474,2023-05-18
7170,Tyler,Huber,ramirezralph@armstrong.net,-1,,2021-01-03
5228,Tiffany,Lynch,roberto96@hotmail.com,24,,2020-10-20
9689,Debbie,Jefferson,wagnermarissa@norton.com,-1,001-080-126-7897x5411,2021-11-06
3613,,Turner,randyclarke@black-trevino.info,51,(575)485-5906x395,2023-09-09
9254,Robert,Carroll,collinspatricia@flores.net,999,779-144-3056x4068,2020-06-18
6277,Joseph,West,bobbybailey@yahoo.com,45,,2021-10-30
2143,Carol,Jenkins,jennifer65@martin.com,999,(023)635-3755x5091,2022-04-01
1550,Jeremiah,Hopkins,lisa60@hotmail.com,-1,+1-711-521-0396x26039,2021-03-31
7493,Jason,Johnson,mark66@benson.com,-1,(626)996-8665x15694,2020-07-29
3254,Chad,Washington,sheliacookesmith.net,84,(294)323-1345x21276,2022-10-28
5611,Lisa,,robertsbetty@carpenter.info,-1,+1-481-822-3055,2025-02-28
6276,Ruth,Forbes,zmeyer@morrison.info,42,641-393-8646,not available
4283,Jose,Silva,rossbrenda@shields.com,41,+1-489-932-1284,2023-05-03
9957,Julie,Baker,kimberly49@salas-hill.com,-1,6950649599,not available
1274,Elizabeth,Arnold,heatherwhite@yahoo.com,-1,(204)089-1833,2025-01-29
6452,Jessica,,hawkinsdaniel@gmail.com,17,824-098-7553x316,2023-04-10
1382,Joseph,Evans,veronicavargasvargas.com,-1,556-583-4696x6433,not available
1003,Shane,Dixon,frichard@gmail.com,67,3086628472,not available
8438,Jacob,Norman,zvillarreal@hotmail.com,-1,(400)345-1815x48534,2024-01-11
2775,Richard,,hernandezaaron@yahoo.com,999,421-036-4297x7142,2023-06-24
9435,David,Simpson,mbryant@hotmail.com,-1,(387)160-8229x39056,2025-02-23
4663,Anthony,Wilson,,18,+1-680-835-9387x86016,2024-09-05
7843,Rick,Lara,brendaellis@ray-hamilton.org,83,225.398.2362x43433,2021-09-23
3496,Kelly,Berry,grossbrandy@gmail.com,76,(666)205-2947x3638,2021-06-21
7481,Thomas,Serrano,,999,(339)004-2929,2021-12-31
9122,Randy,Porter,teresa61@hayes-wright.com,-1,300-191-7356x555,not available
2036,Melissa,Johnson,zacharyharvey@sanchez.com,-1,926.057.3017x5018,2022-01-01
7687,,Hammond,robertbell@hotmail.com,999,829-506-0695,not available
1003,Michael,,matthewreid@smith.com,999,+1-617-808-8949x080,2021-11-11
3009,Lauren,Miller,qmurphy@gmail.com,78,807.477.6669x1986,2025-05-20
8302,Diana,Henderson,ymann@gmail.com,-1,037.614.7076x157,2024-04-17
1025,Donna,Allen,matthew52@hotmail.com,999,3768887398,2024-01-22
9179,Rebecca,Gonzalez,tatelauren@krause-lee.info,999,+1-838-051-6103,2021-11-16
2141,,,patricialee@gmail.com,-1,0300398944,2022-01-04
9483,Renee,Moreno,jacksondana@yahoo.com,-1,+1-800-946-5468,not available
5959,Jennifer,Taylor,estrickland@gmail.com,28,480-443-4971x56278,not available
1003,Daniel,Long,robinbrown@yahoo.com,12,925.201.3094x682,not available
9136,Gabriel,Kelly,mooreallen@gmail.com,999,+1-230-435-4511,2024-05-22
6972,Kristen,Fisher,bmitchell@hotmail.com,999,001-106-801-7752x5688,not available
6004,Christine,,mackteresa@lamb.net,-1,695.186.6842,2024-06-23
7925,Sandra,Nichols,tammymiller@hotmail.com,999,+1-201-549-6110,2023-06-05
2990,Charles,Morales,,999,801.871.7451,2020-09-23
9600,Richard,Fowler,stacyvargasyahoo.com,-1,+1-647-372-1609x1607,2022-06-28
6690,Samantha,Mann,kleonard@gmail.com,89,+1-611-746-6448x6654,2024-05-14
1003,Tina,Berry,joshuagarcia@gmail.com,999,479.385.4009,2024-04-09
5914,,Miller,mendozajulie@reilly-kim.com,999,,2020-12-30
2946,Jamie,Wood,,54,+1-630-630-4794x72283,2022-09-22
3367,Brooke,Dawson,michaelcarr@perkins-hudson.com,89,+1-925-004-7533,2024-05-07
3566,David,Jackson,stewartrachel@yahoo.com,999,001-846-154-9311,2024-02-14
5834,Kenneth,Woods,,999,(493)211-1149x0970,2024-11-25
2951,Bradley,Diaz,mariapearson@thompson.info,-1,2342706431,2022-02-04
9256,Steven,Craig,yhernandez@gmail.com,-1,569.362.5328x427,2021-12-05
1003,,Brown,,88,(475)649-6532,not available
1392,Joshua,Romero,uward@lowe-hill.biz,54,001-831-771-3313x876,2020-08-10
8212,Todd,Howell,esnyder@yahoo.com,-1,,2024-08-14
3290,,Smith,stephaniejohnson@gmail.com,-1,,2024-07-17
5464,Lindsey,Conner,patelkelly@hotmail.com,999,114.100.8152,not available
4074,Frank,Hendricks,leetina@gmail.com,57,+1-105-907-4434,not available
8943,Michael,Martinez,janeblack@yahoo.com,999,001-959-408-1903x31640,2020-06-06
2652,Jacqueline,Keller,jstuart@shields.org,61,771.351.1232,2021-12-13
7657,Robert,Farrell,braunangela@hotmail.com,999,001-431-402-0976,2024-12-18
2183,Adam,Jordan,timothy95@hotmail.com,41,(805)999-4147x981,2025-02-18
9488,Kelly,Malone,chelseamckinney@mathis.com,75,+1-068-972-1984x564,2023-02-13
9343,Jennifer,Richard,hamiltonalex@yahoo.com,-1,(742)213-4048,2023-07-03
7794,,Walker,cwoodshotmail.com,-1,118-884-3958x793,2024-04-05
5429,James,Long,johnsonbrenda@gmail.com,-1,001-014-554-8803x658,2025-04-04
5537,Paul,Moreno,mhenry@wood-sanchez.com,54,+1-403-545-3854x0120,2021-04-07
4951,Diane,Harris,jesusbradley@aguirre.com,-1,(903)073-7382,2025-05-08
6913,David,,huntermaria@berger.org,48,0162595409,2025-01-15
9300,Eugene,Shannon,,68,797.995.3563x5534,2020-11-06
3935,Destiny,Russell,patricia12@campbell.net,77,8507206532,2020-09-21
7991,Gina,,sarahyoder@yahoo.com,-1,(858)094-2707x3599,2022-02-16
4218,Michael,Abbott,lisabrooks@thompson.com,999,706-731-2277,2022-02-18
2947,Ronald,Dixon,washingtonmarcus@hotmail.com,-1,580.768.0189,2024-03-29
3150,Michael,Frank,yrodriguez@yahoo.com,32,383.377.8260,2020-12-20
2337,Karen,Miller,johnpadilla@huynh.org,-1,001-929-240-1411x04550,2022-10-14
6555,Gabriela,Roberts,jenniferglenn@hotmail.com,-1,(043)578-9855x468,not available
8157,Kenneth,Nixon,,-1,001-149-774-3296,not available
8011,Jason,,mcollins@gregory.com,-1,046.698.3721x9223,2023-07-09
8406,Alyssa,Ray,tcook@harris.com,49,001-492-929-0918x0526,2022-09-06
5638,Joseph,Daniel,brownamy@pierce.com,999,(373)711-4316x5869,2024-04-13
7266,Kelly,Williams,hughesconnie@reynolds.com,30,001-834-161-1838,2022-11-30
9730,Jimmy,Murphy,,52,690.668.0589,2021-02-11
6783,,Peterson,fwallace@mahoney.com,16,+1-264-584-1368x197,2024-02-01
7599,,Johnson,richardsvirginiagmail.com,-1,+1-306-304-7320,2024-10-27
6497,Erin,Hunter,beckysampson@yahoo.com,44,285-902-1416,2020-12-26
3179,Taylor,Jimenez,smitherin@torres.com,-1,+1-891-151-0626x214,2022-09-17
6650,John,Robertson,,-1,018.631.7605,not available
8026,Brianna,Travis,evan57@wilson.com,89,607-029-3718,2022-08-30
6049,Ashley,Martinez,benjaminhenderson@bryant.com,999,,2025-02-19
4366,Tracy,Hughes,christopher79@reed.info,999,398.896.3763,2023-10-19
6509,,Torres,madisonkaneyahoo.com,999,450-411-2576x027,2024-01-01
1003,Keith,Webb,eparker@yahoo.com,-1,+1-242-774-8964x05389,2024-09-03
6211,Shannon,Coleman,timothyolsen@hotmail.com,999,854.068.9490,2024-09-24
9252,Zachary,Miller,brandygarcia@bryan-kirby.com,53,(080)497-3545x12090,2024-04-29
1713,Holly,Dominguez,uewing@gmail.com,22,001-832-036-0829,2021-04-04
8562,,Meyer,tiffanywest@hotmail.com,999,,not available
7675,Christopher,Stout,carrie91@yahoo.com,74,(822)596-7630x6355,2021-01-29
2824,,,howarddonald@palmer-stevenson.com,-1,(999)769-7969x817,2022-03-26
2281,,Hopkins,clarkkathleen@lozano.info,999,042-326-7569x3949,2025-02-25
3881,Tom,Davis,melissa57@meyer.org,89,708.555.1682,2021-05-27
1003,Ricky,Hahn,benderbrittany@hotmail.com,-1,254-090-4748x3296,2021-03-19
6893,Thomas,Lewis,jacob39@smith-parker.org,76,,2020-07-22
7338,Glenn,Vaughan,brownjessica@gmail.com,-1,847-243-9326,2023-07-22
8974,Amy,Reid,ashley57@gmail.com,79,6817329237,2023-04-23
1855,Javier,,natasha40@allen-gonzales.com,999,(122)039-6935,2020-06-12
3636,Chelsea,Myers,,33,,2020-08-23
1416,Angela,,,-1,(886)862-6313,2022-03-26
9836,Christopher,Wilkerson,xgray@hotmail.com,999,258-366-0178,2022-03-02
3979,Gina,Mendez,sellis@hotmail.com,999,205-967-8029x7893,2021-10-03
2798,Amy,Allen,mendozarhonda@hotmail.com,-1,208.594.1293,not available
4101,Richard,Reyes,vickibennett@robertson-brown.org,999,,2023-01-19
6506,,Saunders,heidi80@reynolds.com,-1,(502)367-8826,2022-11-13
2526,Andrew,Sanchez,twilliams@yahoo.com,-1,,2022-03-02
1003,Jill,Shields,,14,853-702-4221x2479,2023-11-10
7869,Alicia,Williams,ylogan@yahoo.com,999,640.512.7423x047,2021-09-18
6918,Daniel,Wilson,smithsteven@yahoo.com,21,056.877.1317,2025-05-29
1994,Barbara,Harris,,999,(862)498-9937x140,2024-03-06
1003,Douglas,Ramsey,anajackson@gmail.com,999,+1-546-848-0135x28656,2022-11-07
9206,Katie,Mckenzie,scottgonzales@mccann.biz,999,+1-222-953-3026x69566,2020-06-29
5552,Michael,Robinson,morganjennifer@gmail.com,999,+1-065-117-4816x66273,2020-06-06
5188,David,Santiago,mooreshawn@yahoo.com,-1,173-462-0242x1352,2022-11-17
3045,Anthony,Flores,canderson@davis-garcia.com,26,(206)535-3430x6592,2023-02-19
2288,Dawn,Clements,carterjudith@gmail.com,-1,(474)808-3189,not available
1624,Connie,Smith,hahnshelly@yahoo.com,-1,645-687-7973,2025-01-08
1003,Jennifer,Vasquez,cody54@yahoo.com,999,+1-584-935-5214,not available
4384,,Johnson,valeriechavez@edwards.com,-1,755.581.4378x51724,2022-06-23
4692,,Clark,imack@herrera.com,-1,198-060-0835,2020-08-24
1926,Susan,Edwards,thomasgray@gmail.com,999,001-403-284-9111,2024-01-26
8646,John,Ewing,ebrown@villa.com,999,+1-292-943-0645x5390,2023-02-01
5566,Ashley,Walsh,shelbyzimmerman@powell.net,999,058.668.1161,2022-11-01
4166,Wanda,Allen,davisdouglas@yahoo.com,56,031-810-1303,2020-09-23
1472,James,,clarketara@garcia.com,-1,182.628.6737,2024-02-12
6487,Jessica,Neal,jane41@hotmail.com,-1,255-991-8890x1792,2022-01-13
5563,Brad,Reed,reeseangela@lee.biz,-1,+1-554-651-9044x5683,2022-01-15
5207,Peter,Anderson,bailey90@sutton.com,999,103.549.9092x67124,2023-07-28
2866,Kim,Rasmussen,williamstiffany@gmail.com,999,(696)283-3339x67170,2023-10-27
6536,Kristina,Smith,kevin21@jackson-li.org,999,(261)520-5223x1815,2021-03-17
8423,Tammy,Montgomery,blakejordan@yahoo.com,-1,203.638.2959,not available
8537,Laura,Wall,aevans@shannon-wilkins.info,13,305-018-6804,2023-03-10
2434,,Greene,markmorse@gmail.com,999,051.667.1179,2022-12-16
2048,Steven,Thompson,hubbarddavid@jenkins.net,84,(508)791-4346x105,2020-09-06
3608,Brandon,Hale,devans@frye-gibson.biz,54,+1-927-483-4125x374,2022-11-07
1938,Carolyn,Hernandez,laurakennedygmail.com,-1,001-248-779-6789x484,2020-08-06
6484,Jordan,,fhodges@turner-johnson.com,74,7388525506,2025-02-08
7103,Evan,Galvan,travissmith@hotmail.com,-1,+1-558-010-8820x92952,2022-12-15
1902,Michael,Ramirez,inorman@chan.net,999,(804)143-9867,2021-07-05
1077,Gregory,Ray,brianlee@gmail.com,-1,001-203-436-9464x456,2022-12-26
1039,April,Gomez,jmitchell@trujillo.info,999,,2020-06-21
9470,Marcus,Thomas,jacoblee@roberts.biz,27,0576870715,2022-05-23
9200,Donna,Webster,jennifer96@hotmail.com,999,8691131836,not available
6365,,,,14,(039)543-2199x75967,not available
4234,Mary,Johnson,alanfigueroa@hotmail.com,999,001-226-937-8489,2021-11-04
2570,Audrey,Adams,hernandezsean@cruz.com,-1,(786)168-6569x209,2020-07-11
5050,Nathan,Payne,mark00@hotmail.com,27,939.901.5075x140,2020-12-02
7724,Randy,Turner,jgilbert@shaw.com,999,320-086-1755,2022-11-18
1363,Rachel,Adams,fieldsgary@yahoo.com,999,(070)168-8626x424,2021-06-19
2423,Joshua,Haley,kurt85@roy.com,62,414.682.6285x088,2025-01-26
9824,Deanna,Blackwell,alyssabeasley@hotmail.com,83,(194)882-4272x87968,2021-10-18
1255,Julie,Pratt,penny28@bailey.com,999,001-029-865-6743x7704,2021-04-06
5521,Teresa,Watkins,bwarner@yahoo.com,-1,066-216-2344,2024-08-22
2745,Brandon,Rivera,snolan@thompson-griffin.com,999,951-962-8265,2023-02-23
1184,Jeffery,Santana,fdonaldson@hotmail.com,999,001-988-526-0905,2021-04-01
8390,Christian,Hooper,,27,611.895.6501x7804,2021-04-07
8704,Justin,Chavez,longjennifer@armstrong.com,999,6230943828,2021-06-03
9700,Kellie,Butler,jasonellison@gmail.com,-1,(839)636-7122,2020-12-29
6243,Nicole,Jones,sean47@hotmail.com,-1,001-358-952-6975,2023-11-22
1497,,Cisneros,tiffanycarr@yahoo.com,999,(153)860-5200,2022-04-16
3111,Caitlin,,,25,288-301-0063,2023-04-10
2574,John,Myers,leejennifer@jimenez.com,-1,,2023-12-20
7000,Wendy,Morgan,nunezmonica@hotmail.com,999,384.775.8414x7563,2022-02-02
8097,,Thompson,yjackson@yahoo.com,999,+1-899-447-0141x59340,not available
3992,Joe,Edwards,devon76@carter-smith.org,999,680.460.8353,not available
2443,Scott,Sims,pklein@gmail.com,999,722.790.7755,2023-02-20
5111,Logan,Barnes,,999,001-268-680-8695x0175,not available
9222,,Perez,wsharp@sanchez.com,84,+1-286-863-0159x10241,2022-12-28
8467,Paula,Cobb,deborahhill@yahoo.com,87,489-518-1312x4097,2020-06-15
8936,,Ortiz,kennethberger@bradshaw.info,37,(126)502-4399x8724,not available
4885,Katherine,Price,melissa73@williams.com,999,828.436.3024,2023-04-09
3211,Kimberly,Mason,tim51@gmail.com,999,(669)867-3828x618,not available
1003,Joseph,Tapia,,61,,2022-08-19
1970,Brandi,Daniels,heidibrooks@marshall.info,48,(780)929-0480,not available
3537,Donna,Jones,gregjohnson@hotmail.com,999,(420)808-5354,2022-09-01
8061,Jacqueline,Jackson,dorseyjustin@benton-knight.com,45,174-156-9629x3038,2024-05-02
6738,Mary,Hicks,,-1,539-895-7728,2021-08-13
2164,Marie,Rios,janicecontreras@gmail.com,33,076.979.5428,2023-09-05
5276,William,Mason,wlawson@yahoo.com,999,956.719.6633x9924,2020-11-16
3257,Johnathan,,,46,857-607-1965,2022-05-21
9250,Joseph,Gonzales,,999,265.842.3517x5689,2022-09-12
4956,Victoria,Brown,lenglish@hotmail.com,60,221-746-9480,2023-09-12
6413,Corey,Abbott,david38@hotmail.com,999,903-588-3645x97142,2025-03-12
7505,Matthew,Stevens,smoore@hotmail.com,-1,001-840-079-5199,2022-12-05
1057,,Gallegos,ljohnson@hotmail.com,-1,,2023-01-02
6854,Dorothy,Johnson,deleonphilip@gonzalez.com,43,351-962-9548,2021-05-09
9939,Carrie,Hamilton,kaylahorton@price.com,68,8043614606,not available
3615,,Carter,guzmantracy@campbell-neal.com,71,594.069.2999x30527,2022-04-07
8981,Ronnie,Ramsey,nicholasvelez@gibson.info,999,985-910-3686,2021-10-12
4767,Kyle,Bowen,chadwagnergmail.com,21,847-672-8771,2023-01-29
7611,Cassandra,Potter,watsontheresa@kramer.com,10,(288)252-7561x9100,2020-12-19
1003,Jonathan,Jones,,999,,2025-05-02
6508,,Harris,nicole79@james.com,90,,2022-07-05
3058,Debbie,Robinson,angela62@bell.net,999,(890)722-3119,2020-08-15
7335,James,Brown,melanie41@yahoo.com,23,115-076-6508,2025-05-30
6709,Sara,Goodman,qfranklin@gmail.com,-1,(072)641-9323,2025-04-20
8928,Margaret,Santiago,theresadominguez@hendricks-hawkins.com,-1,+1-482-551-7045x5837,2024-02-20
7850,Edward,Martin,state@hotmail.com,34,+1-403-836-0085x62270,2025-01-01
9385,Rodney,Martin,thomas71@vasquez.net,-1,129.040.5932x59912,not available
3226,Pamela,Price,dalton79@mitchell-taylor.com,56,001-840-315-2713,2023-12-21
1612,Stefanie,Warren,btate@lynch-wong.com,999,896-844-0686x0924,2020-06-30
1871,Edward,Blevins,genethomas@cortez.com,999,(204)806-5815,2022-08-20
2968,,Dean,thomas69taylor.com,25,+1-772-601-3802x623,2020-06-23
4808,,King,,999,773.161.8575x986,2023-11-15
1003,David,Lopez,robincoleman@romero.com,77,+1-929-903-1553x8200,2022-02-10
5011,Melinda,Mccarthy,sean28@yahoo.com,-1,876-004-2373x749,2024-10-07
1663,Vanessa,,david73@hotmail.com,999,(625)982-7873x649,2022-05-24
9531,Donald,Johnson,raymondgarza@gmail.com,10,,2024-01-04
4364,Matthew,Mann,james61@gmail.com,-1,267-747-5032,2023-05-10
7969,Sarah,Potter,bgibson@gmail.com,-1,(620)820-1189x44153,2022-03-04
3781,Richard,,leonard11@obrien-perez.biz,999,+1-303-880-0331x625,2023-10-03
7211,Michael,Harmon,,-1,625.835.3667,2022-10-05
1003,Charles,Rosario,russellnancy@yahoo.com,999,,2024-05-13
3676,Zachary,West,aaronrivera@cooper.com,-1,+1-792-312-2972x7260,2022-09-10
9380,,Hernandez,olsenmichael@tyler.biz,-1,(697)325-0305x8054,2022-07-27
1003,Mary,Gutierrez,sean42@bryant-ramirez.org,-1,(889)703-4383x6894,2023-04-15
4582,,Leonard,jessica51@hotmail.com,-1,897-842-7704x962,not available
5603,Janice,Robinson,scottsmith@ray-lewis.com,999,(011)169-9027,2020-07-20
9987,James,Terry,xboone@gmail.com,999,282-386-5168,2022-04-21
9558,Timothy,Wilson,robertfreeman@banks.com,999,688-578-1286,2024-05-20
8050,David,Clay,christopher35@gmail.com,67,473-630-3869x536,not available
6816,Stephanie,Brewer,jillian46@yahoo.com,-1,001-315-941-4518x43641,2023-04-05
7865,Kimberly,Adams,chasesarah@hotmail.com,999,602-206-8380x326,not available
1751,Noah,Bowman,heatherortiz@schmitt-sandoval.biz,999,,2022-12-23
4359,Jesse,Morris,fwarren@jones.biz,-1,772.464.2050,2023-11-14
5917,Brittany,Hoover,becky50@hotmail.com,-1,(120)454-7446,2020-10-23
6101,,Taylor,taylorfranklin@cruz.org,37,093.804.1316,2022-07-27
2341,Kimberly,Crawford,schmidtbreanna@green.com,-1,+1-657-443-2298x812,2023-08-02
4007,Brooke,James,staceymichael@hotmail.com,-1,2208028534,2024-09-21
8036,Anita,Carrillo,gonzalesalexandria@bell.org,999,+1-167-886-9197x4504,2021-01-21
1957,Larry,Atkins,nelsondawn@yahoo.com,999,+1-675-506-2291x1855,2020-09-17
4441,Penny,Mason,stewartjohn@johnson.org,-1,(583)363-5012x19549,2020-07-31
9100,Melanie,King,,16,069.373.8215,2025-01-21
8199,Kevin,Mclaughlin,david76@gutierrez-greer.com,61,(752)174-2288,2022-02-23
1271,Tina,Baker,qjohnson@gmail.com,999,929-368-5074x04342,2021-10-16
1549,Ryan,Christensen,kramos@gmail.com,-1,(469)555-5679x1736,2024-01-21
7540,Joseph,Nguyen,johnnygonzales@walker-dominguez.com,15,220-427-1150,2020-06-23
8051,Brenda,Washington,aliceatkins@chan-huang.com,-1,(004)436-1238x2643,2023-06-08
9783,Lori,Norris,,999,380.429.0786,2024-07-16
8666,,Gibbs,sburgess@ramirez-flynn.com,999,558-890-8819,2024-09-10
6230,Anna,,smithandrea@mullen.org,-1,636-163-6535x718,2023-11-08
8707,Monique,Martin,ashlee31@hotmail.com,999,(103)763-4260x1782,2025-04-10
5914,Benjamin,Cox,melodyfleming@brooks-anderson.com,56,(871)696-9974x8917,2023-05-18
6931,Sheri,Parrish,edwardsdaniel@hotmail.com,999,+1-358-247-6791x08278,2023-04-12
2878,William,Delgado,,999,+1-133-092-3126x26956,2025-03-26
6172,Lisa,Odonnell,davisjeremy@hotmail.com,-1,4510708462,2022-03-03
4124,Angela,Montoya,tomrussell@yahoo.com,999,454.563.2659,2024-03-17
4822,Frank,Thompson,curtiseric@yahoo.com,10,874.355.8767,2022-11-09
6405,Patricia,Brown,umyers@gmail.com,999,001-719-310-3404,2025-04-13
2400,Linda,Gomez,,56,001-416-874-5145x0189,not available
9566,,Cook,jmurphy@cline.com,50,(285)786-8173,2024-11-17
2205,Ashley,Frye,rosariotara@gmail.com,54,+1-090-089-3020x743,2025-02-13
5261,Jasmine,Ramos,victoriahall@mejia.com,21,001-849-963-9083x1388,2022-11-18
4179,,Hernandez,obaldwin@wiggins-vazquez.com,88,001-150-830-0410x89207,2022-11-24
5221,Dale,Atkins,,-1,549-528-4132,2025-03-12
2951,Cynthia,Perez,ckim@hotmail.com,70,+1-714-344-3293x815,2023-12-06
6557,Richard,Rogers,laralinda@price-conway.com,45,,2023-01-03
7303,Dawn,Paul,brandy93hotmail.com,48,148.732.2741x6670,2024-02-22
1608,Carrie,Hayes,robertstephenson@gmail.com,87,678.679.2510,2022-01-07
1003,Catherine,Hall,jacksonarellano@hotmail.com,-1,001-751-566-4297x49877,2024-07-04
1003,Kathryn,,david83@yahoo.com,999,671.202.8016,not available
2081,Daniel,Lewis,melanie73@hotmail.com,41,6615488020,2022-09-18
3370,Erik,Miller,shannonhowell@mcconnell.info,77,(737)225-9082,2022-04-01
7964,Adam,Tucker,jennifer82@hernandez.net,71,655.231.0817x0608,2025-02-27
6598,David,Williams,,-1,6312029859,2020-07-17
3149,Kelsey,Carr,abarton@wiggins.com,-1,(925)446-0891,2023-04-17
3511,Jonathan,Wheeler,julia66@yahoo.com,-1,(703)830-3339x373,2025-05-15
4550,Jacqueline,Lyons,lfrancis@gmail.com,999,(751)297-8725,2024-03-09
2847,Robert,,heather93@stephens-kennedy.com,59,(646)157-2817,2025-04-17
1003,Brianna,Robinson,,999,001-554-596-6688x576,2024-07-11
8967,,Jackson,ufields@yahoo.com,48,,2021-03-16
4463,Jackson,Martin,brownlindsay@jones.com,-1,780-851-7793x1283,2022-02-08
6766,Mary,Gonzalez,vdiazshepherd.info,78,,2024-08-23
8538,Jeremy,Campbell,melissabullock@nguyen.org,-1,106-376-3036x424,2023-04-26
1285,Amber,Arias,leemichael@wagner.com,-1,(075)566-2767x529,not available
8292,Stephanie,Stone,,-1,119.828.1197,2021-03-28
4598,Jacqueline,Ramos,harias@hotmail.com,-1,001-042-390-6445x75842,2021-07-07
5919,Christopher,Vasquez,vwashington@yahoo.com,15,715.656.1451,2020-07-29
8692,Lindsey,Rodriguez,kathrynlewis@yahoo.com,82,,2020-11-02
8917,Jessica,,,999,9867488925,2021-02-07
2191,Susan,,piercestacie@gmail.com,-1,,2023-07-03
1003,Ryan,White,bridgetschmidt@russell.info,41,057-528-8395x14051,2023-02-03
7229,Susan,Davis,jennifer25@dixon-nguyen.com,79,+1-778-987-1511,2023-12-31
1560,Andrew,Garrett,mkelly@hotmail.com,999,591-490-6525,2025-03-16
6964,Daniel,Mcgrath,michelle45@banks-crawford.net,11,+1-864-454-5752x0507,2024-05-27
7248,Dawn,Brown,,999,001-675-394-4851x31399,2024-07-14
3434,Christy,Watson,arielsimpson@sweeney.info,58,(508)876-5540,not available
2856,Hannah,Arnold,evan93@castillo.info,24,109-682-8892x552,2024-10-26
1003,Laurie,Young,gdennis@hotmail.com,-1,(195)999-5255,2022-06-02
2313,Christopher,Cannon,lhaas@hotmail.com,999,(774)740-8269,2022-12-31
2971,Logan,,sandy64@yahoo.com,-1,190.531.6311x8081,2021-08-20
5631,Bradley,Robertson,adriancarter@gmail.com,28,+1-094-598-3327x1332,2022-09-09
2428,Michaela,,wheelerryangmail.com,-1,099.206.9195x19672,2022-05-08
1270,Christopher,Williamson,mark54@wallace.com,999,(390)371-3097x9434,2021-10-05
9866,Stephanie,,,999,3657467846,2023-07-13
9500,Joshua,Mays,donaldmorales@anderson.net,78,,2023-06-06
7476,Mark,Forbes,susanhill@friedman.net,-1,,2023-04-23
7818,,Mitchell,cainjeffrey@yahoo.com,999,010-871-4793,2021-09-08
9180,Scott,Hanson,iward@yahoo.com,-1,288.815.0304x74932,2023-02-08
2548,Wesley,Reynolds,michellewilson@hotmail.com,64,+1-709-982-9040x5764,2023-09-13
1535,Rebecca,,cdodsongmail.com,86,786.764.6569,not available
6325,Debra,,elizabeth57@novak-mcmillan.com,999,+1-288-791-2011x722,2022-04-05
1832,Nicholas,Perkins,susan35@gmail.com,999,5141506059,2021-05-13
1003,Joseph,Thomas,jacobramos@gmail.com,999,070.318.6266x5113,not available
3229,Melissa,Rivera,colson@yahoo.com,999,579.266.5532,2021-01-27
2177,Jared,Roth,basskaitlyn@herring.info,47,,2022-06-07
6064,Christina,Cameron,joenguyen@flowers.net,50,(381)761-5966,not available
4727,Ryan,Campbell,ufrey@hotmail.com,-1,001-086-168-5405x0961,2024-11-19
6533,,Martinez,gabriela45@travis.com,38,001-224-465-4129x9417,2023-12-01
7902,Christopher,Henry,westgina@bell.net,14,829-978-2494,2022-08-07
5621,Chelsea,Carey,gsingh@gmail.com,68,832-323-4611,2023-09-25
5777,James,Maxwell,lopezrobert@yahoo.com,28,+1-988-353-5331x56157,2022-11-18
5004,Justin,Smith,kmeadows@gmail.com,-1,+1-219-132-9387x98913,2022-06-24
7287,Frank,Banks,shawn01@gmail.com,999,+1-697-994-7708x77747,2020-11-09
3589,Melissa,Smith,salinasadamcosta-hall.com,999,001-945-777-6369x5105,2022-11-26
2735,Deborah,Lopez,marcuspage@hotmail.com,999,088.273.8921,2022-10-03
2965,Ronald,Faulkner,bergersuzanne@hotmail.com,-1,001-329-226-6348x071,2022-10-03
8682,Brenda,Phillips,,-1,+1-220-307-2695x004,not available
5679,,Johnson,,42,118.339.6274x20355,2025-01-24
1133,Alicia,Johnston,brenda02@hotmail.com,-1,,2022-12-18
1003,Tracy,Smith,tammy85@hotmail.com,999,(745)613-0391,2021-05-18
7341,William,Grimes,alanmurphy@nguyen.com,74,(636)677-1746,2023-12-01
4056,Connie,Craig,williammccarty@gmail.com,18,,2024-02-28
3820,,Carlson,hwood@gmail.com,42,001-428-690-4634x126,2022-11-28
8073,,Brown,dawn69@gmail.com,62,+1-100-793-5975x3563,2023-09-27
9102,Kaylee,Wiggins,,11,+1-878-361-2597x05657,2021-08-01
6053,Donna,Carter,andrewdominguez@yahoo.com,999,001-146-021-9022x943,2021-06-01
9807,Jerome,Willis,catherine10@price.net,-1,142-406-8154x77088,2021-04-19
1003,Lisa,Carter,bryancharles@gmail.com,51,6253387528,2022-02-16
5139,Andrew,,hodgejacob@gmail.com,36,+1-681-877-9309x5092,2023-12-02
6286,Lisa,Spence,angelmartin@beard-roberts.info,39,049.707.5639x5236,2022-05-05
1970,Michael,Estrada,ymckee@hotmail.com,-1,(044)934-2593x83898,2023-07-31
3033,Paula,Berger,brandoncole@hotmail.com,-1,952-802-2267,2022-07-25
4202,Dylan,Barnes,gjohnson@reynolds-green.biz,-1,951-067-9492x3282,2023-10-11
3607,Jerry,Duran,,-1,404-440-4258,2023-09-27
2680,Elijah,Williams,nathanieldavis@quinn.org,999,001-395-292-8310,2023-01-23
7718,Nicole,Jackson,stephanieellis@ballard-miller.com,999,5278743083,2023-11-11
5096,Susan,Davis,mckeejackie@yahoo.com,999,001-703-197-2619x826,2020-12-30
3517,Alyssa,Roberson,ruiztim@yahoo.com,12,141-213-1896x812,2022-08-22
5796,Steven,,omoon@armstrong.org,56,616.749.7596x0665,2023-12-20
6400,Jacob,Stevenson,theresa63@moore-dominguez.com,77,+1-289-347-8196x1011,2024-07-09
7023,John,Hopkins,pruittjohncoleman.org,999,793.203.2682,2020-08-09
7620,Elizabeth,Schneider,bradleysantos@woodward.biz,999,001-467-684-1382x905,2021-04-10
8212,Steven,,martinkimberly@santos.com,44,+1-020-429-6427x554,2024-01-16
8649,,Myers,sharpdenise@moore-palmer.info,-1,(886)291-8818x994,2020-12-06
7494,William,Leach,,-1,448.155.2345,2023-02-03
5594,Courtney,,jose10@yahoo.com,20,517-026-1455x09255,2022-03-11
9278,Margaret,Brooks,joshua08@hotmail.com,999,,2024-08-18
8266,Bradley,Johnson,,999,988.514.6692x7490,2024-12-31
1003,Thomas,Fuentes,ujones@hotmail.com,76,848.123.6511,not available
6534,Phillip,,marilyn88@gmail.com,57,001-774-562-9180x74675,2021-02-13
3260,Daniel,White,qcampbell@nelson-carpenter.org,-1,(575)409-9174x5796,2021-09-01
9050,Christopher,Baker,,999,(254)762-9981x22162,2025-01-08
6800,Alison,Yang,murillolarry@obrien.net,999,(558)916-9955,2021-07-07
6944,Joseph,Obrien,claudiaking@gay-parker.com,72,001-353-795-6936,not available
4922,Shawn,Estes,erichardson@gmail.com,999,,2024-04-04
2024,Bradley,,victoriahanson@robbins.com,-1,739.834.6280,2023-01-26
4920,Morgan,Martin,kristafox@pham.biz,-1,(418)579-6257x576,2022-09-19
2663,Gina,Cannon,,999,547-235-7671x012,2025-05-17
1765,Angela,White,,999,(096)077-6543x8651,2025-05-05
1860,Priscilla,Carter,masseyjacob@yahoo.com,36,+1-636-248-6535x2314,2022-09-06
4419,Joshua,Johnson,collinsmary@gmail.com,21,8792374178,2024-10-10
3837,Rebecca,Thomas,catherineharris@moran.org,34,663-636-4636,2025-01-20
8136,Alexander,Ward,qcox@hayes.info,-1,(629)202-3765x0011,2024-12-08
1039,Amanda,Noble,peter77@butler.org,90,309.032.2247x8713,2021-05-13
4883,,Charles,elliottbradley@yahoo.com,-1,001-505-993-2931,2022-04-09
5538,Andre,Jones,wcarr@bonilla.com,72,+1-700-853-5169,2022-08-14
5884,Michael,Johnson,hwalker@white.com,999,9941142015,2021-03-02
1118,Alexis,Wall,,999,001-221-601-4133x854,2022-12-17
1136,,Schultz,jessica71woods-harris.net,999,740.806.2458x23930,2023-07-02
1102,Jennifer,,rfletcher@hotmail.com,-1,,2024-07-16
2169,Zachary,Hayes,thomas15@gmail.com,999,(171)237-8710,2022-03-14
4540,Brittany,Oconnor,rhodesdanielle@gmail.com,-1,,2023-12-14
6119,,Wolfe,natasha82@gmail.com,-1,813-585-2216x36265,2022-08-10
8823,Amber,Brown,qmorris@hotmail.com,999,,2022-04-12
9374,Nicholas,Soto,,999,001-196-211-4285x46132,2022-11-22
3125,Ronald,Dennis,maria82@jones.com,78,812-145-6056x73346,2021-10-07
5129,,,leah28@brown.info,61,854.392.7607x740,2024-06-14
5736,Carmen,Myers,,-1,(707)315-8552x03648,2022-12-18
3141,Barbara,Logan,boydmonicahotmail.com,52,3126900133,not available
5614,Jesus,,william58@mills.com,75,556.214.5126,2021-08-20
5041,Danielle,Peters,acostaamanda@gmail.com,81,140.436.2672x701,2024-08-30
1676,Miguel,Chan,yclark@gmail.com,999,892-067-8717x45902,2021-03-28
1682,Mario,Jones,,999,,2020-06-15
6947,Valerie,,kathryntaylor@gmail.com,999,3568232954,2020-09-19
2495,,Miller,,-1,001-106-075-2601x152,2020-11-22
4567,Samantha,Flores,davisbrett@yahoo.com,-1,+1-892-638-9930x606,2024-03-03
5355,Timothy,Gilbert,barrybryant@hotmail.com,-1,768.876.7038x32453,2024-02-13
9807,Jeffrey,,josephtaylor@perez-reynolds.com,-1,001-970-603-0238x39949,2020-10-12
1698,Tricia,Nichols,william19franco-evans.biz,-1,+1-691-236-8264x09720,2024-07-17
6294,Thomas,Peterson,christopher85@michael.net,-1,(629)769-1674x4273,2024-06-22
1326,Kenneth,Bray,jesse26@hotmail.com,999,001-310-944-7642x4581,2022-12-11
1374,Brandy,Walsh,hwhite@gmail.com,999,001-014-438-6544,2021-07-31
3655,Marcus,Pierce,pjoseph@yahoo.com,999,648.101.3852,2023-12-29
8110,,Long,manninggregory@pierce.net,-1,892-256-8177,not available
8132,,Carter,,84,001-912-471-8993x3174,2023-10-27
7108,Erica,Barnett,teresalewis@yahoo.com,-1,888.118.4507,2023-03-09
1092,Parker,,alyssasmith@yahoo.com,37,807.199.7026,2020-12-15
3082,Lisa,Jackson,tmorris@bryan.info,999,(179)612-6837x3052,2022-04-30
2151,Sheryl,Abbott,tapiarebecca@yahoo.com,-1,(269)795-3360x574,2020-10-21
8363,Sonia,Lee,andersonsandra@beard-silva.com,999,375.391.6446,2025-01-04
2971,Brent,Bradshaw,melissa58@stevens.com,999,001-992-547-7677x75293,2023-10-05
6373,Dennis,Shannon,,-1,578-147-0902,2023-03-05
6013,Nancy,Oneill,znunez@jenkins-horn.info,-1,001-676-047-8740x020,2024-02-24
3126,Jerry,Warren,tthomas@hotmail.com,999,(108)735-0553,2025-03-19
8272,Sarah,Sanchez,matthewwiley@hotmail.com,999,,2021-07-16
6488,Vincent,Carlson,mhill@hotmail.com,-1,001-318-370-5803x26726,2024-12-31
6651,,Peters,,-1,,2024-04-02
9444,Christine,Mejia,davidbaileytucker.com,999,2755404735,2025-03-24
6330,Mark,Kramer,guzmanjohn@elliott.biz,-1,(034)921-4001x111,2025-01-26
8404,,Choi,ppeters@gentry.com,-1,001-851-583-3763x47674,not available
4318,Linda,Greene,ishah@erickson.org,999,(986)221-6345x91424,2023-05-20
8723,Jason,,bhicks@yahoo.com,999,013-234-0012,not available
7064,,,terrance87@yahoo.com,71,828-568-4067x633,2020-08-16
3972,Shelley,Briggs,justinstone@matthews-wallace.com,46,817.428.3404,2024-01-19
9401,Beth,Tran,,-1,001-133-531-3835,2024-07-04
1718,Wendy,Jacobs,yboyd@gill-thomas.net,37,889.214.5835,2023-12-03
3449,Kristen,Goodman,bonniebryant@yahoo.com,77,+1-674-890-5002x24305,2022-10-24
8369,Douglas,Lambert,rogerfoster@evans.com,-1,001-863-181-5802,2021-06-23
9433,Marcus,Green,ann07simmons-perez.com,12,001-816-665-3333,not available
5744,,Frazier,zadams@carlson-mcdonald.info,67,001-516-452-6818x586,2023-02-05
6480,,Schneider,tammyhart@dominguez.info,20,155-592-8912x4257,not available
3887,Laura,Ochoa,,999,010-606-7174x041,2023-05-16
6244,Christian,Paul,huntaaron@chandler.com,66,121.137.7596x5403,2022-05-07
9489,Mitchell,Liu,mendozazachary@gmail.com,-1,0824241051,2020-12-17
5693,Julie,Velazquez,rpatel@hotmail.com,67,+1-427-280-9419x56652,2024-02-11
4205,Brandon,Park,sierra56@hotmail.com,40,910.585.3063x9658,2020-11-27
3380,Beth,Molina,martinezjessica@george.org,999,001-814-648-5403x1387,2024-03-28
2006,Paul,Webb,mariohunt@reed-krause.com,999,,2025-05-21
6792,Crystal,,eric06@gray-collins.com,37,+1-147-009-0334x08189,2021-08-30
9741,Melinda,Ramirez,pageerika@hotmail.com,35,563.713.0734x49569,2023-03-13
1271,Amy,Martinez,cfloresmanning.org,999,194-276-8381,2021-02-17
2009,Dustin,Bradley,haynesamanda@gmail.com,-1,875.567.0819x033,2024-12-23
5836,Samantha,Hunter,kathleeningram@hotmail.com,22,0577725898,not available
2822,Michael,Baird,kimberly85@bailey.com,-1,(963)345-1333x7358,2024-04-05
1767,Brandon,Clark,,-1,(060)408-8191x51765,not available
2348,Susan,,burtontravis@meadows.com,22,,2022-08-13
9902,Mark,Coleman,bishopjames@wilson.com,67,053.868.4943x793,2024-10-13
8371,Heather,,,999,,2025-04-21
9088,Mike,,briandavies@george.org,24,313-409-8921x3364,2021-09-13
1346,Cody,Taylor,waltonjames@hotmail.com,999,860-516-0736x282,2024-01-19
2316,David,Edwards,,51,772.879.0618x463,not available
1021,Todd,House,rbauer@hotmail.com,999,727.208.0985x2835,2020-07-19
8446,Kelly,Villarreal,,37,6360824435,2024-07-11
8124,Jeffrey,Macdonald,aaron29@hotmail.com,44,+1-718-515-1347,2022-05-18
9860,Jason,,jeremy08@cooper.biz,999,4845301131,not available
7286,Catherine,Newton,anthonyruth@smith.com,-1,0475237806,2022-08-13
3851,Chad,Gamble,ericsmith@reid-allison.com,-1,731.794.7367,2020-10-04
7469,Samantha,Phillips,,67,(825)547-9953x76997,2022-04-14
7808,Kevin,Dean,keithcamacho@kelley.com,999,485.509.3529x603,2020-06-18
1046,,Pace,william14@martin-brown.com,-1,224.555.6744x258,2021-12-23
5400,Stephanie,Payne,mcleankatie@martin.com,999,691-259-2126,2024-04-09
6529,,Figueroa,christopherwillis@hoffman.net,-1,001-412-310-4026x112,2025-03-22
4985,Ryan,Smith,brownsally@cummings.com,-1,1834250853,2021-06-24
1003,Jacqueline,,edward39@yahoo.com,-1,128.641.3953x891,2024-07-23
1978,Bethany,,edwardsandoval@hotmail.com,-1,+1-874-983-6106x601,2023-11-28
3255,Erin,Knapp,jmitchell@moore-perez.info,-1,001-973-274-9578,2022-06-20
1177,Marcia,Hicks,debraolson@hotmail.com,999,042-827-0585,2025-01-18
3035,Jason,Mendez,kaiserpaul@hotmail.com,-1,198-572-5595,2021-03-11
7250,Brittany,Hester,moorejeffrey@yahoo.com,999,205.333.7356x580,2022-06-17
7394,Anthony,Smith,kurt50@gentry-butler.net,-1,+1-556-932-7266x404,2024-12-21
6647,Jerry,Lopez,qlee@yahoo.com,13,(695)283-8784,2023-06-12
1759,Bonnie,Blankenship,seanbush@hill.org,-1,284.288.1514x720,2021-06-25
5638,Diana,,,-1,056.723.6257x5231,2021-01-20
1631,Melissa,Friedman,charlesaguilar@hotmail.com,-1,658.621.5460x5246,2024-09-29
8891,Tina,Mason,,-1,(859)458-2594,2023-06-10
8796,Cory,Faulkner,gary41@hotmail.com,999,666.126.4283,2023-04-01
5606,Susan,,johngarcia@gmail.com,-1,2522755997,2024-04-11
4990,Jill,,danielle06@oliver.com,-1,+1-527-644-5827x059,2021-01-02
8473,John,Gonzalez,dawndavis@hernandez-andrews.org,999,(096)411-3806x433,2021-07-01
7400,Mike,Mendez,lori00@thompson.net,999,001-440-233-5964,2022-02-18
5721,Phillip,Mora,kcarter@yahoo.com,999,505-637-9834,2020-07-23
1236,Jennifer,Reed,robertsjoel@camacho.com,-1,001-069-139-8516x508,2024-12-20
1898,Thomas,Martinez,andrew59@yahoo.com,999,1862986700,2024-03-01
7102,Zachary,Smith,gailray@hotmail.com,-1,217-602-0799x6033,not available
4528,,Chandler,ryoung@yahoo.com,69,+1-922-348-5782,2022-02-06
6433,Alexander,Gates,steven33@yahoo.com,999,(070)103-0950x97770,2021-09-01
1279,Katherine,Thomas,ksteele@alvarez-davis.com,-1,,2024-02-14
7305,Rodney,Alexander,brenda48@hotmail.com,999,001-726-603-7515,2021-10-28
2705,Jesus,,leesusan@potter.biz,18,,2022-04-01
4741,Christine,Rodriguez,richardthomas@yahoo.com,-1,646-755-3459x9104,2025-02-13
5809,Kaitlyn,Burton,,14,360-223-4050,2024-04-11
6409,Debbie,Collins,reginaldquinn@gmail.com,-1,303-039-7269x0131,2022-08-27
4960,Nancy,Nelson,,999,(999)714-2483,2020-11-02
5291,Elizabeth,Bradley,carteralyssa@butler.com,-1,246-170-7281x99815,not available
1998,Kelsey,,marvinclark@baker.com,-1,+1-351-217-6858x78473,2023-01-13
3815,Jasmine,Mills,danielmurphy@edwards-jimenez.com,57,(308)338-2705x1531,2024-10-02
5224,Frank,Aguilar,tammy90@rodriguez.net,74,001-401-345-3326x257,not available
3770,Julie,Collier,johnhull@lewis-patton.org,999,(503)049-8150x5675,2024-10-09
3083,Sara,Washington,williamjames@gmail.com,-1,+1-903-146-9625x1267,2024-04-28
7693,Gina,Solomon,scottgreen@duncan.net,-1,245-092-4713x7862,2022-06-15
3999,,Andrews,mercedescampbellroy.net,42,955.111.2026x72286,2025-05-26
2091,Diana,,karenanderson@bennett.net,26,001-654-154-3083x631,2024-09-02
5659,Amber,Mendez,burnschad@griffin.net,-1,(997)012-4886x36655,2022-05-01
1003,Carolyn,Evans,bautistajonathan@sharp.biz,-1,026-929-9886x969,2023-04-03
4915,John,Hernandez,michael38@obrien-young.info,-1,914-080-3633,2023-07-04
1698,Cheryl,Johnson,zsmith@hanson.com,52,+1-387-386-4519x9946,2024-08-10
8078,Gail,Li,iedwards@hotmail.com,999,326-312-8501,2021-07-01
1437,Belinda,Lewis,matthew82@avila-johnson.com,26,112-631-0066,2022-03-30
3946,Andrew,Ray,pthompson@williams.com,999,+1-701-039-5041x2605,2021-01-12
3547,Jasmine,Evans,alexander43hotmail.com,80,792-419-1934,2022-12-20
1995,Maria,Lin,gloriawilliams@hotmail.com,999,001-835-581-2721x916,not available
2902,Jennifer,Baldwin,charlesoconnor@yahoo.com,999,001-320-275-8913x84831,2023-05-20
9781,Katherine,Farmer,williamsamber@gmail.com,-1,812-598-3892x88812,2020-10-07
1003,Sara,,iyang@peck-cooke.org,-1,202.487.8045,2024-01-19
7398,Ellen,Hunter,charles05hotmail.com,60,889-838-4813x3409,2023-08-24
8946,Kimberly,Mcpherson,scottwilliams@salas-james.org,-1,030.320.4623x011,2022-01-01
4724,Kevin,,maria13@moran.com,999,+1-345-765-6158,2024-05-25
8448,Christine,Evans,michelle99@adkins-perez.com,-1,381-756-4425x9859,2024-05-19
4658,,Davis,deborah01@yahoo.com,-1,,2020-07-01
4478,Raymond,Smith,lkelly@reeves.com,999,001-034-913-1254,2021-03-07
8965,Chelsea,Gates,rebecca60@yahoo.com,999,+1-098-934-4666x2819,2023-02-08
7818,Amanda,Hodge,marvinbaker@yahoo.com,-1,001-914-428-3105x957,2021-09-26
6185,Matthew,Medina,timothy98@yahoo.com,67,,2023-07-27
7788,Jack,Bradley,qsmith@yahoo.com,-1,001-297-311-6572x883,2023-09-16
9526,Diane,Odom,jackbaker@daniels.com,71,,2023-08-18
5069,Nathan,,martinezcrystal@greer.com,999,379.743.9501,not available
4913,Amy,,jacqueline12rodriguez.com,999,(473)923-4958x484,2023-05-03
9215,,Holmes,williamsmichael@gmail.com,999,376.726.8431x9794,2023-02-03
4006,Christina,Roach,cantudawn@gmail.com,30,(573)644-5649,2021-09-24
3702,Danielle,Jones,lisajohnson@yahoo.com,53,001-214-084-5333x411,2023-07-18
4117,Thomas,Williams,catherine47@hall.com,-1,+1-507-696-8881,2022-11-01
6670,Elizabeth,Mckinney,,-1,162-872-1929,not available
3512,Joshua,Brooks,davidgardner@hotmail.com,999,+1-810-260-9397x459,2021-01-01
5723,Michael,Dawson,kevin04@gmail.com,70,154.798.8228x72975,2020-06-07
4494,William,,scottwilliams@gmail.com,-1,(444)622-4891,2023-01-19
2442,Jonathan,Stone,bookermaria@gmail.com,38,001-029-987-5225,2021-02-12
3294,Theresa,Phillips,david78@caldwell.net,74,,2021-03-02
1023,Thomas,Harrison,,27,001-521-103-4065x0384,2023-01-17
7319,Meghan,Macdonald,gmartin@hotmail.com,999,572-908-3652x708,2022-02-03
6460,Natalie,,yscott@hernandez.net,-1,590.241.5080x66459,2023-02-13
6732,Eric,,martin29@yahoo.com,999,432.001.8600x79156,2021-03-19
8176,Wendy,Marshall,kimberly23@hotmail.com,999,+1-958-057-2764x1256,2022-10-23
2772,,Nelson,,-1,,2025-01-18
1221,Amanda,Mccullough,,79,(723)298-9932x151,2024-07-06
6158,Stephanie,Parsons,abowers@henderson-miller.biz,-1,,2023-07-29
4359,,Harris,anthonywalters@ayers-douglas.biz,70,975.551.5304,2021-12-25
2459,Antonio,,alvaradojames@lopez.info,79,001-110-981-8775x42574,2021-11-04
9239,Joshua,Williams,brobertson@little.com,999,(354)334-4915x4588,2020-12-16
8860,Rebecca,Miranda,bcoleman@yahoo.com,999,001-148-990-2994x457,2025-05-09
7952,Andrew,Brooks,pfreeman@white-fields.com,59,4599051633,not available
8228,Julie,Brown,kjones@hotmail.com,999,+1-986-337-2113x26549,2023-03-10
1003,Scott,Lee,jonathancoleman@hotmail.com,999,794.926.6502,2021-08-26
1777,Jennifer,Thomas,lbell@yahoo.com,-1,(046)681-0499x30062,2022-01-14
1352,Karen,Barker,debra42@ortiz.com,78,(893)334-1191,not available
6087,John,,ellisonamanda@gmail.com,62,079.344.2134,2025-04-29
8837,Seth,Morrison,,999,,2020-06-30
5713,Danielle,Schmidt,jamierobinson@gmail.com,999,001-037-041-1868x88749,2023-03-29
9980,Elizabeth,Mitchell,wongbradley@hebert-compton.com,999,(576)731-6867,2020-12-30
3618,Emily,Bonilla,derek29@yahoo.com,-1,+1-463-918-0653,2024-12-17
4457,Jessica,Cook,vevans@dean.net,999,946-328-1869x778,2023-03-29
3728,Juan,Browning,anthonylee@wolf.com,999,(111)143-0195,2024-07-02
6354,Lori,Morgan,hernandezmegan@morris.com,999,992-682-5051x519,not available
8331,Antonio,Wilson,ashleyvaldez@reynolds.com,999,828.980.2648x7607,not available
1161,Leslie,,wrightdanny@hotmail.com,-1,7000553917,2022-10-19
7339,Michael,Montgomery,jyoungfitzgerald.com,-1,(284)348-6683x5993,2023-09-14
8031,,Brown,clarklauren@espinoza.info,999,515.257.8553,2024-03-01
4472,Brian,Carter,anthonyterry@thomas-hughes.com,-1,(931)855-8431x477,2022-01-20
6672,,Wilson,nchapman@hotmail.com,999,001-766-219-2422x5572,2024-08-11
2211,Robert,Patton,georgepatterson@gaines.net,999,(166)173-0920x511,2023-02-28
3357,Stephanie,Munoz,anthonygriffin@hotmail.com,999,001-627-741-6559x277,2021-12-09
8520,,Roberts,,-1,(872)713-0661,2023-06-06
1316,Luis,Reid,joanna36@zhang.biz,10,461.264.4185x929,2021-08-15
8626,Lisa,Howard,,999,716.712.7801,not available
1370,Heather,Henry,joshuawilliams@gmail.com,39,088.014.7116x7652,2023-08-15
5300,Donna,Moreno,andersonlawrence@yahoo.com,999,(946)302-4175x7566,2025-01-13
2899,Alan,Schmidt,andradejason@spencer-williams.com,999,503.017.1464,2023-07-15
7304,Courtney,Bruce,amy15@gmail.com,53,(282)243-4738,2021-12-03
1787,,Lee,hooversusan@miller-rowland.com,-1,398-031-2492,2023-04-25
8599,Luke,Garrett,whaley@garcia-jackson.com,999,+1-155-824-4295,2023-01-18
2543,Brenda,Myers,dylan58@yahoo.com,-1,544-831-5821x7601,2024-07-20
1003,Shannon,Burke,zanderson@marshall-woodward.com,60,001-644-822-2281x048,2022-02-22
3147,,Wells,dlove@johnson.com,999,176-409-7098x1951,2023-03-03
1083,Amy,Little,robert00@carroll.com,55,524-233-8606x4992,2023-04-19
9237,Patricia,Warner,reginaflores@barrett.info,-1,+1-606-464-3987x0581,2024-07-21
8609,Jacob,Parsons,hhopkins@hotmail.com,75,212-551-8670x513,2025-05-20
5907,Christian,Smith,donna84@yahoo.com,51,6283904176,2022-04-23
4027,,Cross,,999,803-326-8454,2020-12-31
1035,Emily,,chanleah@martinez.biz,-1,955.922.0157,2023-12-01
1934,Luke,,operez@barr.com,999,+1-410-148-6528,2020-11-19
7326,Yolanda,Wong,william72@gmail.com,999,248-775-2381x1666,2022-09-26
9825,Allen,Mitchell,schultzdebra@thompson.com,56,6101030873,2020-12-01
5048,,Simmons,blakeacosta@yahoo.com,41,,2023-10-22
2037,Leonard,Aguilar,qrosales@vargas.com,999,(344)489-7169,2021-06-04
8847,,Greer,katie55@gmail.com,999,(844)231-9284,2022-04-17
5027,,Luna,kelly88@hotmail.com,15,173.546.1912x8427,2024-08-15
7234,Ryan,Foster,hmoss@yahoo.com,57,(253)626-2154x4690,2021-10-15
7369,Trevor,Boone,davidzuniga@gmail.com,999,677-878-5107x17276,2021-08-09
2475,Courtney,Jones,crawfordjasmine@gonzalez-george.info,-1,+1-549-975-8300,2023-08-27
8104,Abigail,,tracy21@yahoo.com,85,001-400-306-9117,2020-06-14
8222,,Hayes,ramirezmatthew@hotmail.com,-1,+1-699-451-2861,2022-03-18
7474,Casey,Montgomery,frankchavez@gmail.com,-1,,2024-01-11
5931,,Watson,,-1,+1-034-540-3281,2024-07-12
3999,Brett,,steven98@yahoo.com,999,(069)227-6717x141,2024-12-24
3328,Julie,Perez,vmcdaniel@hotmail.com,-1,(553)355-6001x31796,2021-04-25
1582,Karen,Long,cobbdesiree@yahoo.com,999,811-429-7266,2023-10-05
9488,Elaine,Christensen,johnsondesiree@hotmail.com,23,(966)988-9276x7895,2020-10-05
6039,,Cunningham,lwalker@hotmail.com,53,,2025-04-15
4204,Tyler,Hawkins,brownanna@martin.biz,-1,5613777581,not available
5977,Edward,Jones,,999,+1-934-216-0003x6438,2021-03-13
7896,Larry,Meyers,joseph87@yahoo.com,65,3904801102,2024-06-14
1575,Ashley,Lyons,dnelson@navarro-porter.com,-1,001-357-354-5211,2023-06-11
3936,Vanessa,Reese,kurtreid@gmail.com,13,890.883.9688x985,2023-01-24
8412,Andrew,Gonzalez,thompsonkevin@knight-mitchell.info,999,477-391-2172,2020-09-07
5051,Patrick,Norton,nicolecrawford@yahoo.com,999,,not available
1591,Timothy,Krause,deborah68@robinson-farmer.net,-1,(153)111-8133x76905,2023-09-13
4391,Tracy,Harris,michael73reed.net,-1,(443)899-6443,2021-09-28
1003,,Vega,zingram@gmail.com,35,490-340-6494x649,2024-07-14
8312,Allison,Pena,,999,(904)409-9927x750,not available
2695,Harold,Logan,,80,887-035-9368,2024-08-28
5003,Amanda,Johnson,taylorallen@yahoo.com,11,500.792.6386x192,2022-01-11
1979,Shannon,Ramos,mortonchristie@long.info,43,+1-528-610-0008x466,2020-11-19
2143,Samantha,Smith,steven22@yahoo.com,-1,(197)105-5338x065,2024-02-23
8967,William,Allen,cgarcia@smith.org,90,001-924-193-4091x980,2024-10-21
1003,Michael,Elliott,garciajason@gmail.com,-1,665.072.0240,2023-07-12
2035,Tony,Jackson,thompsoncharles@gmail.com,999,,2024-10-20
8176,Ian,Vasquez,kaylachavez@medina.com,999,483-002-5089x120,2021-11-26
9584,Courtney,Howell,cmorrison@yahoo.com,79,(867)214-3160x649,2024-08-11
4225,Scott,Lyons,umontes@munoz.com,999,181-299-5120,2020-11-02
7778,Brenda,Harris,jennifergonzalez@yahoo.com,-1,001-615-314-6410,2023-07-19
7648,Danny,Wood,drichards@ward.com,999,352-681-2801,2023-02-20
5794,Ross,Hardy,darrenaguilar@gmail.com,89,+1-678-671-3120,2023-03-20
9257,Gail,Harvey,williamswilliam@gmail.com,999,+1-674-682-6264,2021-08-08
2074,Lori,Hill,hallmark@crosby.com,71,001-505-368-0488,2024-08-22
9317,Michael,Lopez,scottbrandon@gmail.com,999,001-024-489-0222,2021-09-29
1377,Allison,Shaffer,monicaparker@carter.com,90,,2021-05-16
7599,,Brown,hclarkgreen.biz,-1,,2025-04-28
2289,Lynn,Smith,shannon22@yahoo.com,26,341.996.9238x73919,2020-07-04
5098,Rebecca,Chavez,nashvincent@lopez-townsend.org,63,,2024-03-30
3553,David,Tran,samuel94@irwin.net,37,(549)464-5684x0155,2021-09-19
4574,Cindy,Boyer,lindawright@hotmail.com,19,513-441-5760,2024-03-13
3411,Isaiah,Moore,reginaldmendez@bryan.biz,82,,not available
1003,Jesse,Logan,douglas91@rollins.biz,999,(731)238-6564x217,2022-03-17
4325,Shelly,Calhoun,bradleytraci@hotmail.com,999,(116)837-5036x454,not available
2123,Meghan,Dickson,kathryn93@morris.info,-1,858.196.3041,2022-11-26
2101,,Brown,dianawarren@hotmail.com,999,+1-442-451-4317x119,2020-10-16
4031,John,Peterson,bob32@hotmail.com,45,509.708.2192x111,2021-11-12
1340,,Davis,,999,+1-822-693-4949x45475,2022-12-21
5104,,Martinez,akirby@nash.info,44,001-695-656-8014x6303,2025-03-11
6036,Aaron,Dickerson,james06@yahoo.com,-1,447-513-4382x25873,not available
1475,James,,hestrada@gmail.com,-1,+1-822-554-6120x0972,2023-10-03
2446,Blake,Tran,gina47@harvey.info,999,(557)611-9304,2023-06-13
8178,Andrea,Gillespie,jbass@fernandez-dunlap.com,-1,462-684-5522,2021-05-24
8956,Christina,Simmons,wilsonjoshua@yahoo.com,66,721-408-4074x250,2021-12-10
2651,Destiny,Watson,larryharrison@booth.org,80,(249)458-2447,2021-01-08
8666,Michelle,Perez,zsmith@gmail.com,48,001-684-202-6916,2021-01-18
6438,Jennifer,,jessica34@gibson-molina.biz,-1,861.617.3295,2024-06-12
2750,Joanna,Sullivan,ithomas@hotmail.com,29,272.375.1462x84519,2024-08-23
2516,Charles,Keller,ryanbooker@johnson-young.info,-1,194.689.2494,2020-07-26
5030,Diana,Terry,michellegreen@gmail.com,86,+1-106-722-7784x156,2024-01-15
6305,Rebecca,Duke,michael87@yahoo.com,999,001-991-351-8018x03687,2022-05-10
7428,Michelle,Juarez,laurawood@davis.info,53,,2023-03-29
8422,Cory,Boyle,sullivandavid@hotmail.com,-1,373-851-5632x74258,not available
7910,Jacob,Yang,vjohnson@nguyen.com,28,022.136.7590,2021-11-17
1003,Jamie,Stewart,jessicabrown@martinez.com,999,001-080-768-9520x770,2021-05-05
1003,Bruce,Thompson,,29,,2023-01-13
8375,Megan,Owens,tanyajohnsonarmstrong.org,999,,2021-12-01
8124,Megan,Beard,,999,,2020-10-28
3372,David,Hardy,cabreraashley@gutierrez-pena.com,42,001-036-730-4497x8590,2025-01-16
9959,Emily,Caldwell,umiller@hernandez.com,46,001-726-763-3860x598,2025-05-01
6807,,Williams,,-1,876-597-8429,2023-08-26
5815,Austin,Jones,raven94@gmail.com,999,(047)256-4552x77344,not available
7566,Marvin,Allison,taylorhoward@baxter-powell.com,67,441.973.1263,not available
8543,Scott,Fernandez,diazianyahoo.com,34,,2024-10-12
8641,,Walker,johnstonmaria@hotmail.com,999,650-032-4662x99755,2021-10-21
3225,,Barron,brandoncraig@yahoo.com,999,+1-718-649-6728,2023-10-07
5873,Mark,,veronicasanchez@hotmail.com,-1,592.636.9435,2023-09-27
4565,William,Miller,rachel31@hutchinson.com,80,(765)111-1114x399,not available
1004,Douglas,Stewart,vegadavid@clarke.com,-1,269-282-9435x639,2021-07-06
5075,Laura,Pierce,nmarsh@hotmail.com,74,064-069-8815,2022-06-23
1003,,Harris,edwardmiranda@hotmail.com,-1,588-645-5539x3744,2022-05-22
7436,Grace,Clayton,william75@hotmail.com,11,,2024-04-28
1003,Tony,Torres,rushkathleen@gmail.com,33,5882030760,2023-03-18
9453,Elizabeth,Hamilton,colestephanie@hotmail.com,999,(716)903-2782x68899,2024-04-27
4795,Ryan,Wood,kevin79@harper.com,999,662.419.0937,2020-08-28
1003,Betty,Figueroa,nbranch@schmidt-turner.com,56,735.097.7376x7222,not available
5157,Deborah,Castro,mary14@hotmail.com,999,476.468.1671,2024-03-20
5613,John,Frank,lisahoward@hotmail.com,15,7298783849,2024-08-27
7205,Crystal,Williams,janicemcdaniel@perez-knight.com,999,001-635-793-4343x893,2020-09-16
6277,Russell,Lopez,richrose@yahoo.com,81,,not available
5809,,Boone,evan48@clark-dudley.info,14,478.332.6359,2021-06-11
3487,Jacqueline,Walters,gordon16@king-newton.com,48,988-623-0478x11134,2020-08-10
7388,Clifford,Bell,crose@haynes.biz,-1,233-572-0607x974,2023-07-25
5475,Jennifer,Hartman,bconley@hotmail.com,25,(063)490-8497x382,2025-05-08
7219,,Johnson,christine87@hicks-cox.com,-1,(005)466-5662,2023-04-09
8082,Natasha,Walter,schroederelizabeth@hotmail.com,999,083.001.4940x0478,2022-11-21
3444,Mark,Lawrence,sarablankenship@hernandez.biz,999,001-001-042-5666,not available
2257,Christopher,Clark,zacharysavage@myers-smith.net,-1,507.304.6802,2023-04-21
1380,Lindsay,Harrison,schwartzjoan@yahoo.com,30,001-078-291-5915x131,2022-10-21
9187,Cody,Mckenzie,vavila@gregory.net,49,917.467.8958x03665,2020-11-03
6293,Bernard,Rodriguez,molson@gmail.com,-1,(698)445-3259,2020-09-20
5701,,Roberts,lisamartinez@fleming.com,50,,2024-11-30
5355,Alyssa,Stewart,mcmahonmatthew@wagner.com,-1,+1-262-795-5032x55191,not available
4888,Michael,Thompson,jennifer50@yahoo.com,88,001-894-510-0240x8369,2022-12-15
9609,,Williams,christine02@bradshaw-malone.net,999,+1-186-724-5187,2022-04-19
1296,Alicia,Miller,,999,(001)611-2828x98724,2021-07-18
8057,Mary,Underwood,ian65@johnson-pena.net,999,001-330-416-9688,2024-10-28
8667,,Lam,,43,189.262.2696,not available
5125,Amanda,Garcia,howard32@oliver-robinson.net,15,+1-594-852-1541x02431,2020-10-04
1003,Wayne,Romero,ericksonmelissa@fischer.net,-1,001-754-281-2987x559,not available
7563,Caitlin,Pham,renee79@hotmail.com,999,(855)182-0439x762,2021-12-22
4836,Molly,Moore,johnedwards@brewer.com,999,+1-474-660-8277x62719,2021-05-31
3676,Aaron,Hansen,anthony70@austin-reed.info,999,001-894-857-4397x75775,2021-12-12
6527,,Barrett,johnsonsarah@yahoo.com,999,+1-689-823-9566x433,2022-03-27
6897,Joshua,Pearson,,-1,+1-469-236-0293x77187,2021-04-19
3830,Joseph,Hopkins,crivera@gmail.com,80,(994)312-8442x893,2020-11-24
6602,Katherine,Bolton,kmoore@yahoo.com,-1,084-496-0970x642,2021-12-21
1741,Danielle,,christophermunoz@reyes-hanson.biz,-1,(394)548-3998,2024-01-12
4260,Lisa,,farmeranthony@ramos.com,999,+1-975-620-4388,2024-08-27
1514,Marissa,Johnson,geoffrey67@dawson-ortiz.com,999,+1-696-740-3041x379,2022-06-19
4551,Tiffany,Peters,lyoung@yahoo.com,-1,160.693.9425,2022-06-21
5445,Christina,Wall,ycordova@nguyen.net,999,386-961-2362x56881,2022-09-05
7783,Nicole,Morrison,melissa13@silva.biz,36,(395)843-9955x15971,2024-07-13
6815,,Schmidt,maddoxmartin@yahoo.com,999,(615)490-1687,2021-06-10
2704,Jane,Ford,,60,001-244-978-5179x378,2022-09-05
2123,Rebecca,Trevino,christinagonzalez@mclean.info,64,(119)109-7798x528,2025-01-19
9561,Kevin,Moore,mariamurray@hotmail.com,999,(655)459-8262x7005,2025-04-01
9658,Brandon,Jones,karen51@gmail.com,60,(998)088-3546x66526,2025-02-22
1277,Kelly,Sexton,tsims@vargas.info,-1,(281)688-5310x67211,2020-08-13
9183,,Hunter,whiterodney@hotmail.com,999,,2023-10-15
9350,Kevin,Carter,jennifercarey@parker.com,77,,2023-05-26
8913,Amanda,Stewart,xsmith@hotmail.com,999,350.641.6566,2024-02-16
6901,Joseph,Black,dmiller@hotmail.com,999,,2020-09-05
8790,Cynthia,Johnson,mendezsusan@hotmail.com,999,+1-637-762-8595x9860,2022-11-30
5949,Deanna,Jordan,wford@carter-carlson.com,61,001-233-112-1657,2024-01-06
3232,Holly,,bowenbrittany@gomez.com,61,(418)782-7293x48032,2024-03-05
7423,Kenneth,Williamson,,57,(180)884-9279,2020-07-13
9759,Holly,,yrangel@gmail.com,999,+1-054-827-7534x44035,not available
8051,Eric,Jacobson,crawfordpatricia@garcia.com,999,792.405.5950,2024-08-24
2370,Eddie,Richardson,,63,109-103-5754x39666,not available
8006,Savannah,,wcoleman@dunlap.net,-1,,2022-03-29
4589,Scott,,jason18@smith.com,999,001-975-461-7419x481,2024-02-27
9896,William,Wolfe,hannahatkins@yahoo.com,12,163-700-3124x6636,2020-08-10
4573,Scott,Juarez,harpersarah@hawkins.com,-1,128.455.3475,not available
3473,Jacqueline,,laura97@reynolds-cline.com,999,+1-614-669-3218x12561,2021-11-14
2341,,Phillips,kimberly54@nash.org,64,,not available
7117,Gregory,,burgessnancy@davis.info,-1,001-449-574-2072,2024-12-12
8669,Jason,,timothy83@fernandez-lane.com,999,681.748.1388x97191,2022-12-27
6571,Michael,Rodriguez,shillthomas.com,999,001-258-037-2625x94407,2020-10-10
6225,Paul,Hawkins,willisvincentyahoo.com,34,(660)434-9455x73743,not available
5911,Carol,Graham,michaelmora@smith.com,-1,968.129.3006x78451,2024-08-05
7401,Nicole,Kelley,stevencosta@yahoo.com,999,621.391.7221x148,2023-09-05
1440,Desiree,Benjamin,qbaldwin@yahoo.com,62,243.549.8018x536,2024-10-18
1003,,Richardson,xvalencia@peck.biz,20,949-075-3385,2022-12-10
2354,James,,christian54@best.com,-1,828.248.1886x2412,2022-11-28
4811,Michael,Fisher,jessica16@byrd.com,30,049.649.3903x147,2024-10-12
6889,Melanie,Vasquez,tina26@hotmail.com,82,+1-522-803-9247x90940,2022-09-26
9237,Alex,Sandoval,diane36@yahoo.com,-1,,2024-10-15
6947,Patrick,Fox,,999,616.257.2979x916,2024-03-08
1014,Kevin,,georgeyoung@watts-reid.com,-1,(814)269-0145,2022-01-27
5144,Rachel,Velez,vross@flores.com,32,(022)588-7315x06338,2024-09-16
2146,Breanna,,shane90@gmail.com,22,001-009-049-7453x076,2022-06-27
7141,Laurie,,,999,414-438-8646x1108,2020-06-02
5278,Jessica,Baker,moodychristopher@green.com,-1,001-974-044-6309x102,2023-12-02
3637,Charles,Higgins,guy64@yahoo.com,999,001-609-422-6822,2020-07-25
7626,Emily,,ybridges@yahoo.com,-1,,2023-01-28
9798,Sandra,,grant16@west.com,42,983-078-3963x222,2023-06-13
4052,Linda,Cunningham,melissa26@yahoo.com,-1,,2023-04-04
1827,Erik,West,holderjeffrey@edwards.org,999,859-919-1567x01145,2021-02-19
2669,,Sanchez,christinaross@price-johnston.com,999,(791)111-1729,2021-07-05
8293,Brian,Long,lamcatherine@yahoo.com,11,077-925-5121x7345,2024-01-05
6006,Timothy,Brennan,,85,9814662549,2023-12-17
2163,Troy,Carey,ricardocooley@garcia-foster.com,-1,840.490.6785x6340,2024-08-04
8457,David,,josephjones@hill.biz,999,222-330-2882x21188,2021-03-18
4650,Donna,Beck,anthonyjohnson@gmail.com,38,001-971-469-1233x915,2023-03-25
8543,Melinda,Park,hallellen@barron-gibson.com,-1,136-334-2587,2020-09-23
2979,Maria,Jennings,dhernandez@hotmail.com,42,,2024-10-14
6251,Guy,Mcgee,,78,+1-199-405-1640x1108,2021-11-18
4663,,Downs,dickersonmichael@hotmail.com,63,(228)219-5175x588,2024-12-12
5101,Peter,Bishop,wpowell@hotmail.com,28,001-167-219-4241x3382,2023-03-08
5286,Jeffrey,Clark,khill@gmail.com,-1,537-734-1091,2023-12-28
3448,Sarah,Miller,,-1,,2020-08-17
8637,Sandra,Gray,,-1,718-120-2003,2023-10-28
9729,,Pratt,yherrera@thompson.com,999,+1-994-783-9223x8197,2024-02-06
9784,Jocelyn,Mccormick,zthompson@barr.com,-1,498.672.0371x06423,2022-04-08
3364,Chris,Hughes,frymargaret@hotmail.com,43,574.846.5563x6948,2021-05-19
1003,Michelle,Mason,pjames@castillo.com,999,,2022-03-18
7326,Jose,Smith,thomasanthony@yahoo.com,71,001-419-690-7458x79101,2021-01-18
4012,Justin,Hickman,stephanietran@hotmail.com,999,(772)376-8087x15783,not available
6600,Joy,Davenport,caitlinscott@robinson-jackson.info,999,811-707-2122x69218,2022-10-22
9293,Benjamin,Gutierrez,james54@young-gray.com,-1,432-753-4270,2023-02-12
3692,Ashley,,jeanettemillerhotmail.com,-1,(962)213-3861x2055,2021-07-23
1003,Joanne,Young,wolfaaron@miller.org,82,999-718-4444,2020-07-12
4088,Alexis,Gardner,tgonzalez@hotmail.com,-1,,2021-09-08
8073,Denise,Deleon,zlong@brown-daniels.com,999,901-913-2090x623,not available
6664,David,Williams,,-1,(771)197-3136,2022-12-22
8214,,Wilson,dbrownhotmail.com,999,350-968-6851x12713,2021-06-28
6719,Allison,Burke,,-1,(575)055-0298,not available
5490,Renee,Taylor,jacksonlisa@gmail.com,-1,,2024-12-29
9682,Jacob,Sanders,robert79@briggs.com,35,4007004903,2024-07-31
2622,Jake,Phillips,dayamy@hotmail.com,-1,+1-698-927-9762x0696,2023-07-11
5297,Darin,Ramirez,chase45@keller.biz,-1,537.962.3135,2023-03-25
5088,Caleb,Castro,castillodebbie@cruz.com,999,401-561-6533,2024-02-22
5795,Megan,Jones,jeffreymartinez@hotmail.com,10,0551909976,2023-02-05
3955,Eric,Berry,sarabrooks@hotmail.com,-1,,2022-06-13
2539,,Butler,kristenturner@moore-miller.com,999,575-320-9250,2022-03-14
4107,Monica,Mayo,raymond36@gmail.com,999,(582)796-3303,2023-07-09
8265,Amy,Morrison,christopherwilliams@hotmail.com,27,001-722-283-1871,2023-11-24
4734,Roger,Mayer,usmith@gmail.com,36,9547835955,not available
6010,April,Jordan,sweeneyjennifer@gmail.com,20,+1-453-103-9996x7125,2024-10-24
8662,Steven,Davis,ddrake@gmail.com,67,(506)092-1622x3658,2022-02-21
9536,Daniel,Beasley,stevengarrett@gmail.com,999,290.150.6590,2020-10-19
9841,Monica,,laureningram@scott.com,-1,065-075-4046x313,not available
5589,Thomas,,patricia03@yahoo.com,-1,875.936.2880x6108,2022-08-17
1003,John,Mccall,thomaswanda@gmail.com,86,203.618.7852x0478,2023-01-16
7302,Madison,Johnson,,19,001-660-790-0543x4337,2023-08-26
1919,Justin,Pham,mooregeorge@gmail.com,999,698.025.4801x648,2024-10-27
2555,Tracy,Taylor,,999,,2021-12-27
4369,Zachary,Hunt,michele93@yahoo.com,999,846.192.4667,2024-06-11
5124,Hannah,Smith,wendysmith@villarreal-duncan.com,27,001-356-862-5539x344,2021-11-15
7389,Rebecca,Mayo,melissa51@martin.net,999,+1-615-795-9668x38934,2024-08-08
2614,Chad,Carroll,james04@campbell-marks.com,50,+1-947-236-6279,2023-11-27
6395,Charles,Mcdaniel,brownjustin@hotmail.com,85,(609)492-1828,2022-04-01
5167,Brandon,Shelton,imurphy@hotmail.com,999,831.818.3841,2020-11-28
5373,Hunter,Irwin,baileybrittany@hotmail.com,-1,212.881.0464,2022-03-13
7571,Paula,Allen,simonmichael@gmail.com,36,(533)525-0103,2024-02-05
9246,Jeremy,,matthewhuynh@yahoo.com,999,+1-847-605-5228x68064,2024-10-22
6308,Patricia,Torres,dustin34@yahoo.com,-1,,2020-07-08
2011,Mary,Arias,amberterrell@yahoo.com,999,879-275-7844,2022-05-02
9361,Rhonda,Smith,adriennewagner@doyle.com,40,4423348676,2020-11-17
9369,Raymond,Alvarez,sara42@morris.com,70,+1-564-656-5000x6921,2021-02-16
6319,Stacey,Sampson,daniel31@matthews-heath.com,-1,836.607.6326x9819,2024-07-08
6595,Christopher,Morgan,hmiller@hotmail.com,67,616-986-1604x76176,2024-12-31
1970,Peter,Martinez,shawnrivera@mcdonald-collins.com,44,(319)030-7360,2022-08-07
9561,Melissa,Caldwell,betty66yahoo.com,-1,528-978-4334,2024-07-07
4753,Emily,Simpson,simpsontiffany@yahoo.com,-1,396-872-2256,2023-01-04
7522,Joseph,Kaufman,janderson@boyer.net,44,732-192-6851,2024-02-18
3751,Jessica,Young,nmartin@gmail.com,-1,,2023-03-31
5863,Katie,Stewart,jacobhull@gmail.com,-1,001-728-121-3016x5095,2022-08-20
8314,Jason,Cox,jesse08@hotmail.com,-1,(335)205-9359x586,2021-02-14
4463,,Duncan,marydunn@yahoo.com,39,805-995-1799,2024-04-11
7627,,Smith,davidgonzales@gmail.com,-1,001-342-045-1103x66108,2025-01-04
6989,Ariel,Williams,gary68@yahoo.com,45,643.043.7915x30449,2023-05-29
3515,Mark,Thompson,anthony09@gmail.com,77,440-949-3781x39212,2024-08-12
4736,Tracy,Silva,nicole94@hotmail.com,66,001-838-152-0398x991,2024-01-11
7221,David,Hernandez,meredithhayes@hotmail.com,999,001-298-581-4979x707,2023-12-29
4242,Heather,Brady,,-1,+1-350-275-6516x77461,2021-11-21
5369,John,Allen,paul68@hotmail.com,53,(464)725-3408x71753,2024-02-08
7486,Maurice,Lane,bnelson@buckley-hernandez.info,999,3142253913,2024-01-28
4130,Richard,Fernandez,aaron96@payne.com,999,511-322-3527x248,2025-04-11
4483,Meredith,Eaton,paulsmith@martinez.com,999,4172991024,2024-08-07
1930,Brittney,Miller,,999,191.657.3100,2021-09-01
3591,Alexandria,Lee,marioheath@hotmail.com,999,001-775-472-1272,2020-08-18
8654,Jennifer,Smith,spatel@hotmail.com,-1,+1-113-256-8489x0396,2022-11-07
6381,Adam,Holden,zsantos@hotmail.com,-1,001-056-940-8102,2024-12-22
5166,Lee,Watkins,luke49@hotmail.com,999,001-577-665-2764x3007,2024-07-12
3088,James,Lewis,jmeza@hotmail.com,-1,(957)230-3650,2023-10-23
6586,Nicholas,,qstout@smith.org,59,,2024-12-11
9396,,,lyonsjennifer@green-jones.org,999,960-804-3488,2024-01-04
7296,Scott,,aholder@baker-lane.org,999,248-135-6682,2023-07-27
1003,,Barnett,fsmith@collins-pittman.org,999,001-083-292-8175x060,2024-04-21
4998,Jaime,Moore,kim53@chan.com,999,339-085-6680x26347,2024-09-16
3009,Joshua,Chavez,aberry@gmail.com,-1,843.755.2827x311,2023-06-28
2091,George,Gilbert,emily46@white.com,-1,001-233-574-9716x8794,2023-03-26
4134,Ashley,Anderson,mgarcia@hotmail.com,59,001-613-723-7751x745,not available
9643,William,Garza,tara13@hotmail.com,999,045.852.8524x8957,2021-05-08
7327,Timothy,Hubbard,brianraymondhernandez.info,-1,748.492.2218,2022-09-29
2933,Janet,Reyes,brownkathryn@gmail.com,36,(070)318-3186x761,2021-04-13
3778,Daniel,,,38,(486)827-0758x7848,2022-09-12
3317,Sandra,Cole,smithharold@baker.info,-1,001-578-297-5619x9095,2025-02-16
9757,Jeremy,Owens,allisondiana@peters.com,999,936.990.0988,2021-05-30
2171,Amy,Davis,lmccann@gmail.com,22,(686)912-7505x92794,2021-03-19
7091,Lance,Russo,dwayne25@gmail.com,999,941-769-2299,2024-09-04
8919,James,Mcgee,pearsonmichael@booth.com,999,207.134.2276x258,2021-10-14
7161,Susan,Jackson,leecody@jackson.biz,-1,715.730.9506x085,not available
6757,,Clarke,pamela33@yahoo.com,-1,803-299-6640x9741,2020-07-27
7817,Crystal,Daniels,janet29@hotmail.com,-1,,2020-12-17
9763,Jennifer,Shields,livingstonamy@hotmail.com,999,,2023-12-24
7593,Christopher,Rodriguez,bleonard@yahoo.com,999,(534)371-1675,2024-12-10
5049,Christopher,Floyd,kurthess@ramirez-hernandez.org,44,+1-953-060-4714x192,2022-02-17
7257,,,lance66@yahoo.com,999,(707)991-0113x636,2024-10-28
4737,Stephanie,Cox,,40,001-140-198-1481x9307,2024-10-05
3014,Jonathan,Miller,wcarson@davis.com,78,+1-605-032-4134x887,2021-09-09
9478,Joy,Hutchinson,aparker@garcia-melton.net,999,+1-791-564-7634x8400,2023-06-08
2295,Brian,Munoz,xlowe@hotmail.com,999,,not available
9149,Dawn,Larson,barbara17@smith.info,999,670.461.5869,2021-05-03
2540,Gloria,Stephens,jeffrey63@harris.com,999,001-789-045-4990x23508,2021-07-24
3824,Toni,Taylor,katelyn13@gmail.com,63,157.675.1163,2024-08-11
3627,Kristin,Perez,lynchcaitlin@yahoo.com,-1,001-996-297-3944x30184,2022-05-09
7205,Stephanie,Curtis,qgeorge@yahoo.com,-1,001-528-400-2204x34991,2022-03-03
5791,Lisa,Walker,crawfordjaime@gmail.com,-1,+1-757-259-6504,2025-03-02
1428,Michelle,Brooks,rmorales@yahoo.com,-1,,not available
6250,Janet,,ellen41yahoo.com,-1,956-288-9723x9581,2020-12-29
2418,Edward,Hobbs,john48@brewer.info,-1,(745)625-4959x514,2023-12-10
1231,Ian,Payne,lauren67@yahoo.com,999,041-273-9897x442,not available
7418,Michael,Lee,ybright@gmail.com,-1,+1-302-854-4240,2022-06-13
8401,,Perez,angelamiddleton@yahoo.com,-1,294.985.4835x854,2022-02-22
2679,Anthony,,,87,,2022-02-06
1003,Adrian,Smith,hallmichael@freeman-griffin.net,-1,426.447.9997x649,2020-06-18
8626,Grace,Rivera,ydavis@hotmail.com,-1,967-016-9537x112,not available
7161,Jennifer,Vargas,alejandro27@gmail.com,999,522.369.2179,2020-11-26
2696,David,Wright,megancunningham@hotmail.com,57,796-140-3165x67974,2023-02-20
6389,Nathan,Grant,ashley78@cox-nelson.com,-1,(778)183-3467x283,2024-10-30
3519,Jean,Ryan,john15@dyer.biz,-1,(923)346-4526x86515,2024-10-29
5059,Nicole,Morgan,perrykevin@gmail.com,66,(509)402-3164x98366,2023-12-24
8750,Heather,Rodriguez,melanieprice@hotmail.com,999,5875628737,2022-01-28
5731,Daniel,Vincent,egibson@nguyen.com,999,418-761-3520,2022-05-10
9837,,Kennedy,hendersonmatthew@yahoo.com,999,001-079-399-7313x489,2021-04-02
9178,Alexandra,Brown,cfrazier@yahoo.com,999,001-985-235-2982x0686,2024-08-20
6767,Todd,Lawrence,smithaimee@yahoo.com,999,(683)002-5153x69726,2021-03-09
4420,Darrell,Phelps,atkinsonjulie@gmail.com,-1,001-909-164-6911x5768,2022-04-27
7109,Alexis,Wiley,haneyjulia@schmidt-phillips.com,999,950-029-6135x4978,2025-02-06
1003,,,millerbrad@gmail.com,-1,+1-414-985-8725x2405,2021-04-06
5857,Timothy,Sims,wnelson@villa.org,999,437-769-8274,2023-01-08
1093,Martin,Fox,vancetraceymoore-york.com,999,,2023-05-30
2643,Sheila,Jackson,danielcooper@yahoo.com,999,001-912-275-7598x5043,2024-06-28
1257,Jennifer,Mccoy,,999,236.069.8827x453,2024-03-19
5158,Danielle,Mitchell,grodriguez@gmail.com,-1,+1-406-687-4834x480,2022-11-19
1529,Kathryn,Hamilton,jcollins@garcia-gonzalez.com,999,0230632591,2025-04-01
9950,Monica,Lynch,,-1,+1-583-492-4900x308,2021-02-13
5220,Brian,Stewart,kennethdavisalexander-gonzalez.com,86,345.068.5634x96310,2023-08-17
5136,Elizabeth,Shields,julie10@bryant.org,-1,048.454.1068x474,2021-11-14
9655,Dawn,,,-1,4385650935,2021-04-17
9352,Dale,Schneider,calvin08@yahoo.com,-1,679-233-3080,2024-06-14
6842,Samantha,Long,humphreyshawna@crane-lang.com,43,(566)751-0626x33415,2021-10-20
6598,Keith,Thompson,allenmelanie@gmail.com,73,,2022-08-13
6641,Jesse,Owens,,-1,790.597.0892,2023-05-31
4734,Martha,Paul,katherinemedina@english-ortega.net,61,231.995.5880x36040,2022-04-13
1271,Tonya,Vega,melinda73@harris-saunders.info,999,001-976-006-6646x758,not available
3353,Brian,,moniquelewis@scott.com,999,524.183.7974x905,2021-09-11
3830,Anthony,Powell,,-1,+1-240-996-8403x979,2024-12-22
9583,Tiffany,Evans,,999,6458774278,2022-07-20
2701,Miranda,Matthews,limegan@richardson.com,-1,483.544.2322x719,2021-05-24
7070,Amanda,Rivera,joshuarivas@yahoo.com,-1,871-847-3390x88268,2024-07-27
2014,Ebony,Henderson,brentsmith@hotmail.com,-1,5224479547,2022-09-15
5106,Brittany,Kennedy,amandasimmons@gmail.com,999,001-231-164-9138x27927,2024-01-19
8439,,Carroll,schmidtjessica@gmail.com,999,035-175-0880x590,2022-07-03
1003,Louis,,usims@owen.com,58,5428973851,2024-02-12
8469,Benjamin,Webb,adrienne18@medina-arnold.com,999,,2024-05-31
1003,Kayla,Boyd,,48,4928963605,2023-03-19
1691,Logan,Kelly,erincarpenter@aguilar.info,66,(065)513-1698,2020-10-09
2600,Laura,Rocha,shelley26@willis-wright.biz,999,+1-827-967-5636x50282,2020-11-26
2988,Nicole,Porter,balljeff@yahoo.com,17,+1-796-811-3321x75085,2022-11-30
6865,Cassandra,Shepard,ryanholloway@powell.com,999,051.136.8050,2021-06-23
1068,Michael,Edwards,,-1,001-375-585-8399x619,2023-12-31
5997,Katie,Casey,amy43@gmail.com,999,426-180-2813x2739,2021-11-26
2071,,Martin,karlamccarthy@hotmail.com,74,(548)620-7010x9921,2021-08-22
8479,Jennifer,Paul,mmaddox@williams-house.com,24,421.529.1506,2023-07-05
2321,Carolyn,Hale,jessicathornton@gmail.com,-1,+1-258-090-5961x23505,2021-09-30
1861,Robert,Warren,howardgeorge@reynolds.com,20,484-716-7063,2025-01-08
6224,Daniel,Griffin,,999,001-268-614-2633x51031,2025-05-07
7164,Charles,Garcia,marthasmith@yahoo.com,-1,+1-010-977-2049x858,2021-11-19
8634,Angela,Wood,,999,(934)976-1194,2022-10-01
4088,Carla,Burch,mchavez@orozco-roth.info,999,0616093617,2021-10-14
6967,Shannon,,bonnie38@rhodes-marquez.biz,999,2104295079,2021-07-13
6886,Benjamin,Carrillo,loveanthony@yahoo.com,25,960-566-0843x21638,2024-03-03
6048,Kurt,Jenkins,michael88@hotmail.com,-1,,2024-01-16
9368,Todd,Schwartz,lbrown@hotmail.com,22,616.625.6808x753,2025-04-16
7314,Tiffany,Cabrera,taylorguzmangmail.com,39,(539)430-6268,not available
1003,,Campbell,,83,(984)948-3704x725,2024-01-18
2725,Alexandra,Flores,lorrainemeyer@hotmail.com,55,+1-036-139-2189x4211,2023-11-23
3630,Michele,,arthur34@gmail.com,999,(690)116-8976x053,2024-01-09
4103,Scott,Frank,roy05@miller.com,999,742-583-3855x4235,2023-02-13
2913,Katrina,Francis,kleinamy@myers.com,-1,,2022-06-01
3127,James,Pierce,mnelson@massey.biz,999,(044)931-3683x25832,2023-02-03
1003,Joseph,Lewis,danielbridges@maynard.org,24,451.462.8449x292,not available
1644,Andrew,Carey,cheryl14@gmail.com,999,001-852-139-2339x211,2025-05-15
9460,,,bennettmax@hotmail.com,77,416.126.3146,2021-01-12
4562,Anna,Reilly,arellanojoann@hotmail.com,999,427.443.3258x7883,2025-04-23
4757,Nicholas,Raymond,frank04@scott-cole.com,999,483.806.8966,2023-12-24
3265,Mike,Rivas,dawnjones@gmail.com,-1,,2023-12-30
9973,Jeffrey,Harrison,shebert@yahoo.com,999,386.415.1619x48561,2021-07-30
8939,Nicholas,Hobbs,jeffrey69@hotmail.com,51,2963927808,2024-12-11
4697,George,Edwards,yphillips@greene.info,20,+1-458-531-1427x4588,2024-04-17
7442,,Riley,gina87@hotmail.com,65,044.582.4506,2022-04-19
3488,,Lopez,vbrewer@charles-hess.com,54,142-775-8448x440,2022-09-13
6593,,Cook,james22@johnson.com,999,+1-702-793-1669x01972,2021-03-05
4563,Brent,,hmoran@gmail.com,999,001-161-935-3126x31362,2024-12-29
8514,Steven,Ellis,daviscarolinepeterson.com,999,001-155-017-5676x691,not available
3244,Justin,Fox,nicolethompson@cooke.net,85,327.606.1102,2022-05-30
6484,,,steven92@smith-williams.biz,35,001-948-055-2491x228,2020-09-15
5434,Calvin,Thornton,trodriguez@gmail.com,28,001-036-591-1189x954,not available
2792,Theresa,Roach,hansenheather@yahoo.com,999,(519)713-0491x690,2023-08-23
6846,Shannon,Jennings,ahenderson@wilson-estrada.com,-1,,2023-11-23
9051,Jacqueline,Colon,lisabrown@mccall.org,14,324-210-6179,2020-08-26
9269,Tricia,,wayne12@hotmail.com,-1,(865)253-4049x131,2022-01-29
5278,Paul,Boyer,davidrobinson@yahoo.com,-1,113-540-4122,2024-05-12
1190,Leslie,,turnerwillie@bennett.org,999,+1-753-121-7032x87331,2020-12-07
1342,Kimberly,Foster,greencynthia@hotmail.com,999,,2021-07-24
8623,Tyler,Webb,albertpowell@gates.com,48,001-433-445-9071x082,2025-04-29
6880,Kristen,Oliver,dylanmcguire@gray.com,-1,6222552687,2021-08-02
1887,Virginia,,serickson@smith.net,-1,004.751.0582,2022-01-09
7562,Michael,Perkins,,-1,001-491-920-2694x723,2024-10-24
3717,Sabrina,Martin,murphysusan@gmail.com,61,,2020-08-29
8585,Jasmine,Frazier,,-1,+1-347-856-6119x6452,2021-10-03
5739,Nicholas,Wright,anthonysmith@ward-stewart.net,48,+1-642-348-7609x9239,2022-07-24
2945,Sheri,Farrell,lho@hotmail.com,999,+1-195-790-1425,2024-06-26
1129,Spencer,Goodman,gkramer@moore.com,42,(161)322-1623x21173,2023-08-09
2099,Johnny,Moody,joseph59@yahoo.com,56,,2022-09-05
9845,Timothy,,phelpsstacy@stewart-thompson.biz,17,(857)348-2225,2023-08-08
1491,Samuel,Acosta,chad35@gmail.com,999,520.216.1160x104,not available
7654,Rebecca,Foley,ttorres@walker-avila.com,-1,(580)645-9386x21786,2022-04-23
8289,,Johnson,sarah25gmail.com,80,369-360-8879,2022-09-05
3769,Randy,Garner,james56@erickson.com,999,360-696-9963x460,2024-01-02
3381,Ross,Woodward,,31,+1-315-891-0824x8546,2020-12-17
4443,Roy,Norris,kellyhernandez@kim.net,-1,+1-711-445-1636x064,2024-08-14
9996,,Bennett,howelltanner@elliott.com,999,(240)777-0061x5986,2023-12-04
7490,Mason,Taylor,victorhodges@matthews.biz,84,+1-116-256-6735,2023-03-02
7556,Malik,Lewis,tracy23@hotmail.com,999,001-254-704-2443x249,not available
2086,Bradley,White,,-1,(242)281-7801x0042,2022-05-03
5453,Thomas,Fernandez,padillawendy@santos.com,999,(657)914-1469,2023-01-20
2800,Jennifer,,odonnellrichardanderson.org,-1,1231086153,2021-03-24
6907,Richard,Chapman,bowmanleslie@morgan-sloan.com,-1,767.343.9506x0615,not available
6737,Jason,,jamesford@saunders-valentine.com,-1,001-056-553-9669,2023-07-25
3304,,Mckinney,sarahgreen@smith.com,66,001-464-857-8882x94620,2020-10-27
7838,Robin,Patterson,johnsonmary@hotmail.com,72,392-568-0146,2021-08-13
3415,Brooke,Vaughan,qwalker@gmail.com,50,311.914.8660x07724,2024-03-03
2440,Marcus,Harris,thomasjohn@garcia-bell.com,-1,373-817-3846,2021-07-23
9256,Kathleen,Jones,urasmussen@hotmail.com,999,1750824287,2024-01-19
3726,Melissa,Perez,phillipsdawn@hotmail.com,999,001-415-339-5270x40634,not available
2436,Holly,Stout,anita42@obrien-gonzalez.com,-1,564-818-1238x694,2025-04-03
3293,Greg,Shields,dianasantana@richardson.com,39,+1-322-492-8029x70640,2022-08-26
8655,Eric,Jacobs,kimberly41@terrell.info,18,001-370-005-2748x360,2025-04-03
1919,Alfred,Hensley,khall@hotmail.com,-1,493-028-8055x89749,2023-03-05
7758,Jeremiah,Browning,ecarey@haas-dixon.com,999,800.776.5412x03471,2024-02-20
8615,Derek,,scottgarza@yahoo.com,70,001-495-819-4858x25719,2020-10-15
2908,Robert,Ramirez,spacheco@george.com,999,001-293-731-1059x03451,2024-03-17
2731,Angela,Wood,boydelizabeth@rivera.com,999,051-089-9517x2788,2024-12-15
5196,Cody,Fox,smallmario@pope.org,999,(380)794-2111x92049,2020-06-10
9318,Teresa,Nguyen,dylanforbes@baker.com,12,369.454.2254x79786,2020-11-14
5108,Laura,Williams,matthewthompson@gmail.com,34,3253531669,2022-11-24
3024,Laura,Kennedy,bryan30@yahoo.com,43,088.651.4638x90835,2020-06-26
4158,Amy,Rasmussen,,999,702-133-6723,2020-06-19
2991,Haley,Hernandez,johnsoncaleb@hotmail.com,-1,+1-747-981-9437x51627,2021-09-29
4035,Tina,Ortega,wwilliams@gmail.com,999,+1-945-709-8397x092,not available
3973,Ronnie,Levine,osanchez@jones-lane.com,999,001-649-711-6320x7278,2021-11-21
2008,Rodney,Johnson,sharonkoch@gmail.com,-1,001-460-873-3004x933,2023-06-22
1933,Matthew,Mcdonald,jessica28@hotmail.com,999,7710708694,2023-05-22
1113,Elizabeth,Ford,jennifer29gmail.com,999,+1-239-746-9242x2590,2022-05-04
1283,Brett,Turner,lyonsann@garcia-jones.com,24,106.289.9082x0173,not available
7557,Kristen,,bwilson@gonzalez.com,47,9938125252,2024-10-13
3779,Sean,Powell,blackwellseanyahoo.com,80,+1-993-672-0837x45780,2025-03-24
4841,Scott,Lambert,kimberlystanley@hotmail.com,-1,8636377615,not available
9360,Gary,Hunter,carterkaren@hotmail.com,71,+1-288-692-3963x63718,2020-11-29
1003,Crystal,Alexander,ldelacruz@gmail.com,-1,870.328.2069,not available
5002,Lauren,Figueroa,robertshaffer@hotmail.com,999,001-506-112-6327,not available
3314,,Burton,joshuasanchez@hotmail.com,-1,695-806-7548,2022-06-27
8195,William,Taylor,victorsweeney@yahoo.com,28,(823)367-1264x88869,2021-02-15
1149,William,Johnson,charles41@hotmail.com,999,481-866-2758,2024-04-20
2147,Claire,,hannahross@buchanan-mcmahon.org,-1,,2024-01-29
4947,Andrew,Cline,fernandowalls@yahoo.com,-1,,2024-07-25
6334,Molly,Johnson,ocastaneda@frank.com,999,+1-310-081-1540x9170,2021-10-01
1003,Dustin,Heath,torresbrandi@hotmail.com,-1,991.064.2847,not available
2485,Ashley,Houston,hollowayrachel@sanchez.com,57,(833)155-1951x727,2020-11-17
1818,Michael,Johnson,,999,001-053-742-1773x54296,2025-04-05
2984,Robert,French,dmurphy@patterson.com,-1,172.762.6010,2021-09-01
2744,Lisa,Deleon,,-1,460.195.4230x39300,2022-10-08
3994,Dawn,Moore,matthewmurphy@love.info,-1,001-894-982-1092x190,2023-05-27
3930,Michael,Williams,kgreen@brown.com,-1,(028)786-9726x348,2023-07-28
2319,David,Riddle,scottjackson@dixon.com,999,426-548-4880x65893,2024-09-09
1025,Ana,Howell,burkeashley@padilla-ortiz.com,-1,(264)978-3067x63300,2024-02-01
4899,Carl,Williams,racheljohnson@yahoo.com,-1,431-472-2777,2021-04-02
5002,Angela,Phillips,mullenmegan@gmail.com,69,(606)110-9757x10768,2020-10-09
1271,Mark,Harvey,yknight@wilson.com,73,001-824-017-2826x5803,2023-01-05
9201,Dylan,Merritt,jortega@king-horn.info,999,(527)591-0301,2022-08-21
6718,William,Jarvis,james40@gmail.com,82,(748)408-1205x0036,2023-01-13
1003,Christian,Nelson,curtispatelhotmail.com,53,(778)398-0319x046,2022-10-31
2446,Lisa,Cooper,kparker@yahoo.com,47,001-719-739-9393x5960,not available
5164,Shelby,Robinson,stephanie07@hotmail.com,60,,not available
3823,Michael,Howe,sherryferrell@andrews-williams.com,36,5618966303,2024-03-07
7908,Brett,Petersen,hdavis@martin.com,999,857-816-7258x03564,2021-12-23
3699,Scott,Cook,,999,(565)265-3750x37895,2024-11-30
6490,Jessica,Gross,edward03@gmail.com,999,509.365.9887,2020-10-27
2604,Alvin,Baker,diane74@gmail.com,-1,(905)989-3417x7923,2022-04-29
9283,Kevin,Hopkins,pittmantracy@cook.com,-1,401-220-8698x319,2021-09-04
5522,Kyle,Castaneda,haynesmeredith@yahoo.com,-1,+1-373-963-7296,2023-03-17
4719,Isaac,Williams,charlesmoore@green.com,67,353-346-7821x3179,2022-10-22
4898,Matthew,Peterson,amandamartin@gmail.com,999,(195)249-0173,2021-03-13
8238,Javier,,ngreen@ortega.net,46,(023)511-9652x9991,2020-07-21
4088,,Mccann,ygreene@hotmail.com,999,(649)382-6367x4184,2023-02-20
9615,Jacob,Watson,amanda03@smith.org,49,,2023-10-24
9792,Douglas,Lin,michealjones@gmail.com,44,977.113.5133x140,not available
8691,Timothy,Rodriguez,tchristian@hotmail.com,80,3313177571,2020-10-20
8850,Donna,Le,martinpamela@gmail.com,999,560-819-7655x96008,2020-10-19
9593,John,Thomas,antonio28@yahoo.com,999,,not available
3596,Benjamin,Lewis,fischertrevor@white-green.info,-1,2481436210,2024-09-09
5400,Christopher,Martinez,robert70@yahoo.com,999,001-313-641-7970,2020-09-06
2215,Jack,Walker,whitney28@hotmail.com,16,796.438.8534x235,2020-08-06
4883,Malik,Larson,carol13@gmail.com,-1,001-911-134-8768,2023-11-30
1974,Crystal,,mary71@andrade.org,999,435.282.8083x81352,2022-09-21
4635,Lisa,Frazier,manuelthomas@frey-hays.biz,999,,2022-01-17
9200,Susan,Clayton,meredithfoster@harmon.com,12,+1-105-892-3986x9252,2022-08-09
7634,David,Johnson,tasha39@jordan-jones.com,83,270-328-9956x3187,not available
7239,Adam,Bullock,mcbridechad@grant.net,-1,(286)740-2192x06964,2021-08-27
6711,Linda,Lamb,,22,001-114-961-1051x6130,2020-11-08
1003,Karl,Brown,jessicasolis@yahoo.com,14,001-069-635-1924,2024-08-28
9836,Jasmine,Moreno,sphillips@yahoo.com,999,(825)292-3329x8712,2022-12-21
6791,Richard,Zamora,joann38@daniels.org,-1,(846)959-5135,not available
1815,John,Harmon,brian47@walker-aguilar.com,999,697-239-4423x607,2022-09-26
8590,Regina,Meza,amanda23@erickson-marshall.biz,-1,001-237-057-4822x053,2022-04-17
8238,Mark,Pena,granttodd@yahoo.com,46,+1-710-409-9229x70035,2022-06-24
3390,Kendra,Sanchez,ataylor@kirby.biz,-1,,2023-04-16
3786,,,gjenkins@martin.com,999,(010)036-9425x895,2021-02-19
8741,Bobby,Miles,ulawson@suarez.info,999,169.581.3525x232,2023-04-18
1003,Alexa,Grant,amber25@yahoo.com,15,(795)107-2740,2025-01-02
7717,Shaun,Garcia,vlucas@gmail.com,-1,280.001.6289,2021-10-22
6330,Joel,,tshort@yahoo.com,41,001-355-520-2520x72307,2024-09-22
1003,Paula,Best,bhouse@mullen-morrison.com,999,573-350-9466,2024-10-10
5608,Jody,Jacobs,,999,411.140.2259x0505,2023-01-25
4674,Wendy,Schroeder,,-1,311-689-1937x75963,2021-03-12
6670,Michael,,xjohnson@taylor.org,999,704-345-6331x3087,2022-05-22
6338,Rhonda,Ali,brichardson@sanchez-lewis.net,35,001-626-495-8257x3970,2025-02-13
2516,,Lopez,danabest@yahoo.com,-1,4965864093,2020-12-13
1935,Meagan,Miller,robert73@gmail.com,89,001-477-892-7588x832,2024-04-15
8014,Renee,Houston,robert90@brown-hood.org,65,923-843-2145,2022-02-21
8323,Larry,Garner,darryl46@clay.net,999,(920)443-1725x7913,not available
8338,Luis,Morrow,kristie21@perry.com,999,(952)460-1997x064,2024-12-14
3023,Jillian,Gray,xduarte@nelson-griffith.com,-1,,2021-04-16
7201,David,Mccarthy,ehughes@carter.com,999,129-311-1376x64805,2022-10-19
4711,Samantha,Mcgee,dawn62@gregory.biz,999,944-781-4019x754,2024-03-02
1003,,Davis,parsonscathy@miranda-fields.com,48,+1-162-784-5011x52714,2024-08-29
6317,Molly,Blake,aaron31@barnes.com,-1,(093)242-4295x08312,2023-07-16
9631,Angel,,matthewsimpson@yahoo.com,11,+1-039-273-4257,not available
3001,Barbara,Miller,jack33@cantu-chavez.org,56,+1-321-415-4221x4248,not available
5897,Shannon,,eric88@gmail.com,999,6373719907,2020-08-28
1149,Chad,Rubio,foxandrea@yahoo.com,-1,470.473.1158,2022-01-02
7851,Gene,Day,gwise@barron.info,-1,(462)098-6470x1897,2024-10-08
9097,Sonya,Perry,andrewsandrew@hotmail.com,-1,332-223-2302x6266,2023-05-17
1062,Heather,Morgan,adamstracy@medina.com,15,487-570-9942x6906,2024-12-06
7486,,Holland,,16,001-294-473-7247x9614,2024-02-03
9089,Connie,Holloway,olsondavid@gmail.com,-1,9470473821,2022-09-21
2607,Bryan,Moore,,42,003-725-9622,2022-11-17
4393,Joseph,Smith,danny92@king.com,32,2131287397,2024-05-28
3730,Jaime,,jeffrey05@morris.biz,36,+1-252-559-5428x0822,2024-01-23
2382,Holly,Parsons,smartinez@white-young.com,-1,134-392-0655x12955,2025-01-01
3943,Melvin,Christensen,tjordan@richardson.com,-1,018.777.1588x19187,not available
2631,Patricia,,stewartjimmy@gmail.com,999,(384)746-7381x8562,2021-07-25
5667,,Hudson,ucarter@hotmail.com,999,795-286-4021,2022-03-01
1336,Micheal,Harmon,haynesshannongalloway.org,999,+1-563-252-4588x92561,2021-08-22
4170,Jennifer,Griffin,gutierrezbrittany@hotmail.com,999,387-221-2179x4494,2024-06-12
8098,,Rivera,ashleydavis@yahoo.com,-1,998.603.9845x415,2023-03-25
1951,Michael,Watson,sarahgonzalez@spence.com,55,622-302-7697,2022-04-15
5832,Sydney,,greggarza@wang.org,31,211.291.2451,2021-10-14
3154,Anna,Owens,whiteangela@hotmail.com,999,001-974-654-7164x234,2024-04-23
1980,Derrick,Wade,christine57@johnson.net,56,(455)659-6787x6079,2021-06-16
5997,Michael,Jackson,wpatel@gmail.com,30,+1-787-492-1342x1536,2023-05-15
5823,Thomas,Lopez,petersonnathan@yahoo.com,-1,001-475-345-4192,2024-04-23
9311,William,Green,anthony45@hines-watson.info,34,(572)285-8523x134,2022-02-01
8493,Victoria,Sanders,kingmatthew@solis-buchanan.net,-1,966.417.8901x489,2020-10-03
7213,,Henderson,edwardsjohnny@davis.com,16,001-794-510-5937,2024-11-18
5448,Robert,Jenkins,gwilson@gmail.com,999,(242)492-6702x3101,2021-06-02
8571,James,Alvarado,kimberly72@anderson.biz,999,162-432-8994x75847,2021-10-31
6526,Diane,Li,,999,001-073-564-8088,2020-09-07
1985,Michael,Romero,jeffrey41@gmail.com,24,978-470-2568,not available
7720,Alyssa,Williams,eoliver@jones.org,83,001-595-033-8741x575,2024-08-20
4411,Gregory,Gould,montoyachristopher@nguyen.com,-1,2732044109,2023-02-11
1428,Matthew,Odonnell,garciaashley@scott.com,999,(722)616-5279x935,not available
6402,Michael,,,-1,,2022-01-06
3684,Robert,Brennan,danielletucker@yahoo.com,55,001-287-863-9366x071,2025-03-04
4608,Tonya,Orr,sandra77@gmail.com,999,001-366-244-3952x8676,2024-10-31
6371,Kathryn,Robertson,nicholasmcdonald@yahoo.com,999,,2021-12-03
4358,Donna,Cole,zavila@yahoo.com,999,(956)710-2777x7312,2024-12-03
8774,Joseph,Fletcher,ryanprice@jones.net,-1,+1-706-671-5054,2022-04-16
1985,Patricia,Baird,michael11gmail.com,999,8948454147,2023-06-23
1324,Claudia,Odom,,79,438.685.9964x63147,2023-10-16
8787,,Ward,katherinekennedy@bean.com,-1,+1-162-981-6103,2022-04-26
3655,Norman,,sblanchard@murphy.info,-1,581.551.1058,2022-03-19
6495,Robert,Joyce,zmurphy@mitchell.info,43,(419)382-1127x8135,2023-08-25
2449,David,Drake,tammytaylor@marshall.info,10,+1-270-117-7722,2025-01-29
6846,Brian,Cruz,tmunoz@gmail.com,-1,814-286-2122x72479,2021-04-27
5136,Brooke,Hardy,rfrazier@lee.com,999,,2022-08-07
2493,Melanie,,qstricklandstuart.org,74,113-619-8752,2023-01-01
4148,James,Clark,samanthapoole@hotmail.com,-1,,2023-02-25
4955,Mathew,Gonzalez,davieslauren@yahoo.com,999,889-936-0550x406,2022-08-29
6761,Yvonne,Campbell,mooremelinda@yahoo.com,999,001-421-927-0260x001,2025-05-30
2720,Christina,Watkins,,20,617-687-2240,2025-01-01
6058,Laura,Roman,smalltravishotmail.com,999,+1-910-465-4801x434,2021-03-04
3984,Sabrina,Ortiz,jennifer05@hotmail.com,-1,+1-755-401-8411x5442,2021-11-28
1003,Timothy,Sanders,morrisonchristopher@williams.com,999,0944565856,2024-05-11
1003,Laura,Mcdaniel,heather89@hotmail.com,-1,,2021-05-04
9775,Emily,Marquez,ubailey@gmail.com,999,001-448-895-8061x37129,not available
4434,Samantha,Callahan,virginiasmith@bowman-parker.com,999,+1-261-863-6816x31298,2025-04-28
8739,Randall,Grant,,-1,001-989-265-9505x2395,2022-03-10
5614,Michael,Brown,zyoung@kelley-oneill.com,999,804-621-7686,2021-09-18
6779,Angela,Wu,odrake@gmail.com,39,8255441302,2020-08-03
7693,,Stephenson,kylehammond@downs.com,12,(188)867-5904x3118,2023-12-20
1998,,Baker,suzanne87@beasley-johnson.com,26,886.230.4776,2021-07-29
1376,Joshua,Silva,denise26@gmail.com,999,+1-651-199-3343,2023-08-05
8212,Joe,Mcdonald,sean61@trevino-jones.biz,-1,001-965-983-3327x26920,2022-12-10
5742,Robert,Harris,sparksdiane@clark-hanna.com,69,(047)787-7498x0983,2022-04-15
4160,Trevor,Murphy,reginacruz@yahoo.com,62,+1-061-467-6016,2021-01-04
2401,,Hale,colemanmichael@yahoo.com,999,179.061.5828x498,2024-08-20
1234,Gabriel,Anderson,ynicholson@delgado.com,-1,995.703.9610,not available
4399,Teresa,Mitchell,,-1,001-367-024-1370x4238,2024-06-30
2943,,Solis,jamieabbottyahoo.com,65,001-347-685-6426x3841,not available
8747,,Day,omurphy@hotmail.com,-1,001-337-752-4688x517,2020-07-15
6875,Angelica,Fox,sarah30@hawkins.net,999,140.074.4770x683,2025-05-30
4993,Eric,Gray,gravesmichael@gmail.com,31,(274)690-9355x111,2024-08-14
9111,,Cordova,daniel27@day-roberts.biz,999,001-959-581-2130x4228,2021-03-23
9559,David,Alexander,pwashington@stevenson.com,-1,025-873-4486,2022-03-10
7863,Caroline,Haas,jacobball@dennis.com,999,040-377-9768x8158,2020-06-13
3347,Brenda,,hicksdonna@nelson.com,999,885-458-8343,2023-12-28
7569,,Smith,browndenise@yahoo.com,-1,,2023-03-21
4090,Jennifer,Cooper,amandarowland@ellis.info,999,(974)649-0538,2021-06-23
8457,Thomas,Kane,desireereilly@clarke.com,-1,+1-962-308-7799x9479,2023-05-16
1925,Jessica,Richardson,kevin19@hotmail.com,999,355.850.1260x69918,2024-03-08
2751,Tammy,Clark,fitzpatrickanna@yahoo.com,999,067-066-9855,2023-05-01
2621,,Robinson,jonesapril@yahoo.com,999,(622)718-5558x11862,2024-10-05
3564,Heather,Smith,christopherrichardchristensen.com,-1,507.479.3398x0246,2023-09-28
7562,Gerald,Mccoy,benjaminhill@gmail.com,-1,752.252.6946x72173,2025-01-18
8250,Becky,Carr,angela70@yahoo.com,-1,020-657-0637,2024-05-15
1652,,Morgan,timothyday@gmail.com,-1,+1-978-145-8698x1146,2022-09-07
7111,Alicia,Mckenzie,diana23@gmail.com,35,830.619.3930,2021-05-25
8201,Rebecca,Perry,tmccarthy@gmail.com,999,001-080-373-1707x110,2022-12-15
6884,Jose,Barnes,ericflores@yahoo.com,999,,2022-06-22
3988,Bobby,Smith,james13@hotmail.com,-1,001-917-886-8068x82615,2023-12-24
8856,Maurice,Mitchell,tracey91@gmail.com,-1,444-109-2565,2022-08-30
9306,Hector,Lopez,,-1,173-835-1552,2025-02-18
8798,Elizabeth,Nielsen,cwatson@yahoo.com,-1,(191)536-0620x75349,not available
2030,,Johnson,arodriguez@stephenson.biz,68,(580)841-8100x02828,2020-11-30
7573,Logan,James,wgraham@yahoo.com,999,+1-541-567-4453,2022-07-20
4839,Kelly,,bensonnicole@hotmail.com,999,637-863-3436x15088,2025-01-07
6735,Jennifer,Ryan,paigewilliams@dean-miller.com,75,,2021-01-15
3836,,Gonzalez,,999,001-941-235-7853x059,2023-09-30
1003,Patrick,Sellers,shaneflowers@yahoo.com,46,727.313.4552,2021-05-25
1003,Timothy,Nguyen,edwardcastanedayahoo.com,999,001-159-593-3326,2020-11-08
7627,Janet,Johnson,earellano@yahoo.com,-1,(440)393-1713,2021-01-25
8592,Frank,Jones,wprice@jackson-cook.com,-1,714-293-9138x848,2024-08-18
2501,Brenda,Lawson,kyle97@lewis.info,30,069.847.3992,2021-11-06
2354,Cory,Kim,jamieowen@yahoo.com,999,(865)099-8845,2022-05-14
7244,Leslie,Hurst,,999,001-801-180-7432x794,2024-04-01
5294,Julie,Harris,smithjoel@hotmail.com,999,(923)430-9419,2021-01-12
5897,James,Austin,smithjudy@gmail.com,82,682.682.9067x4818,2022-05-08
7839,Rebecca,Wright,jennifer31@gonzales.info,999,791.225.2137x3397,2022-07-03
9695,,White,ramseydaniel@mendoza.com,58,794.161.0122x4940,2025-05-10
4661,Stephen,Thompson,warren60@cruz.info,999,(860)197-5659,2024-10-19
6270,Jennifer,Wade,zgreengmail.com,999,646.708.1677x32349,2024-01-09
6106,,Ray,andrew81@gmail.com,-1,+1-649-581-5521x5176,2021-06-21
9889,,Robinson,turnerrobert@johnson.com,-1,400-193-2643,not available
5415,,Hawkins,jmyers@morris-hutchinson.org,-1,001-630-395-3844x18648,2022-07-03
3791,Sarah,Key,,999,+1-599-971-1286x40553,not available
9146,Sandra,Goodwin,jillianpatterson@walker.net,-1,,2024-01-07
7563,Doris,Haley,carpentercarol@gmail.com,999,(521)434-4250,2023-09-06
8059,Angela,,sarabutler@gmail.com,82,001-444-013-6985x00205,2025-04-18
2336,Tracey,Washington,michael40@hotmail.com,999,001-246-234-9218x0235,2023-12-20
6683,Jason,Burgess,catherinejackson@brown.com,-1,331-068-9930x29124,2023-07-14
6335,Carlos,Robinson,wharris@yahoo.com,-1,462-549-7393x54316,2021-01-18
4662,Robert,Savage,lewisthomas@harrison.com,999,(800)685-8456,not available
8009,Joseph,Jones,mark60@anthony.biz,-1,(944)125-0169x30718,2022-02-25
5118,Norman,Barker,patrick54@russell-kent.com,-1,(118)344-5394,2024-05-19
2565,Bonnie,Mckay,thompsonoscar@yahoo.com,10,001-065-981-2475x02915,2024-01-05
8190,,Martin,larryoconnor@hotmail.com,-1,589-224-6395x3981,not available
3665,Gabrielle,Pham,rachelthompson@yahoo.com,999,,2022-09-19
6661,Sherri,Dyer,,83,213.422.8597x152,2025-01-06
6288,Keith,,fchan@carpenter.com,63,584.230.1592x0456,2023-12-10
3122,Adriana,Brooks,,-1,1934410880,2022-05-04
2817,Jennifer,Proctor,wparks@hotmail.com,80,+1-198-375-8555x97630,2024-11-21
8466,Lori,Morse,tammy80@williams-cunningham.net,-1,(679)015-3299x7106,2023-05-03
1003,Lisa,,mccormickkatherine@jones.com,999,001-999-833-2871x405,2022-03-23
4629,Collin,Griffith,,-1,(206)330-5807,2025-03-12
8263,Daniel,Sloan,robert90@gmail.com,-1,001-467-169-0710x67840,2020-11-06
9028,Tiffany,Walker,kmendez@patton.info,-1,912-709-4730,2025-03-01
2290,Monique,Diaz,christina05@manning.com,34,,not available
4131,Cheryl,,burnettpamela@gmail.com,68,550-258-1101x0119,2021-07-15
2473,,,brittany08@hotmail.com,999,+1-735-682-9209x1282,2024-09-15
5676,Donna,Cantrell,dbarber@walton.org,-1,(185)961-4754x571,2022-02-19
4799,Terri,,patrick91@hotmail.com,999,001-102-946-2471,2021-04-21
8298,Collin,Lynch,gregoryzavala@cook-bradley.org,66,,2020-11-15
2212,Lacey,Kelly,,16,8349762547,2023-03-12
1710,Vanessa,Murray,yspears@gmail.com,19,722.016.6297x726,2024-08-18
6376,Adam,Hanna,andreagonzalez@yahoo.com,-1,185-156-0397x46507,2022-05-01
1071,Kurt,Turner,pross@mcpherson.info,999,224.456.1711,2020-07-03
5025,Lawrence,,kmcdonald@wood.biz,999,,2024-09-30
8980,Lauren,Marshall,tmyers@gmail.com,-1,001-753-634-7829x23716,2021-10-17
8430,Leslie,Christian,hartmanlaurayahoo.com,-1,001-400-695-2273x5371,2020-06-27
1003,Eddie,Kelly,,999,(313)872-7787x596,2023-06-06
7375,Brandon,Brady,briankent@stein.org,999,8675504182,2023-08-30
9570,Susan,,patrickburke@phelps.net,41,001-896-728-2740,2023-02-05
8008,Christopher,Smith,joshuachavez@taylor.info,56,,2021-03-22
3831,Deborah,,fernandocobb@hotmail.com,-1,231.566.6156x58736,2023-10-24
1283,Beth,Butler,,-1,,2021-03-27
8966,Brian,Newman,tjones@yahoo.com,-1,001-401-165-0046x83238,2023-01-31
2035,Justin,Johnson,,999,001-081-492-7369x1221,2021-04-29
5205,Jacqueline,Webb,brandiraymond@woods.info,999,001-223-466-0164,2021-09-18
5742,Chad,Wolfe,jessicabarrett@hotmail.com,-1,+1-368-613-4648x2474,2022-10-03
1003,,Barnes,michael08@yahoo.com,79,001-143-194-0107,2022-01-22
7437,Seth,Garcia,david48@hotmail.com,-1,161-058-9480x24950,2023-12-08
5563,Carol,Hatfield,cwadeduncan-swanson.com,64,(326)315-3491x951,2022-04-22
5028,Rebecca,Farmer,alexandrawilliams@hotmail.com,999,303-655-8857,2022-09-19
1003,Jeffrey,Hardy,thomas89@gmail.com,-1,,not available
1003,Daniel,Travis,qcole@yahoo.com,-1,,2021-03-09
8244,Elizabeth,,pamelarios@hotmail.com,999,439-201-4516x86860,2021-09-30
6936,Carl,Harper,,999,468-332-0604x9851,2021-12-16
6620,Jesus,Richardson,rcook@scott.com,79,513-714-2199,2021-01-04
7017,Austin,Chambers,jholmes@lindsey-romero.net,51,638.381.9001,2024-09-28
6401,Derek,Holt,ujordan@gmail.com,72,(093)101-4526x64825,2021-09-25
1003,Sandra,Collins,jennifer29@yahoo.com,-1,+1-855-286-1409x191,2024-07-05
7182,Brittany,Davidson,higginsanita@kramer-brown.com,999,(461)712-6080x61833,not available
6513,Jason,Ortiz,bryan45@sanchez-shields.com,-1,(016)042-6308x2647,2025-05-05
3475,Stephanie,,kellireynolds@yahoo.com,-1,882-828-0301x08530,2024-01-30
8007,Steven,Carroll,jenniferbryan@gmail.com,999,688.669.2406x269,2023-08-19
7864,Brittany,George,sarahbradley@ward.org,-1,800.128.6877,2022-12-01
2227,Lisa,,simpsonkristophergmail.com,46,+1-332-318-6374x782,2022-12-10
1003,Michelle,,pricetabitha@brandt.com,999,387.456.4446x683,2021-11-18
5018,Nichole,Nelson,coxjessica@gmail.com,999,(409)036-5867x85760,2025-05-30
1910,Kimberly,Cole,spencerjulie@barajas-young.biz,46,(845)185-2440x4269,2024-05-05
5097,Abigail,Shaw,amorrison@peterson-vance.com,-1,+1-105-592-5461x4845,2021-10-29
3293,Jeffery,Mendez,kaitlynharmon@hotmail.com,22,,2023-12-15
7837,Dennis,Peterson,rodneydavis@gmail.com,-1,+1-963-097-8106x6389,2022-07-11
9797,Taylor,Reyes,chelsea23@yahoo.com,999,148.535.0654,not available
7691,Mary,Chen,kathythomas@gmail.com,-1,(449)978-4283,2023-06-08
8941,Carl,Johnson,changerin@henson.com,999,001-735-927-5868x7326,not available
6433,Anthony,Preston,taylormiller@king.net,-1,+1-414-393-5102,2024-01-20
7378,Victoria,Mcneil,,-1,(271)001-6169,2022-02-24
9663,,Miller,stewartamanda@neal.com,-1,001-944-046-7840x8527,2021-11-21
1003,Jacqueline,Newman,madison97@yahoo.com,999,(247)538-0008x978,2021-03-16
3795,Maureen,,faith13@anderson.com,47,708-561-0710x54588,2024-06-19
5948,Taylor,Mcconnell,megan46@hotmail.com,64,+1-716-592-4751x08420,not available
8872,Rebecca,Lamb,dmorris@smith.net,-1,145.892.6214,2024-03-11
6974,Ricardo,,,56,001-499-077-8435x283,2023-06-01
7958,Whitney,Morris,,999,745.855.7276x365,2025-05-22
2980,Lisa,Garcia,stacymcdonald@carroll.com,999,240-179-3637x924,2020-09-04
1376,Rick,Ramirez,halljacqueline@yahoo.com,999,+1-965-769-5748,2022-02-25
6145,Robert,Robertson,david25@yahoo.com,999,(013)089-1479x7590,2022-04-08
8737,Amber,Lewis,dlewis@flores.info,-1,(328)179-8754x76258,2022-08-30
1339,Cory,Boyle,nnorris@yahoo.com,999,001-676-855-3197x452,2020-10-22
6838,Anthony,Mcdonald,ericmorrison@yahoo.com,-1,679-203-0059x12119,2022-03-03
3769,Jenny,Knox,morgannelson@hotmail.com,999,364-156-0864,2021-08-20
8006,Diane,Maldonado,melanie71@orr-gordon.com,-1,+1-954-515-7682,2022-03-22
2540,Zachary,Kelley,jeremywright@yahoo.com,-1,(498)949-4895,2022-08-14
5448,Brenda,Walker,carrie84@hotmail.com,-1,275.798.6274x412,2020-12-30
1003,David,Morgan,kingbrooke@ramirez.info,-1,,2023-01-07
7488,,Porter,michael97@yahoo.com,999,643.529.2787x05213,2021-08-24
5420,Cynthia,Carter,rebekah42@ramos.com,38,097.869.0548x452,2024-04-11
7571,Sharon,Stevenson,travis06@gmail.com,999,8071373201,not available
3505,Richard,Salazar,kristinekelley@gmail.com,61,,not available
3435,Kristie,Jackson,elizabethmcmillan@davidson-haney.biz,-1,932-098-0572,2023-01-02
3958,Ian,Parks,vramirez@hotmail.com,80,762-099-6504,2020-12-09
7860,Steven,Vargas,danielsdavidmiller.net,-1,,2024-03-31
1741,Mary,Rivera,annadavis@yahoo.com,999,+1-575-359-7115x74763,2024-01-20
7172,Monica,Davila,wbooth@hotmail.com,11,,2024-02-27
9836,Felicia,Rodriguez,connorbullock@mcintosh.com,999,982-187-2171x00430,2020-12-24
7695,Ryan,Lara,hickmanvictor@gmail.com,31,001-080-140-1253x6639,2022-04-23
4507,Heather,Gregory,,999,014-567-3474x578,2025-05-12
2312,,Bond,cassandra41@williams.com,999,685-414-0978x42454,2023-01-20
8803,Joshua,Rose,chenkimberly@yahoo.com,77,+1-834-805-4708x84168,2020-12-02
8759,,Jackson,,86,490.228.2132x10220,2022-04-08
4246,Dwayne,Russell,michelleeverett@yahoo.com,-1,555-496-0420x183,2021-04-24
1141,Lauren,Delgado,rmann@gmail.com,-1,,2022-06-12
7586,Kendra,Henry,williamsclinton@cain-russell.com,-1,(062)220-0721x07557,2024-06-21
1003,Adrian,Spencer,jthomas@yahoo.com,999,046.510.7216,2023-11-09
1003,Michelle,,,55,+1-559-944-5986x393,2023-03-03
6511,Tiffany,Lyons,zmorrison@hotmail.com,999,+1-390-251-2639,2022-08-21
4328,Lynn,Vang,thunt@gmail.com,-1,+1-237-102-2287x2959,2020-12-16
5719,,Barton,kevin31@glenn.biz,-1,069.179.4642,2025-01-01
4692,Paul,Vega,desireejohnson@gmail.com,999,001-915-852-1019x5607,2020-06-10
2679,Nicholas,Rodriguez,elijah72@davis.com,-1,267.074.0537,2022-02-10
5795,Jonathan,Lee,,-1,(152)573-0323x81650,2024-01-08
8903,Jake,Stafford,robertsonjames@yahoo.com,-1,(637)371-7841x4213,2023-02-24
6987,Megan,,gjohnson@burch-ford.biz,-1,(888)772-9404x35845,2022-08-06
4590,Julie,Johnson,timothyhernandez@stewart.com,999,707-315-1493x357,2020-08-24
8650,Benjamin,Scott,,22,383-985-4935x94962,2025-02-28
6886,Connor,,emilywagner@thomas.biz,999,001-760-092-0910x1423,2020-08-27
3004,Troy,Burton,,999,(836)112-2725,2022-05-19
4967,,Johnson,rachel17@yahoo.com,-1,098.356.0193,2021-08-24
6027,John,Price,,44,(575)428-9228x68255,2023-05-28
2003,Dominique,Garcia,ftownsend@long-brooks.com,-1,001-099-046-6157x7107,2023-05-05
5249,,Myers,castillojessica@gmail.com,-1,391-301-4750x0929,2024-02-17
1995,Scott,Roberts,matthewsnicholashotmail.com,-1,001-862-121-1383x9067,2021-05-07
8406,David,Lane,sean61gmail.com,-1,+1-966-447-7670x4724,2021-09-07
5624,Steven,Johnson,jensenveronica@mcbride.com,999,8457318387,2021-02-23
4833,Megan,Thomas,jbutler@yahoo.com,-1,(059)526-5068x217,not available
2016,Nicholas,Anderson,paulking@brooks-rodriguez.com,999,+1-711-384-3348x6208,2024-03-31
1003,Christopher,Cole,frederick10@yahoo.com,27,(715)325-2760x03591,2023-12-08
4647,,James,,999,001-961-674-4779x6263,2024-12-02
7874,David,Daniels,kimberly71@parker.net,38,001-670-076-0065,not available
5538,Matthew,Jones,evelyn31@yahoo.com,-1,(134)756-5592x981,2023-07-16
1154,,Williams,,25,443.000.6776,not available
1061,Mark,Spencer,rreynolds@yahoo.com,41,174.204.6947x881,2025-03-19
8389,Zachary,Simpson,johntran@yahoo.com,17,924-770-7757,2022-06-08
6956,Michael,Crane,david13@hotmail.com,-1,+1-640-996-5203x223,2020-07-01
2890,Tiffany,Bartlett,kchapman@greene.info,999,876-283-6127x03156,2020-10-25
6683,David,Taylor,acostaandrew@duran.net,-1,001-518-529-3295x617,2022-07-22
8014,Walter,Benitez,vincent05gmail.com,999,788-519-7028x2696,2024-11-03
3885,Andrew,Mitchell,qmiller@yahoo.com,999,+1-004-783-8478x4884,2022-10-27
7277,Michael,Simmons,herreramichael@brewer.com,999,501-800-3831x79294,2024-02-25
9870,Thomas,Henderson,john96@ortiz-diaz.com,-1,+1-199-641-4808x96860,2021-05-18
5087,Matthew,Avila,john08@gmail.com,47,3394413532,2020-11-13
8569,Christopher,,srose@yahoo.com,999,+1-623-715-5506x939,2020-09-12
3027,Barbara,Rich,petersonmegan@gmail.com,24,+1-486-680-1517,2023-07-27
1003,,Mendoza,josephgibson@duncan-holt.com,999,,2024-11-05
1003,Todd,Sanchez,xhernandez@hotmail.com,60,(478)799-8190,2025-03-02
4715,Brianna,,hollandmegan@yahoo.com,999,(528)973-4093x89892,2024-04-27
9931,Christopher,Nguyen,atkinstammy@yahoo.com,43,+1-360-532-5887x13063,2024-03-20
6394,,Bowen,delgadotyler@anderson-pearson.biz,57,001-884-205-9515,2024-07-28
1073,Vickie,Johnson,randersen@nelson.com,10,001-879-135-2419x6466,2020-10-29
3448,Gabriel,Wyatt,ashley04@hampton.biz,999,864.181.1815x14780,not available
5574,Brian,Simmons,frederick32@gmail.com,999,(994)656-8848,2024-02-05
2490,Jessica,Dominguez,ksmith@owens-manning.com,33,+1-211-133-8426x9857,2023-10-02
7772,Carol,Moreno,william74@rhodes.com,-1,317-710-3396x4145,2021-03-10
8569,Tanya,Allen,john23@knight.biz,47,501-532-5412,2022-06-06
9895,,Beltran,jessicahart@winters-torres.info,999,984-750-2895x22038,2022-06-07
4927,Karen,Gonzalez,uedwards@hotmail.com,999,001-508-253-5188x46350,2021-05-09
1003,Matthew,Miller,annemurphy@hotmail.com,-1,+1-683-429-7655,2022-12-06
4105,Beverly,Novak,katherinecarter@fernandez.com,999,+1-568-047-0247x661,2020-08-14
6972,Tammy,Coleman,alexanderanita@davis-butler.com,999,820.619.1481x85303,2021-10-17
3531,Brandon,Smith,tylerleonard@gmail.com,999,9243570606,2021-06-07
8806,Nicholas,Cobb,kyleperez@cox-benjamin.com,46,+1-193-860-7753x7723,2021-12-18
3573,Pam,Davis,lindseydavila@gmail.com,-1,046.508.6724x9310,2025-01-02
3204,James,Jordan,evansholly@young.com,999,(322)279-6819x5349,not available
7048,David,Miller,,-1,029.810.6911,2022-06-02
3108,,James,kshields@sweeney.com,-1,001-361-493-1548x184,2024-04-09
8760,Scott,Edwards,jessicaparker@gregory-williams.org,-1,+1-103-789-5003x190,2023-05-07
5594,Laura,Costa,lisa02@gmail.com,999,001-987-140-3939,2022-09-25
9389,Lauren,Shields,timothypierce@hotmail.com,-1,594.842.4069x3180,2020-10-14
1572,Kari,Hester,linda07@cole-rogers.com,999,(378)655-3402x4587,2024-07-25
2246,Corey,Perez,ortizdavid@hotmail.com,90,9346793072,2020-10-02
1602,,Daniel,bobbyolson@gmail.com,41,(290)159-7116x117,2023-10-21
6608,Jessica,Maldonado,,-1,(514)993-4316,2024-06-08
1003,Danielle,,jamescontreras@ramirez-williams.info,999,856.799.7928,2020-09-25
6700,Michael,Howe,charles95@walker.info,-1,+1-311-284-8289x8350,2023-03-25
9835,Marvin,Neal,montoyalisa@scott.com,999,(720)959-8089x1394,2023-11-01
3087,Mark,Davis,owensjonathan@yahoo.com,-1,531.874.4346x172,2024-05-16
1003,Kevin,Kelly,justinchang@wilcox.com,-1,,2021-05-06
4132,Abigail,Mills,melissa27@vasquez.net,-1,107.298.3951x11445,2024-02-24
4089,,King,flemingjennifer@hotmail.com,-1,+1-272-252-1978x56380,2021-03-05
5772,Sandra,Montoya,gglenn@gmail.com,-1,(593)759-5716x379,2020-11-21
9753,John,,cooperdebbie@yahoo.com,999,+1-224-890-3724x26263,not available
8059,Thomas,,wardelizabeth@yahoo.com,12,+1-167-494-1462x237,2023-07-19
9232,Jonathan,Garcia,robinsonsergio@yahoo.com,-1,(207)154-3911x31755,2023-09-29
1003,Debra,Molina,rvargas@hotmail.com,999,032.488.9821x24220,not available
5590,Michael,Gaines,joseph08@yahoo.com,20,996.070.4202,2020-07-10
3125,Breanna,Mccarty,feliciabrown@gmail.com,61,738.662.6074x7061,2023-02-03
6385,Amber,Lewis,matthewguerra@hotmail.com,42,342-583-0824x5023,2023-05-26
6475,Kristi,Ray,lisa08@yahoo.com,-1,(360)390-8256x3080,2023-10-29
4621,Omar,Knox,david91@gmail.com,999,601.904.6939,2022-08-24
5829,Michael,,victoria21@buchanan-kelly.com,73,+1-762-908-3845x0400,2022-10-04
1003,Veronica,Walker,davismolly@gmail.com,999,7990992235,2023-11-16
9938,Marcus,Holt,keith48@gomez-jefferson.com,10,+1-455-348-1171x6001,2023-04-28
6225,Debbie,Sandoval,wendyreid@small.com,-1,(969)445-1618x100,not available
5744,Carolyn,Campbell,nicole36@yahoo.com,-1,399.710.5692x2650,2022-04-12
8869,Courtney,Reese,tamarahunter@yahoo.com,999,959.163.4731x4083,2024-05-25
3803,Jason,Garcia,connie17@miranda-velasquez.biz,999,842.079.6320,2020-09-14
4196,Kevin,,robertskristine@yahoo.com,-1,989.054.9513x52767,2024-06-06
8810,Tiffany,,thomasdavis@gmail.com,999,039-683-2188,2020-11-09
1198,Susan,Deleon,thomasdeanna@hernandez.biz,-1,268-399-4817,2023-04-03
6221,David,Irwin,rebecca33@yahoo.com,999,+1-009-096-2004x675,2020-07-12
3240,Patricia,White,willie15@taylor.com,-1,974-290-0209,2022-03-22
1003,Vicki,Cabrera,hansenluke@gmail.com,-1,654-364-8676x37307,2021-06-06
9915,,Bell,,-1,0562746300,2024-11-18
1051,Jennifer,Cook,gthompson@middleton-douglas.info,57,(306)716-1112,2024-01-30
6794,Troy,Mitchell,carterisaiah@yahoo.com,-1,115-468-4541x67116,2020-07-17
8998,,Smith,matthew08@yahoo.com,14,+1-186-037-0552x898,2025-01-11
3370,Joseph,Lane,,37,506.527.1737,2024-09-14
3676,Jaclyn,Church,kaufmangina@li-campos.org,71,1496464455,2024-02-24
3714,Shawn,West,cartertonya@osborn.com,-1,795.439.0191x71357,2022-05-21
5944,Kelsey,Little,markmoore@hotmail.com,-1,(345)322-3690,2020-08-05
8509,Elizabeth,Velasquez,yflynn@johnson.com,-1,,2023-09-26
6307,Kelly,,craigrobert@yahoo.com,36,(607)370-2911x1122,2023-03-08
3942,Keith,Wyatt,natasha03@gmail.com,999,(498)045-6476x38096,2025-06-02
4450,Heather,Wagner,wmartin@mitchell.org,999,498.147.6957,2022-04-09
7526,,Patel,hunterkelli@gmail.com,16,938.684.0269,2023-04-30
6955,Michael,,joneskaren@gmail.com,33,001-820-715-1464x25769,2023-08-08
9963,Shelly,Bender,tboone@yahoo.com,82,001-198-181-8644x129,2024-04-25
2832,Kathryn,Hernandez,davidmcintyre@gmail.com,999,320.248.1437x545,2023-08-07
2440,Corey,Ross,gmoore@hill.com,999,,2022-04-22
1003,Melissa,Garza,april07@williams.com,999,(991)046-4595x14585,2025-01-10
4101,Alexander,,garnermike@cortez.com,65,+1-249-117-9398x14850,2023-06-23
3981,,Garcia,kelly26@ford.com,-1,1877753949,2022-05-12
5128,Frank,Singh,rivasdavid@wagner.com,999,784.649.5962x7058,2021-05-11
3970,Arthur,Allen,dfleming@gmail.com,999,+1-327-867-5690,2023-11-05
1090,Samantha,Nelson,rachael60@hughes.com,-1,001-163-521-1676x5854,2022-07-18
9379,Helen,Baker,lauramclean@gmail.com,999,(300)151-2351,2022-06-20
3416,Allison,Watson,walkertina@gmail.com,78,001-354-343-7124x9323,2022-06-19
8003,Thomas,Kennedy,,999,(382)803-6279x98445,2023-07-07
7878,,Reed,imahoneyhotmail.com,-1,1825247918,2023-03-22
1003,Allison,Ball,hjohnson@hotmail.com,999,(778)410-1725x828,2023-10-09
4284,Jennifer,Schultz,cisnerossean@owens.biz,-1,293-973-3905,2024-11-25
4557,Andrew,Gutierrez,mario24@gutierrez-juarez.net,11,624.587.5434x78861,2023-11-26
8808,Marcus,Ali,rmccoy@cohen.biz,-1,7495607235,2021-12-21
4749,Allison,Smith,christopherevans@hotmail.com,999,(657)429-5894,2020-11-27
4870,Dominique,Bauer,bailey05@yahoo.com,12,769.631.4010x76789,2021-03-30
3362,,Tran,qarmstrong@oconnor-reyes.com,-1,+1-464-449-0941,2020-09-27
1112,Dana,Rodriguez,gowens@yahoo.com,999,(756)496-5121x1082,2023-06-28
1570,Autumn,Lewis,melindasmith@yahoo.com,71,873-793-2669,2024-02-01
3773,Donna,White,burgessmargaret@martin.com,18,(076)787-6760x3101,2023-04-01
1385,,Vaughn,margaretcox@yahoo.com,-1,(495)721-8033,2024-04-25
9251,Paul,Kaiser,brookslisa@frazier-bruce.com,999,402-399-4732x1239,2020-06-22
6972,Timothy,Yates,joshua88@yahoo.com,14,3732447416,2024-12-09
7834,John,Gonzalez,mariaharias@gaines.com,-1,,2023-11-04
1411,Carol,Carter,bonillajessica@gmail.com,89,+1-611-333-5233,2021-11-05
8194,James,Wilson,umerritt@yahoo.com,24,(821)654-6242,2024-05-04
7001,Mary,Thompson,browncolleen@bautista-williams.biz,80,199.725.3457,2021-02-22
8876,Brett,Hicks,matthewsimmons@morse.org,-1,(730)004-8280,2023-02-08
3279,Jeffrey,Farmer,nicole92@rocha.com,999,093.742.0299x39244,2021-06-17
1179,Lori,Johnson,jennifer95@robinson.org,89,+1-647-329-1213,2022-01-18
8105,,Mcguire,eroberts@edwards-white.info,999,881-981-7254x6951,2022-06-19
1075,Antonio,Brown,thomas27@russo.com,-1,001-456-869-5727x19029,2024-07-08
8091,James,Brown,jessica01@gmail.com,65,140-903-1407,2023-10-05
3575,Stacey,Preston,russellkaren@gardner.com,63,+1-577-805-7424x877,2025-05-23
4655,Andrea,Vazquez,,-1,227-709-0611x3920,2024-10-26
1003,Dustin,Smith,jmorrison@yahoo.com,83,4875771339,2023-06-09
8959,Steven,Kelly,calebdean@evans-hurst.com,74,,2022-06-08
1689,Michael,Jones,borozco@avery.info,999,001-462-200-9130x83996,2022-03-15
3633,Kyle,Mckinney,markjordan@yahoo.com,23,252-183-1250x471,not available
2569,Katie,Davis,george89@phelps-carter.org,77,(517)958-6922x992,2020-07-31
5812,Cynthia,Adams,james11@bishop.biz,999,(877)842-5877,2021-09-16
6131,Eric,Scott,hendersonmelanie@thomas-johnson.net,999,534-479-9534x5038,2023-08-19
6330,Seth,Turner,george97@brown.com,-1,219-681-6767,2025-01-11
4885,Arthur,Hall,csmith@hotmail.com,-1,001-662-426-8868,2021-01-29
7335,,Velez,jamiehayden@gmail.com,-1,615-462-3957x7292,2025-05-11
8206,Michael,Mann,timothy60yahoo.com,999,001-426-807-8694,not available
4987,Brent,Rivera,ewoodward@gmail.com,-1,(427)531-7169,not available
1003,Makayla,Macias,lydia56gmail.com,-1,322.675.9365x5659,2021-06-30
6887,Jerry,Johnson,pthompson@salinas-brewer.com,89,116.958.4174x7620,not available
3424,Sarah,York,jeffery23holt.info,46,104-526-1467x24285,2021-04-26
2279,Sheri,Wells,andrewharrison@nichols.net,89,335.830.1911,2024-06-30
5876,Alexis,Perez,,-1,,2024-05-14
1003,Alexander,Bowen,bakerthomas@dudley.com,-1,001-364-824-5664x04100,not available
4471,Amy,Blackwell,amy06@hudson-harris.com,-1,(757)090-9154x5304,2022-11-07
7410,,Hernandez,cookpeter@gmail.com,24,(263)939-6038x29486,2021-08-13
1328,Jennifer,Thompson,luis74@yahoo.com,999,+1-298-964-7547x549,not available
1003,John,Dillon,kristymitchell@gmail.com,999,684.853.7471x56357,2021-06-08
3018,Bryan,Jacobs,hallpatrick@yahoo.com,-1,7066196738,2022-08-14
5354,,Barnes,andersonlukehotmail.com,11,(537)647-5899x937,2022-10-23
3697,Natasha,Ellis,vperry@hotmail.com,999,+1-864-102-9120x7588,2024-09-18
6508,Kayla,Peters,steve77gmail.com,999,120.055.9789x171,2021-11-30
6086,Juan,,robinsonscott@hotmail.com,-1,511-664-1680x6235,2025-01-05
6295,Lauren,Martin,andersonraymond@walters.com,-1,843-318-5856,2024-09-19
1003,David,Holmes,clinelatoya@smith.net,999,001-227-401-7141x183,2022-06-22
7666,,Rodriguez,loliver@williams-gross.biz,90,7833507996,2022-11-20
6448,Ashley,Stevens,jesse31@sellers.info,33,575-607-1343x972,not available
5697,Ashley,Gomez,,15,(008)849-9516x742,2023-01-29
1962,Lauren,Ballard,lauracabrera@rodriguez.net,999,001-611-389-2327,2025-04-24
5428,Samuel,Simpson,davidmoore@harris.org,999,+1-659-996-9065x0546,2021-07-25
9840,Charles,Schwartz,matthewsmark@yahoo.com,-1,116-714-4157x9225,2024-10-07
3216,,Hood,bgarcia@smith.net,999,730.707.2318,2023-10-25
2273,Maureen,Smith,lrussell@yahoo.com,82,,2025-02-12
7202,Regina,,barnesjohn@brooks.com,999,345.365.3875x98821,not available
8057,Tara,Riley,kenneth80@washington.com,999,875-566-0755x744,2021-10-17
8564,Sarah,,karenphillips@williams.net,999,+1-180-932-0005x909,2022-03-14
8017,Donald,Davis,jordan56@hotmail.com,55,2688725354,2022-04-29
9782,Jonathan,Miller,timothymorrison@patton.com,999,+1-757-467-4939x832,2024-05-26
6084,Lisa,Shelton,michelle77@gmail.com,78,+1-880-623-1644x412,2025-04-11
9839,Dana,Mcintyre,fordderek@stewart.com,62,,2023-10-06
8224,Jerry,Bell,griffinaaron@garcia-mullins.biz,20,(153)088-4107,2023-06-05
7029,Jenna,Carter,fordryan@jackson-taylor.net,68,001-988-700-5661x147,2021-12-14
1092,Michael,Foster,hstewart@davenport.com,21,(112)717-1963x23495,2022-04-09
3119,Kristopher,Lawrence,hensonkaren@yahoo.com,-1,9919845816,2023-11-14
3189,Sarah,Williams,sonia41@anderson.com,-1,549.305.6319x26687,2025-01-04
8847,,Brown,thompsonjustin@yahoo.com,51,001-086-078-9365x2699,2022-12-27
8181,Stephanie,Graves,annettesmith@yahoo.com,15,382.483.2231,not available
3436,Jennifer,Wong,vwilliams@parks.com,19,,2023-04-24
6636,,Barron,erinmatthews@rocha.com,-1,071.468.9239x4594,2022-02-12
9390,Angela,Stephens,hermanthomas@martin.com,46,487-463-7452,2024-08-01
2176,Kevin,Richardson,barbarabrownhernandez.net,86,098.720.9787,2024-04-06
6399,Frances,Buchanan,warneramber@gmail.com,51,632-127-5789,not available
3340,,Edwards,kristopher21@hotmail.com,-1,(335)058-4694x3461,2020-07-12
2470,Linda,Martin,john02@hotmail.com,999,001-950-203-3487x225,not available
6076,Ryan,,lgarcia@yahoo.com,999,001-588-174-2164,2022-04-29
6104,Margaret,Crawford,leonardlarry@wiley-parker.org,999,,2022-02-20
8707,William,Hill,stephensilva@solis.biz,999,,2023-03-27
1544,Nicholas,Duncan,tony59@alvarez.com,999,(414)486-9887,2023-08-04
1500,Vanessa,Pace,copelandnicholas@davidson-carter.com,74,001-047-783-7217x771,2024-03-20
4452,Sean,Johnston,jbutler@gmail.com,-1,166-769-7641,2024-05-25
9986,Cameron,,carlos66@lloyd.info,-1,(321)043-7224x655,2023-09-23
7598,Anthony,Watson,deborahnelsonkemp.org,999,+1-442-689-1833x65778,2023-07-20
6102,Sandra,Cruz,qlee@adams.com,-1,098-576-1440,not available
6069,,David,dmcbride@gmail.com,80,438.119.7940,2024-04-30
4826,Karen,Moreno,rodriguezcathy@ross.com,-1,,2020-09-15
7952,Mark,Patel,moniqueanderson@alexander.com,999,+1-247-064-3313,2024-01-02
5745,Tiffany,Rios,riveramatthew@osborn-hill.com,80,242-265-7940x7363,2025-03-05
4814,John,Graves,,26,9452115061,not available
9846,John,Ibarra,,-1,381.521.0462,2023-09-01
8470,Dawn,Russell,emilykennedy@hotmail.com,-1,001-817-128-8320x6354,2021-03-11
9862,Andrea,Cox,lee34@bates.net,-1,400.035.7921x721,2022-10-08
4979,Wanda,Brown,denisesolis@lynch.com,999,,2025-02-08
9575,Angel,Hale,,-1,001-549-174-8805x21851,2023-04-24
8053,Joshua,Le,douglasjohn@price.com,-1,,not available
5699,Jason,Smith,brendamay@gmail.com,-1,(057)867-1769,2023-12-19
1151,Sarah,Johnson,bbarrett@gmail.com,-1,,2020-12-10
5898,,Roberson,griffinkristen@oneal.com,999,,2024-06-10
5534,Marie,Kim,susan53@gmail.com,-1,001-934-895-6223x1761,2021-05-13
9887,Thomas,Hunter,susan27@holmes-rosario.com,-1,777-280-2967,2024-03-08
4998,Amanda,,turnerjeremy@schultz.org,999,192.978.2224,2024-01-04
5335,Tracy,Carson,michael53@mcintyre.com,-1,001-530-519-4708,2025-04-29
5517,Robert,Nguyen,amberfisher@hotmail.com,999,549-880-1060x0843,not available
6075,Morgan,Williams,haileymassey@lee.biz,75,,2020-09-27
4779,Joseph,Williams,smithdebbie@tucker-lowe.info,999,550-779-1959x84538,2024-04-10
1443,Chloe,Johnson,cherylwilliams@yahoo.com,-1,549.670.1059x75644,2023-06-12
7972,Amanda,Fischer,,999,162.885.2091x5904,2023-12-02
3582,Andrew,Nelson,underwoodcrystal@hotmail.com,63,(580)461-5084,2021-02-21
8479,Ryan,Martin,megan36li.org,76,001-390-176-4802,2021-04-04
6481,Mario,Freeman,richardyoung@oneill.com,38,001-553-166-0967,2022-12-18
8894,John,Osborne,jonathon89@edwards.net,999,147-920-3822x882,2021-12-19
6674,Matthew,Gonzalez,,57,891-804-7659x69918,2022-10-04
5847,Andrew,Anderson,,-1,,2025-03-31
1725,Randall,,yjohnson@gmail.com,-1,404.979.6183,2020-06-11
5353,Stephanie,,cameronbeck@banks.org,71,,2022-11-12
2756,Nicholas,Kirby,richard73@gmail.com,-1,(874)950-7774x742,2021-10-16
2232,Brian,Fields,weissrichard@gmail.com,-1,,2022-02-17
8488,,Thomas,mcdowellchristina@huffman.com,34,001-812-880-6404x22958,2022-10-08
1979,Michael,Mitchell,,58,(895)506-7537x32536,2025-04-29
3003,,Murphy,howematthew@yahoo.com,-1,(058)012-2656x750,2025-05-15
1016,Marc,Berger,fischerjoseph@yahoo.com,999,112-830-9879,2021-06-08
7931,Peggy,Harrington,joshuaholder@yahoo.com,46,(711)397-9466x9247,2024-06-16
6862,Cynthia,Conner,jason67@payne-gonzalez.info,-1,3015204412,2022-08-10
2840,Erin,Glenn,kerrlauren@douglas-williams.biz,999,5315427139,2024-03-31
6330,,,kallen@lucas.com,12,908-044-3437x53421,2023-03-29
5365,Mary,Robinson,ryan86@gmail.com,72,,2023-04-03
8146,John,Walker,markho@hotmail.com,-1,932-492-3934x58044,2021-09-21
9584,David,Wallace,davidcampbell@hill.com,-1,(993)939-9286x2171,2023-07-08
3964,Elizabeth,Perkins,julierice@hotmail.com,999,+1-248-643-7630,2022-12-20
4311,Robert,Wagner,diana53@sherman.net,-1,+1-467-332-4710x558,2022-02-07
4683,Jorge,,rramirez@hotmail.com,999,3666621079,2022-04-13
1003,Jennifer,Watson,jessehernandez@webster.com,999,,2024-05-19
5468,Kimberly,Hines,angela24@bradley.com,999,057-596-6076x9480,2023-10-06
6029,Erin,Preston,eric02@hotmail.com,999,+1-601-147-4042,not available
8888,Chad,Mueller,miguel37@wilson.biz,999,+1-001-006-3655x351,2024-10-01
5182,Chad,Sullivan,laura49@hotmail.com,45,2359493018,2021-11-26
3979,Ann,Garcia,david17@yahoo.com,-1,327-308-9630x822,2020-11-30
6012,Judith,Kelly,medinabryan@hotmail.com,-1,,2022-05-14
2124,Kenneth,Estrada,cervanteslaura@morgan-watson.com,999,846-404-4043x1750,not available
9432,Vanessa,Drake,helenrodriguez@marshall-kramer.org,14,(552)203-6121x6426,2020-08-24
7257,Steven,Scott,michaelastronggmail.com,74,728.336.5352x6304,not available
2654,Lisa,Cunningham,,84,(451)765-5154x242,2023-09-13
2324,Brittany,Peterson,anthony10@yahoo.com,999,6575507241,2025-04-24
5954,Brett,Gibson,millercody@marsh.com,21,4623483324,2022-08-30
9323,Richard,Dickson,mckeeolivia@thompson.com,999,(738)516-3682x90618,2025-05-14
6480,Bryan,Olson,antonio70@martinez.com,999,796-483-3516x8173,2021-03-08
6893,Stephanie,Marshall,coliver@yahoo.com,65,,2024-11-09
2490,,Gardner,,24,942.564.2277,2022-10-15
6886,Amanda,Hayden,kclarke@hotmail.com,-1,+1-043-613-0945,2021-12-06
8485,Melanie,Allen,deckerrhonda@sloan.com,999,512.975.4901,2022-11-17
2569,Lisa,Johnson,randallvelasquez@hotmail.com,-1,,2022-08-11
7545,Debra,Johnson,bradycrystal@garza.com,32,001-736-706-6885x41566,2021-10-21
5231,Justin,Jennings,brian63@thomas-johnson.com,999,+1-363-029-1425x695,2022-10-16
4421,Michael,Patrick,michealsnyder@owen.com,18,871.326.8807x1733,not available
7563,Timothy,Thomas,austintucker@mendoza.com,76,,2020-07-23
3427,Heather,Brown,htaylor@hawkins-smith.net,10,001-658-855-8652x3577,2022-07-27
7783,Katherine,Jackson,,999,(357)176-4818x3720,2022-01-22
8192,Emily,Fowler,ssmith@yahoo.com,77,015.662.3558x327,2021-11-09
6809,,Lambert,asavage@gmail.com,49,001-781-953-2518x9701,2022-12-30
3183,Erin,Thompson,marybenson@hotmail.com,999,+1-024-009-5303x5389,2021-04-29
9431,Tanya,Rogers,taylormollywright.org,999,6985636278,2022-05-02
7336,Max,Cole,kelly70@hotmail.com,999,(880)758-8627,2023-11-15
7492,,Coleman,michaeledwards@yahoo.com,14,(417)108-9914x880,2021-02-02
3224,Ryan,Price,,999,,2023-01-02
4720,Kevin,Christian,,999,191-100-2950x86272,2024-08-16
4322,Nicole,Murphy,,999,2926409324,2024-12-21
2193,Joseph,Liu,ehernandez@cortez-sutton.biz,18,820-896-6901,2024-05-06
4973,Tony,Bryant,kimberly29@smith-reyes.com,76,001-342-304-6530x4502,2021-03-20
1003,Lawrence,Coleman,tmelton@barrett.info,-1,(392)247-8848,2023-09-22
4491,Lance,White,rosalesgary@clark.info,76,001-210-362-9265x65374,2023-10-19
2901,Katie,Miller,edwardsscott@smith.biz,82,001-302-343-8997x716,2023-06-19
8748,Kelsey,Gamble,,-1,727.946.1518x87576,2020-12-31
1003,Emily,Wright,melissasullivan@harris-baxter.com,31,(437)421-4287x801,2025-01-11
4490,Amber,Ferguson,thomasamy@gmail.com,999,+1-645-336-1731x59430,2021-07-30
6902,Sarah,Rice,fgeorge@avila.com,52,(263)891-9740x6289,2024-01-09
7228,Bryan,Sullivan,dnovak@gmail.com,-1,779.563.8528,2023-01-21
1855,Thomas,Wu,benjamin78@gmail.com,999,,2024-12-25
5892,Katherine,Dunlap,ayalajoshua@morgan.com,-1,+1-126-320-4298x42118,2021-01-30
4682,Angela,Brown,wrightrobin@gmail.com,999,+1-261-797-8836x2445,not available
3278,Adam,Sanchez,pherring@mitchell-cummings.info,-1,854.053.0369,2023-09-01
8788,Derrick,Jackson,carlaallen@hayden-chavez.com,88,(291)784-8989,2022-06-15
7076,Meagan,Johns,jadedaniel@gmail.com,999,6919330647,2022-04-18
3414,Jessica,Jones,charlesesparza@hotmail.com,-1,919-335-4893x789,2023-06-09
2910,Willie,Choi,kathleenstokes@chang.com,999,754.422.0303x25279,2023-05-18
7418,Kelly,Ross,lanenicholas@hotmail.com,-1,974.494.4249x7202,2023-02-07
6691,David,,gregory64@ellis.com,58,161.676.9789x8953,2020-06-09
3110,Patrick,Scott,deborah55@dunn-reyes.com,-1,,2023-01-01
6007,Kenneth,,meghan96@morrow.info,-1,5103686108,2023-04-16
1522,,Gonzalez,ufox@yahoo.com,-1,687.257.1333x27533,2021-11-21
5270,Brent,Church,,-1,(878)115-2145,2023-01-27
6003,Tamara,Stuart,gmitchell@gmail.com,82,487.757.3163x762,2021-08-02
4578,Allen,Hoffman,michaelbrown@hotmail.com,15,(923)008-1362x969,2023-07-16
2015,Daniel,Hernandez,amandapatterson@wood.com,83,001-831-922-5012x851,2024-10-25
6800,Tiffany,Anderson,joshuafox@conley.com,-1,581.619.1886x43407,2022-08-08
1123,Andrew,Wright,ricky71@yahoo.com,999,(959)418-7870x054,2021-07-03
9808,Caitlyn,Livingston,,-1,001-168-205-8834x6582,2021-04-18
1973,Joanne,Simpson,martinbrian@hotmail.com,999,836-817-7212x504,2021-05-14
7745,Christopher,Zuniga,kevin61@yahoo.com,36,298-408-6675,2022-06-10
8753,David,Olson,dharding@hotmail.com,-1,(324)848-1316x743,not available
3548,Craig,Patton,vanessaramos@lewis-bell.com,999,3652792435,2024-05-10
7291,Mark,Matthews,jonathan96@choi.net,999,807.339.7905x790,2024-10-06
1987,Ashley,Ray,laura99@hotmail.com,999,(970)498-1648,2022-11-22
9414,Thomas,Barnes,,17,984.895.2599,2021-04-06
6995,Michael,Williams,wrightsean@smith.com,-1,4331309412,2024-06-19
6316,Emily,Gibson,jeffrey06@yang.org,999,(438)784-5563x2261,not available
2419,,Cline,jshort@gmail.com,28,001-431-971-8521x1545,2021-11-27
4795,Andrea,Jacobs,,999,524.394.3058,2024-03-18
8274,Tyrone,Hunter,plucas@willis.com,-1,+1-239-570-7972x8255,not available
4435,Kyle,Lindsey,christine38@hotmail.com,26,001-075-033-5696x0266,2023-05-26
8432,Jeffrey,Robles,hernandezashley@wright.com,999,001-240-651-4314x6306,2024-12-07
1003,Patricia,Calderon,,-1,854.700.7909x24490,2024-10-08
4409,Melinda,Johnson,gtorres@yahoo.com,85,5193495057,2021-07-07
4871,Mark,Gallagher,jadams@yahoo.com,30,174-169-6286,2020-09-14
7867,Monica,Pope,michelleclark@gmail.com,-1,002-118-4607x678,2021-02-27
1394,Connor,Cook,baileysamuel@hotmail.com,44,,2020-12-07
6685,Robert,Chandler,nicholsdarren@yahoo.com,-1,747.231.0388x5737,2021-06-24
4011,Marcus,Allen,holtcrystal@chandler.com,-1,(209)052-4038x12101,not available
1003,,Conley,emilysantos@garcia-collins.net,-1,,2025-04-10
3004,Tammy,Ramsey,crobinson@yahoo.com,-1,366-948-7820x508,2022-02-16
2735,,Wilson,david49@snyder-wells.biz,78,+1-744-646-4280,2022-06-19
1628,Matthew,Jimenez,michael63@gmail.com,52,(920)980-0076x0275,2023-02-21
9394,,Young,,999,007-312-1468x134,2022-10-11
2249,Henry,Hamilton,smithchristopher@yahoo.com,-1,,2025-03-24
4194,Curtis,,hensontaylor@yahoo.com,31,001-028-850-8850,2020-07-23
6204,Joseph,,jeffblack@arnold.info,-1,(292)299-6889x89692,2023-10-05
1605,,Levine,gonzalezzachary@davis.com,-1,(400)294-8629x1612,2021-01-22
9198,Vanessa,Murphy,aburton@frazier.com,-1,(407)213-0573,2020-06-08
6309,Suzanne,Pitts,lindsaygraham@gmail.com,999,823.050.0042x025,2024-12-12
8559,Hannah,Harris,macdonaldharold@lewis-jones.com,-1,722.721.2193x24381,2022-03-05
4700,Kyle,Lopez,tiffany11@hotmail.com,50,330-140-4695x8752,2022-02-11
9999,,Flowers,moorelisa@yahoo.com,-1,154-876-3591,not available
1169,Christopher,,rcharles@gmail.com,87,959-031-4573x59879,2021-06-05
3877,Jill,Hill,jmathews@hotmail.com,999,,2022-03-17
1077,Timothy,Smith,zgarcia@davis.org,999,001-735-535-1928,2021-03-25
2333,Jay,,james13@hotmail.com,-1,042-204-4431x70094,not available
1003,Christopher,Mclean,jesseshaw@torres.com,999,0240932564,2021-03-04
1003,,Thornton,millerjosephbrock.org,-1,001-520-228-5356x639,2021-11-22
4523,Cynthia,Jackson,nhess@schmidt-yang.org,-1,520-592-7137,2020-10-26
1802,Robert,Wiggins,floresdaniel@gmail.com,999,003-628-1017,2022-05-20
9499,,Howell,tsolis@hotmail.com,999,+1-180-542-9181x0777,2021-02-10
8627,Jacob,Burke,lcox@mitchell.org,999,+1-063-576-7827x102,not available
5990,Louis,Webb,,-1,497-265-3944,2021-07-19
4882,Thomas,Hendricks,sandrahowell@hotmail.com,84,125.302.1423x8127,2024-07-17
3297,Michael,Jones,craigconway@lin-holder.info,-1,255-757-9631,2021-11-04
6212,Aaron,Shaw,stricklandterrance@yahoo.com,75,(847)381-7142,2021-12-29
4813,Dustin,Daugherty,priceelizabeth@gmail.com,56,745-561-2326,2023-02-25
3091,,Sexton,mprice@hotmail.com,999,001-229-674-3377,2020-10-17
5285,Monica,Horton,,999,(968)622-8039,2020-10-26
9691,Jennifer,Waller,kimberlyaustin@yahoo.com,53,001-569-836-5624x222,2022-08-10
5078,Donald,Burnett,susan78@joseph.com,999,001-558-166-6504x232,2021-04-23
5286,Vicki,Logan,william15@yahoo.com,78,+1-092-812-2399x195,not available
2266,Jennifer,Pittman,rita32@montes.com,-1,,2021-10-24
4614,Jennifer,,ericedwards@yahoo.com,999,001-324-306-9071x84078,not available
7016,Shane,Hughes,summer15@ashley.org,-1,239.856.3235x088,2022-07-16
4318,Matthew,Neal,feliciapaul@hotmail.com,999,(090)043-4742x0283,2024-08-01
5044,Aaron,Martinez,jmitchell@yahoo.com,-1,667.932.7038x90593,2023-07-29
8940,Julian,Ruiz,merrittsarah@gmail.com,999,889-813-5521x79046,2023-03-11
8204,Stephen,Stevens,simonnatalie@gmail.com,999,492.680.3829,2024-11-07
9504,Kimberly,Rivera,,-1,294.558.9296x43778,2021-04-03
4091,,Moore,oscar63@lam-mccullough.info,999,481.398.9103x52382,not available
1273,Douglas,Carter,jeffrey83@yahoo.com,-1,942.864.4480,2025-04-18
2237,Jason,Mcgee,karen83@hotmail.com,25,053-114-9388x3064,2022-07-14
5185,Kyle,Ellis,carrie63@logan.info,-1,001-393-143-1742x0150,2022-10-25
9818,Christopher,Erickson,granttaylor@gmail.com,999,(869)237-5546,2022-12-31
8176,Melissa,Herring,patricia99@jordan.info,-1,582-221-1466,not available
4739,Kristin,Thomas,lewisryan@sanchez.biz,-1,6094801164,2023-04-21
1111,Jennifer,Wells,,999,226.198.6492x7617,2020-08-19
1003,David,Hamilton,walkertonya@davis-burke.com,999,(971)409-0002,2021-09-24
1516,Kelly,,andrewtorres@gmail.com,999,446-864-1336,2021-04-20
1003,Charles,Chapman,christopherlee@chapman.org,-1,,2023-08-12
9540,Nathaniel,,maryrobinson@yates-nelson.com,88,307-726-9462,2024-07-02
8434,Brooke,Hayes,charlesjohnson@ball-bowman.com,999,(812)491-5580x9628,2021-06-06
9366,Amy,Bush,annafuller@hotmail.com,999,0838031907,2022-11-11
8497,Bernard,,,-1,001-069-238-3508x4720,2022-10-07
4608,Jessica,Perkins,ericksonbrenda@gmail.com,999,,2023-02-11
4654,Jason,Stephens,lisajones@perez.com,999,(177)630-9079x5627,2021-06-17
5313,Larry,Carney,markgonzalez@hotmail.com,65,001-910-280-9710x95190,2021-04-29
5975,William,Wise,fryrachael@gmail.com,-1,001-776-150-9908x150,2024-10-10
1293,,Ramsey,christopher82@hotmail.com,-1,+1-472-905-2501x62991,2022-03-25
1003,Desiree,Harrell,iperry@morrow.org,60,938.996.5505x625,2023-01-18
1637,Michelle,Morris,,999,(621)547-0677,2024-08-31
6828,James,Hampton,foxsamantha@hines.net,71,001-897-373-0950x189,2021-01-13
2017,Luis,Bailey,davidsoncynthia@alvarado.biz,-1,+1-736-410-0968,2025-05-17
4960,Jackson,Salazar,kgomez@gmail.com,37,(889)610-2317x0603,not available
7281,Scott,Ramirez,scottjackie@yahoo.com,20,+1-872-179-1863x90685,2025-04-07
8431,Joe,Taylor,margaretgraves@wallace-morales.com,69,,not available
7174,Jose,Benjamin,freylindsay@yahoo.com,-1,843-265-8757,2023-12-30
1012,Christopher,Merritt,josephboone@yahoo.com,-1,+1-914-812-5148x609,not available
2249,Brittney,Rodriguez,,999,+1-436-805-0368x62340,2020-12-01
4102,Brian,Holland,fostertroy@hotmail.com,-1,,2023-08-31
9656,Derek,Peterson,dan47@gmail.com,999,(388)074-3007x919,2021-07-06
8102,Ariana,Miller,,-1,978-916-8831x192,2020-11-02
5865,Kenneth,Mitchell,dianepricehotmail.com,-1,(613)758-1578,2025-03-03
7816,Claire,Nelson,melissa73@yahoo.com,-1,,2021-12-10
4778,Jennifer,Torres,dana10@stewart-morales.org,-1,647-583-3959,2025-03-26
6936,Jeff,Diaz,chase89@brown-moran.com,999,001-915-896-8834x420,2022-08-17
4444,Stephanie,Shaw,ckim@hotmail.com,-1,881-323-8734,2024-01-18
7156,,Adams,davidschmidt@yahoo.com,-1,447-541-2425x52861,2023-01-15
2392,Kristen,Park,,999,476-273-3341x0377,2020-10-18
1494,Beth,Brown,johnsonrebecca@hotmail.com,-1,001-326-130-9540,2020-06-23
2563,Jared,Harris,callahanbrittany@burton-bailey.com,-1,(285)513-5994,2025-01-15
2328,Courtney,Roy,vcarr@ryan.com,27,(205)404-3111x9520,2023-03-07
6551,Amber,Garcia,kaufmanbenjamin@bush.com,84,+1-212-855-7562x89522,2021-11-15
6761,,Jones,,999,394.820.8452x0460,2024-09-26
1892,Robert,Johnson,amycook@crane.com,999,001-663-510-1306x55229,2024-05-04
8120,Lisa,Garcia,dariussilva@gmail.com,14,001-124-628-2909x48105,2021-03-12
4903,Matthew,Barnes,kelsey52@wood.org,-1,6231716009,2020-09-12
8429,Mathew,Williams,kellybarrett@vance.com,-1,(494)016-7420x29725,2023-02-01
8895,Brandi,Matthews,qavila@gmail.com,-1,(316)213-7129x9254,2020-12-04
2446,Jason,Lamb,jacksonbrandi@garza.com,999,+1-933-914-2008,2021-12-07
4647,,Perez,daniel91@davis-bates.com,42,+1-380-112-8834x595,2022-01-16
8590,Jared,Scott,osmith@moore.com,40,9127459331,2020-06-02
1488,,Robertson,joneskelly@hotmail.com,-1,(197)739-8969x904,2020-08-15
9866,Dwayne,Parker,,57,993.554.3460x90430,2022-08-14
8958,Tammy,Gordon,suttonmorgan@watts-wilson.com,61,+1-179-733-7984x769,2025-03-05
4772,Jacqueline,,markjones@wright.com,37,933-644-6629,2020-12-05
6924,Charlene,Hawkins,yholmes@ball.org,-1,983-237-3675,not available
8915,Suzanne,Thompson,,-1,(652)500-9692x179,2025-04-05
8861,,Lawrence,smccall@hotmail.com,999,+1-619-985-9165x63465,2023-03-11
2437,Brian,Lin,roger53@yahoo.com,47,(547)462-2918x95256,not available
7730,Susan,,vgomez@wilcox.com,49,058.948.5188x58654,2024-07-28
2910,Mark,,pmack@gmail.com,999,(860)765-8106,not available
5729,April,Bartlett,,999,,2020-06-07
2355,Jeremy,Martin,flewis@mcgee.info,-1,452-824-5295x4983,not available
4106,Lauren,Gregory,jbullock@guerrero.com,-1,,not available
8244,Devin,Harris,ogarner@gmail.com,999,(311)736-6721x892,2021-07-05
9690,Brent,Owens,fpadilla@yahoo.com,69,691-569-4860,2021-07-05
3046,Cory,Jackson,cruzdarlene@yahoo.com,20,1676835698,not available
7518,Timothy,,robert13@hotmail.com,-1,001-394-355-5006x84701,2024-05-28
9100,Jessica,Fowler,kendrapacheco@hotmail.com,-1,001-473-220-4091x526,2024-09-18
4870,Melissa,Jones,vowen@bates-chavez.com,-1,3443016292,2024-03-11
8284,Jennifer,Mejia,rjohnson@yahoo.com,-1,264.485.7236,2023-06-01
9225,Stacy,Campbell,julie19@lindsey.com,-1,805-596-7921,2022-09-12
9698,Natalie,,fcole@martinez.com,999,387.762.0722x15774,2023-07-27
1003,David,,jennifer16@gmail.com,-1,,2025-03-31
1003,Dan,Grant,,-1,842.367.0793x026,2022-06-01
1252,,Bruce,hgreen@ferguson.com,999,+1-042-220-2521x149,2020-06-19
4755,Sergio,Warner,tracymcneil@hotmail.com,63,847-589-0451x741,2022-10-03
3729,Steven,Liu,lromero@floyd.com,69,5842924422,2021-04-08
4363,Megan,Long,eric27@gmail.com,999,698-978-3351,2020-12-24
6061,Bailey,Floyd,,21,(648)234-8856x27721,2023-04-22
1461,Kevin,Walker,kurtdavenport@jimenez-silva.com,77,+1-183-707-7822x550,2024-10-26
1749,Brenda,Buchanan,garciahaley@johns-andrade.info,37,001-452-009-6235,2023-05-14
9149,Julie,Garcia,,999,+1-939-031-4943x4669,2020-10-21
2944,Christopher,Callahan,icrawford@smith.com,-1,001-636-299-5065x8551,2023-03-17
8661,,Proctor,nancymorris@hotmail.com,34,001-512-110-7384x6438,2022-05-31
7510,Amy,Torres,george84@good.com,-1,744.817.4855,2024-05-01
8641,Ross,,,-1,(843)920-0919,2022-12-20
8245,Lori,Russell,charlotte42@gmail.com,-1,705.773.5405,2022-11-12
1164,Brian,Roberts,cheryl71@bullock.com,999,001-113-058-8030,2023-02-17
1613,Catherine,,gillespiekristen@yahoo.com,999,001-106-166-8672x190,2022-09-29
5693,Anthony,Scott,kayla11@curry.com,46,5250265998,2021-09-25
1788,Michael,,jmarshall@gmail.com,999,,2022-09-25
9765,Robert,Hamilton,,-1,007.991.6231,2024-01-28
8316,Dawn,Wright,bhall@hudson.com,999,001-328-603-5928x272,2024-11-14
1003,Daniel,Brown,therring@daniels-lane.com,999,816-739-4607,not available
9675,,Richards,claymargaret@allen.com,999,7743445483,2021-08-26
2896,Kimberly,Edwards,,24,+1-664-646-5913x90947,2025-01-25
3598,Michael,Pena,,-1,1041837880,2021-11-19
1372,Mia,Garner,kingbrandy@foster.com,42,001-799-866-8395x34430,2025-04-29
1973,Randy,Bennett,timothy55@yahoo.com,999,+1-673-551-2532x50893,2020-09-12
6010,Elizabeth,Stephenson,,-1,,2021-07-23
4405,Katherine,Coffey,gallegostina@yahoo.com,999,001-414-311-8396,not available
3086,Marco,Simon,hectormcmillan@gmail.com,84,3790661549,2022-07-10
3394,Daniel,Young,joneskristina@hernandez.com,45,9998253358,2020-07-26
7418,Angela,Johnson,christina62@thompson-griffin.biz,23,+1-781-094-9687x742,2020-09-27
2712,Paige,Williams,petersdevin@gmail.com,27,304-956-9942x92277,2021-01-26
7535,Miguel,Holland,timothy21meyer-long.biz,-1,(528)059-6788x038,2024-09-05
8633,Darryl,,ibarrett@moore-reyes.info,-1,(519)431-9572,2020-07-22
1777,Richard,Mann,aguilarsarahsmith-schmidt.com,-1,001-731-036-4534x2593,2024-03-17
3666,Mario,Edwards,david93@parks.org,999,133.849.8183x612,2024-01-04
4207,Tina,Mclaughlin,wilsonjennifer@munoz.com,999,,2022-04-17
3356,Tricia,Morrow,barry99@mitchell-lynch.com,-1,393.058.1501x406,2021-01-12
3067,,Lewis,shane08@hotmail.com,-1,7147764578,2022-04-15
4828,Nicholas,Smith,robinsontimothy@gmail.com,999,800.942.1657x24701,2024-01-10
3335,Joshua,Nguyen,nwhite@carter.net,999,001-834-648-9077x872,2022-03-16
8249,Angela,Carter,jeremy07@hotmail.com,21,(024)985-7443,2021-03-10
1386,Dennis,Stout,megan87@gmail.com,64,381.295.8482x4800,2025-02-09
9289,Amber,Mitchell,donaldsondeborah@hotmail.com,62,689-239-2251x33988,2022-10-01
2697,Thomas,,olsonamy@gmail.com,-1,001-724-372-7975x5186,2024-05-25
8603,Shaun,Riley,maryfuentes@yahoo.com,15,(620)212-8870x138,2022-05-10
3009,,Mcdonald,colleen19@gmail.com,999,352-225-9369x081,2021-07-17
6326,Timothy,White,joshua47@hernandez.com,15,539.985.4792x2446,2023-07-20
1003,Mark,,eric70@gmail.com,-1,6827375106,2024-09-12
1262,Olivia,Miller,edwardtaylor@williams.com,999,001-146-363-8890,2024-12-24
7747,Daniel,Miller,jessica98@sanchez-cole.com,-1,684.525.5349x9057,2024-07-27
9090,Eric,,uoliver@hotmail.com,27,3535423014,2021-11-13
5397,Eric,Gonzalez,davismichele@yahoo.com,-1,861-462-9072x95942,2024-03-03
5816,Michele,,courtneybrooks@yahoo.com,-1,(864)421-2479x912,2021-06-26
2430,Anthony,Vang,felicia07@phillips.biz,15,500.081.0705x00531,2022-07-06
2366,Lisa,Hendricks,patrick23@spears.org,-1,001-673-085-4724x40548,2023-04-01
5000,Melissa,Martin,jacksontammy@jones-mason.com,39,+1-358-756-7203x9914,2024-12-29
9085,Heather,Lee,michellegordon@hotmail.com,999,230-561-3707,2025-01-27
7123,Jeffrey,Dixon,holmesjulie@gmail.com,-1,(128)147-1260,2025-01-08
2159,Gregory,Duncan,dmacias@peters.org,38,+1-241-903-7509x6782,2022-04-25
8926,Rebecca,Thompson,ocolon@robbins.com,-1,(235)247-2895,2023-07-17
1104,Mark,Tyler,benjaminfrench@yahoo.com,11,+1-610-692-0617,2020-09-27
7336,Kelly,Gomez,,999,001-121-538-3140x00343,2021-05-04
5006,Brian,Larson,barryjohnson@ward.info,76,,not available
9418,Allison,Dickson,timmckinney@rojas.com,-1,001-198-608-8900,2021-06-23
1086,Alyssa,Gonzalez,perezemma@hotmail.com,86,117-838-2730x0880,2023-05-23
6267,Lori,Palmer,bakersteven@yahoo.com,76,244.139.4703x556,2023-06-21
3166,Leslie,West,jsmith@gmail.com,-1,893-687-5010,2023-09-12
8532,Maria,Francis,ugregory@howell.com,28,,2024-03-21
1109,Brian,Saunders,john46@gmail.com,999,+1-059-013-5136x693,2021-05-27
3920,Crystal,Perkins,fwalker@yahoo.com,41,690-100-2445x9857,2024-07-05
4646,Justin,,caseywendy@weiss.biz,999,733.906.3275,not available
7891,Randall,Johnson,ryan98@harris.com,999,274.035.6388x1040,2025-03-21
4728,Michael,Evans,,999,905.265.1101,2025-05-22
4984,David,Mccann,christopher62@hotmail.com,-1,+1-687-802-4855x9497,2020-11-05
3245,Jason,Torres,alee@hotmail.com,999,001-230-891-1636x6492,2022-08-05
8211,Lori,,chester@howell.com,68,,2025-01-05
4553,Katherine,,hortondianahotmail.com,999,+1-922-764-8069x28331,not available
8114,James,,vfreeman@huffman-williams.com,32,,2025-03-31
3050,Amanda,Gillespie,williamgilbert@gmail.com,-1,,2023-10-19
1486,,Rodriguez,harrispatriciayahoo.com,-1,(642)074-3187x2069,2023-03-26
9615,Jasmine,Castro,washingtonlisa@mcmillan.com,42,,2020-07-23
7980,James,Cruz,,-1,001-767-191-4436,not available
5207,Carolyn,Howell,ncharles@colon.info,999,+1-013-868-0285,2021-06-27
6912,Cindy,,adkinschristopher@gmail.com,-1,001-450-882-3769x1988,2024-10-01
8836,Timothy,,glang@hotmail.com,999,125-706-0719,2024-03-23
1876,Darryl,Thomas,xhendrix@yahoo.com,-1,+1-334-699-9479x184,2023-10-05
3404,Amanda,Winters,christian88@gmail.com,53,823-270-5097x9306,2020-12-06
1003,Thomas,Macdonald,ymarquez@singleton.com,34,788.523.8240x8616,2022-11-19
3586,Holly,Chan,ocooper@lopez.net,-1,624-446-8961x796,2021-08-17
8014,Cindy,,nancy24@ross-hernandez.com,54,(635)123-0450,2024-01-02
3344,Briana,Hansen,samanthasmith@yahoo.com,999,128.778.7654,2023-11-04
4634,Rodney,Rose,kanderson@vang-young.net,86,(930)622-1539,2023-12-23
5349,Veronica,Vazquez,chowell@gmail.com,21,001-277-856-0427,2020-11-30
6174,Jennifer,,michael18@moore.com,999,(590)516-4839x8390,2024-08-21
1651,Shelley,Allen,,57,(683)678-9470,2024-09-06
1888,Kathy,,mosesjason@ward.com,-1,(428)694-4237,2025-02-28
1551,Bradley,Cook,amanda60@hernandez-wong.com,-1,5644222821,2024-03-15
3979,Jacob,Miranda,shawnfigueroa@yahoo.com,999,(123)381-9842,2021-07-11
2114,Katherine,Miller,brownchristopher@reyes.info,999,310-258-0070,2021-04-01
7186,,Bright,jpacheco@hotmail.com,90,2746249320,2021-04-15
2574,James,Miller,sabrinamunoz@yahoo.com,-1,211-708-9182x545,2021-10-03
9603,Sandra,Perez,lindseysimmons@hotmail.com,19,471.979.0033x32116,2023-11-04
4072,Vanessa,Robles,jaclyn10@gmail.com,72,,2021-05-07
5854,Christine,Daugherty,courtney55@gmail.com,-1,,not available
7538,Ronald,Shaw,nguyenjesse@curtis.com,-1,992-543-8344,2023-12-30
3886,Jeremy,,jonathanball@gmail.com,13,,2025-04-24
1693,Stephen,Delgado,iwilson@hotmail.com,-1,,2022-12-27
6001,Nathan,Craig,kentjustin@yahoo.com,-1,001-575-861-4465x920,2021-12-24
1210,Amanda,May,lisajohnson@brown.com,999,884-497-0591x844,2023-04-08
8756,Marissa,Mullins,nathaniel05@white.biz,999,562.812.0682,2023-07-29
7720,Molly,Murphy,randallandrew@smith-schmidt.com,999,604-040-2256,2022-12-12
1222,Catherine,Brown,tonya68@hotmail.com,999,521-656-4893x244,2022-10-02
4958,Timothy,Robinson,clarencepalmer@yahoo.com,88,997-457-2064x202,not available
4857,Brian,Gonzalez,parkerdavid@powers.biz,999,,2023-07-27
8719,Robert,Dalton,chenstacy@gmail.com,-1,004.471.6824,2025-05-03
2045,Pamela,Moore,smithdarlene@gmail.com,21,+1-106-180-7006x133,2024-09-13
1556,Nancy,Villa,cthompson@boyd-elliott.org,999,(627)523-5407x57196,2024-12-12
6917,Alejandra,Frederick,brian92@martinez-hughes.org,-1,001-219-909-4102x808,2020-12-22
4750,Scott,Thompson,wendychapman@yahoo.com,48,1014572096,2021-10-14
2782,Patrick,Jacobs,salazardaniel@hotmail.com,999,860-385-5580x200,not available
7962,Alex,Morrison,,78,(106)674-4069,2025-03-16
4824,Donna,Wallace,christopher53@cruz-berger.com,11,(654)815-6949,2022-11-17
1257,Daniel,Howard,hbates@cummings.com,-1,180-092-9536,2020-12-27
1789,Luis,,jstevenson@yahoo.com,25,627.163.8447,2020-09-07
3906,Sara,Brown,,15,(553)100-5142x6274,2021-03-03
5961,Matthew,Vasquez,anthony83@gmail.com,46,001-925-826-3932,2022-08-18
8708,Meagan,Farmer,uhuang@gmail.com,999,(481)308-9737x393,2025-01-06
4638,Edgar,Hernandez,stevennolan@roberts.com,23,+1-566-496-3244x10235,2024-07-01
5467,Steven,Green,kchavez@harrison-gonzalez.org,999,975-929-1865,2024-08-04
5359,James,Rodriguez,evansmegan@yahoo.com,-1,+1-941-392-1439,2024-12-06
1003,Carlos,Jenkins,marc12@bates-herrera.com,51,(755)878-1548x650,2023-03-24
2625,Linda,Cook,cynthiaharrisgmail.com,58,089-312-5125x2011,2021-08-09
4963,Jennifer,Compton,kennedystephen@nguyen.com,-1,458-934-6961,2024-01-06
3447,Michael,Curry,zjensen@yahoo.com,54,001-012-973-5914x404,2023-04-23
8218,Laura,,crystal78@rollins.org,999,,2023-09-17
7989,Roy,Fisher,pooletodd@brown.com,-1,001-324-398-2432x05754,2021-02-18
5543,Manuel,Campos,douglas54@gmail.com,999,178.976.4506x56841,2022-04-19
1003,Samantha,,travis36@ochoa-chang.com,-1,547.397.2677x36725,2022-01-12
9450,Jerry,Lozano,shane66@lopez.com,-1,775.356.8253,2020-08-19
7181,Danny,Wise,kathryn79@gmail.com,-1,932-559-9352,2022-06-03
9957,Alexander,,wbaker@hunt.info,-1,001-809-678-3426x850,2023-03-24
4455,Nicole,Cooley,jill23hotmail.com,999,,2021-05-10
2048,Ebony,Phillips,xwest@yahoo.com,999,,2022-07-05
7012,Catherine,Brown,adamsmith@yahoo.com,-1,7208734546,2021-06-19
7076,Kim,Charles,chenaustin@schneider.info,-1,001-017-762-0263x3981,2021-08-07
4768,Ashley,Schmidt,qhorton@hotmail.com,999,266.934.3186x966,2023-03-04
1003,Ashley,Wu,matthew46@hotmail.com,70,+1-595-032-3007x3560,2024-07-22
8730,Brenda,Morgan,,999,445.315.2249,2023-07-16
6722,Haley,Beck,katrinawallace@frederick.biz,-1,(668)069-9553,not available
8601,Billy,Freeman,isabelvega@hotmail.com,999,(931)330-1150,2022-04-21
4965,Cindy,Gonzales,zacharymason@glenn.com,-1,(021)073-4638x694,2025-01-11
3510,Francisco,Vasquez,housevictoria@gmail.com,26,001-962-540-2736x197,2021-07-06
4831,Andrew,Miller,michael79@murphy-davis.com,999,738.045.1443x60176,2021-08-17
1003,Nicholas,Briggs,yfrye@hernandez-sanders.info,999,286.007.9535x413,2020-08-12
1503,Deborah,Norman,wangchristine@yahoo.com,55,001-852-782-9100x6703,2022-06-12
5045,April,Carey,nicholas78@lee-wright.com,999,+1-272-630-7970x20899,2024-02-09
8019,Michael,Matthews,,79,587-579-3478,2021-11-11
7319,Tanya,Blair,whitedebra@gmail.com,-1,106-955-7237x537,2021-03-20
8069,,Cooper,davidhenry@hotmail.com,999,001-951-893-1204x12794,2022-02-12
3889,,,delgadomichael@morris.net,66,001-929-948-5923x2134,not available
3081,Patricia,Perez,madelineboyd@gmail.com,18,689-878-4525x00584,2022-07-01
6380,Rachel,Williams,christopher95@yahoo.com,999,+1-214-770-5902,2024-07-17
5457,Hannah,Scott,jonesdiane@hotmail.com,999,418.291.4179x84149,2021-05-23
5080,Dylan,,nicole92@yahoo.com,999,+1-926-465-4585x37003,2022-05-14
7291,Tom,Martinez,kevinmoore@garcia.com,17,+1-558-209-4533,2023-10-25
1085,Paul,Lee,osteele@gmail.com,-1,(128)595-1606,2021-12-09
4644,Morgan,Robinson,carlbutler@hotmail.com,-1,396.398.3083x72359,not available
6004,Adam,Whitney,nelsonantonio@hotmail.com,76,341-047-0747x680,2021-07-01
8337,,Perez,robertsonbenjamin@gmail.com,-1,322.140.0810,2021-12-18
1003,Natalie,Owens,karen38@dunlap.com,17,949-251-7464x29247,2023-12-24
8545,Brittany,Ortiz,wramirez@gmail.com,58,+1-230-951-2164,2025-02-26
7622,Brad,Dorsey,,-1,(748)873-9219x03927,2022-10-29
7829,Michael,Johnson,hgoodwin@hayes.com,60,(155)439-9445x023,2021-08-13
6607,Andrew,Dodson,,83,(766)044-2860,2024-10-17
7192,Tyrone,Patterson,gonzalezjohnny@dennis.com,59,488.626.7344x8287,2024-10-14
4887,John,Long,erikgonzalez@white.com,35,1979877713,2025-04-28
6565,Christopher,Hubbard,brockelizabeth@gmail.com,999,,not available
4178,Miranda,Smith,,-1,(498)204-0533,2021-11-15
5542,Katherine,Ball,bvelez@gonzalez.com,-1,293.712.1321x636,2022-12-18
1003,Shelia,White,michaelbanks@hotmail.com,999,+1-965-375-9845x56438,not available
3842,Stacy,Dickerson,ewright@frederick-hayes.com,-1,+1-360-622-8535x12755,2021-10-11
4257,Mark,Park,emcdaniel@hotmail.com,15,,2022-09-21
7182,Maurice,Thompson,kimberlycarlson@lee.com,999,369-428-5176x01108,2025-05-04
2513,Jonathan,Gray,megancarter@gardner-nelson.com,999,340.831.5970x6752,2022-02-14
8004,Danny,Jackson,kirbychristopher@gmail.com,48,(529)651-4349x7494,2024-10-07
4045,Allen,Thomas,victoriareeves@gmail.com,25,+1-566-296-1976x8097,2021-12-30
4163,Marvin,Rodriguez,,-1,(600)269-0556x96815,2022-03-12
6750,Ryan,Gordon,ann91@yahoo.com,-1,845-567-7375x619,2024-11-12
2729,Cynthia,Johnson,christinebryant@hood.org,999,(592)308-3157x371,2020-11-03
2485,Crystal,Chapman,leedeanna@mitchell.org,999,001-659-503-1118x52642,2023-05-02
2063,Samantha,Wilson,alex39@taylor.com,12,001-650-529-3031x367,2021-02-18
2010,Jaime,Crawford,fwatkins@schwartz.info,999,+1-349-466-8283,2021-10-27
6692,,Edwards,fosterjesus@porter-johnson.net,-1,+1-071-247-2805x917,not available
2607,Jamie,Gibson,smithjohn@gmail.com,999,001-700-281-9690x911,2020-06-30
4157,Kenneth,,ucarroll@bennett-turner.com,999,(365)406-0425,2021-04-17
6205,Elizabeth,Scott,,-1,+1-262-001-5395x584,2022-10-11
5201,Marcus,Andrews,crawfordjoan@gmail.com,999,+1-479-954-4559x4541,2024-06-30
5647,Morgan,Valdez,carly22@yahoo.com,999,001-941-831-3473x17002,2024-04-23
2660,James,Rojas,rachelbrown@ford-oconnor.com,999,124-474-8367x501,2023-01-23
6021,Michael,Marquez,wilsonhannah@gmail.com,-1,507-736-6795,2021-01-12
5689,Jeffrey,Smith,,89,(653)924-8006,2021-01-06
4388,Jermaine,Mayo,jeffreysilva@hotmail.com,42,001-936-340-7591x298,2021-10-26
1338,Brandon,Blackwell,bryce71@kelley-hernandez.com,-1,001-146-586-7599x09764,2024-11-08
7986,Jeffrey,Conley,wjames@gmail.com,-1,,2025-01-12
3587,John,,igutierrez@gmail.com,56,6376029117,not available
1696,Gary,Miller,silvabridget@gmail.com,69,488.305.7485,2021-11-07
5237,Monica,Higgins,alyssabell@hotmail.com,89,,2024-11-21
6992,,,rebeccabridgesstephens.org,41,(385)125-3400x6661,2021-12-09
7535,Christopher,Martinez,mmosley@beasley.com,-1,402.522.5105x4440,2021-09-28
9358,Jennifer,Morgan,andrewsmith@gmail.com,999,+1-126-912-8355x20617,not available
5170,,Harris,ramosamy@hotmail.com,999,(622)104-0545,2022-10-21
9928,Samuel,Alvarado,denise19@aguirre-brown.com,-1,(669)442-3954,2023-10-25
8232,Raymond,Hall,jessicahuff@adams-zamora.com,999,001-914-225-8282,2021-05-13
9566,David,Garza,fitzgeraldsarah@yahoo.com,-1,(004)886-0988,2024-07-13
7830,Erica,Ramirez,whitematthew@harrison.com,-1,,2025-02-14
4904,,Smith,kaitlyn06@duran.com,-1,001-585-256-3689x9856,2021-01-13
5376,Jessica,Burke,josebond@lyons-bryan.com,71,668.856.2211x9703,2024-08-24
7385,Raymond,Peters,torresmichele@yahoo.com,29,8976914260,2023-07-30
8786,Adam,Greer,andreathomas@watson.com,999,891.360.1303,2023-03-08
4878,Laura,Kelly,millerronald@gmail.com,76,667.419.5687x5734,2024-05-10
9399,Manuel,Anderson,nerickson@hotmail.com,56,118.259.1242x62840,2021-04-25
2387,Laurie,Shaw,ronaldrobertson@yahoo.com,24,(331)667-7686x4204,2021-02-09
5071,Kimberly,Thomas,rogersjeanjones.org,999,001-340-470-5268x678,2020-12-03
2735,Julie,Thompson,nelsonnatasha@hotmail.com,42,(991)899-3713x7086,2023-04-24
9436,,Scott,whitesabrina@yahoo.com,56,920.245.9413x0160,2020-08-07
8929,Pamela,Thompson,jessicamartin@gmail.com,-1,387.426.4763x6977,2024-02-01
3008,Tyler,Johnson,lisa21@yahoo.com,999,874-457-7116,2025-02-06
2782,Stephanie,Wallace,angela70@gmail.com,999,+1-681-658-8083x14737,2024-10-03
8833,Martin,Murphy,juliereed@diaz.biz,65,047-518-3852x842,2024-10-17
1003,Rebecca,Johnson,katherinewatson@hotmail.com,999,476-449-7586,2024-05-05
5929,Paul,Schneider,,-1,371-517-4480,2021-04-15
2210,,Green,sparker@hotmail.com,71,(668)747-3474,2021-03-01
1688,Michael,Schmidt,,74,6284705779,2021-01-22
7820,Alicia,Wilson,jenniferhess@gmail.com,-1,224-055-6406x860,2020-11-24
6040,Amanda,Moore,wcallahan@yahoo.com,-1,+1-731-937-4453x266,2021-07-28
1186,Thomas,Munoz,beanbenjamin@hotmail.com,999,,2023-09-28
2398,Michael,Williams,ghayes@shaw-taylor.org,999,090.955.3590x76231,2021-08-10
5276,Jill,Jones,nwilliams@hotmail.com,63,+1-785-225-1140x0022,2024-01-15
9505,Sarah,Rojas,,90,285.905.3488x99094,2023-04-28
9545,Philip,Reynolds,,999,088.579.2014x3148,2020-08-26
2058,Christopher,Randolph,philip99@hotmail.com,-1,(128)401-4771,2023-03-26
1410,David,,dgutierrez@morales.com,999,404.391.4677x655,2022-01-01
9254,Thomas,Andrade,shortmichael@estrada.com,999,,2022-08-05
9175,Zachary,Davis,ruizmichael@gmail.com,999,+1-869-214-6377x86451,2022-07-16
1654,Tara,Henry,deborah39@hotmail.com,999,049.977.8034x784,2024-10-12
5512,Natalie,,zduran@gmail.com,81,917.889.1969x16562,2024-11-03
6411,Harold,Carter,seanvargas@hotmail.com,22,(062)479-7695x130,2021-04-24
6705,Julia,Simmons,,-1,0325405154,2020-10-12
8508,Dan,Boyle,hulljustin@cross.com,64,3688897529,2023-02-04
6381,Ashley,Barnes,maria38yahoo.com,999,2966524431,2025-03-26
1114,Kristen,Perry,leslie07@chandler.org,999,820-258-7024x8156,2021-07-27
9204,Timothy,Cervantes,acostafrankhotmail.com,-1,(459)344-5095x0749,2020-07-20
2573,Jennifer,Green,michaelmiller@hotmail.com,-1,,2024-01-27
4865,Justin,Robinson,,-1,696.912.0181x2977,not available
4955,Mark,Collins,ojohnson@hotmail.com,86,(287)912-1738,2020-12-18
1706,,,rvillegas@schultz-lutz.net,11,941-436-1405x5181,2020-09-17
6505,Amy,Daniel,zevans@gmail.com,61,(005)039-9723x7549,2024-06-03
4535,Katrina,Waters,leemichelle@gmail.com,-1,(902)922-5740x804,2021-08-17
1151,,Irwin,katiegreen@hotmail.com,40,+1-453-294-0528,2024-07-01
8412,Angel,Cannon,coledebra@small-dean.org,30,8036750349,2022-08-07
5515,Nathan,Carter,spena@nguyen.com,-1,560.514.2199,2025-03-26
5861,Gina,Mitchell,rachael50@boone.biz,-1,256-634-2940x160,2023-08-20
7507,Jenna,Walton,rodriguezeric@kerr.com,999,001-732-039-6383,2022-05-28
6686,Sara,Stewart,xperez@gmail.com,-1,549-026-3041x85706,2020-08-28
9082,Colton,Pearson,wheelerjessica@mullins.com,999,+1-098-948-9471x470,not available
8639,William,Price,,-1,2636290835,2023-12-01
2716,Philip,Jordan,ngonzalez@gmail.com,-1,(057)387-5392,2023-12-20
2538,,Santos,michellemathews@yahoo.com,999,357-256-8283,2023-02-09
5170,Jeffrey,Lucas,rcunningham@yahoo.com,999,767-980-0999x70443,2024-01-13
8469,Daniel,Hernandez,stevensjohn@singleton.org,-1,+1-964-213-6286x25188,2021-06-16
1003,David,Jenkins,,-1,(655)226-9854x61880,2020-12-22
1003,Tammy,,gparks@yahoo.com,999,+1-426-278-5869x6392,not available
4649,Amy,Foley,jose55@hebert-santos.org,-1,(710)382-2761,2023-02-22
6341,Belinda,Zuniga,kcontreras@carter.biz,999,325-569-0380,2024-08-02
2024,Jason,Aguirre,,47,001-999-679-3165x11164,2025-03-02
8212,Beverly,Lawson,,86,898-874-8992,2023-02-09
2136,Brian,Miller,vscott@gmail.com,-1,6629357302,2021-05-04
7114,Jennifer,Morrison,sgibbs@holt-williams.com,999,001-620-737-6698x5799,2024-12-18
7191,Patricia,Mitchell,angela02@gmail.com,999,422-934-3835x081,2025-03-27
5247,,Pittman,joberry@gmail.com,20,+1-360-149-0679x91811,2024-04-23
5407,Erin,Sanchez,bbishop@perkins.com,22,687.704.8789,2025-04-02
1194,Margaret,Bennett,maryriley@allen.com,999,358-397-6561x66582,2023-04-26
4160,James,Copeland,igriffin@adams.net,46,001-075-879-8867x496,2021-02-23
2094,Alyssa,Mckay,elizabethmiranda@snyder.com,21,642-548-6126x648,2024-12-21
9883,Kevin,Bauer,xmartinez@martin-whitney.com,-1,001-479-431-1010x8164,2021-12-28
7624,Andrea,Evans,linda09@lindsey-jones.com,44,246-051-6237x4786,2024-07-11
1003,Corey,Jimenez,hreed@yahoo.com,40,(624)700-8521,2024-01-15
4727,Jason,Webster,elizabethsmith@wilson.info,-1,9860392022,2022-04-26
6197,Kenneth,Long,iward@gmail.com,-1,+1-110-640-3764x088,2021-12-10
5032,Patricia,,vegaashleymitchell-mccoy.com,-1,5982426419,2023-01-25
8058,Nicholas,,april58@yahoo.com,999,7663731932,2023-05-09
8250,Paul,Larsen,kim87@yahoo.com,49,+1-019-537-9341x596,2023-11-16
7008,Aaron,,stewartalberthotmail.com,34,,not available
6435,Chad,Tate,blakejon@yahoo.com,999,(986)136-1312x7290,2020-11-13
3851,,French,francowilliam@yahoo.com,73,399-724-6361,2021-11-19
2733,Amanda,King,danielwelch@hotmail.com,999,(843)102-9715x542,2022-12-20
7892,Hannah,,ibarrett@warner.info,999,+1-996-115-6530x850,2020-07-11
9682,Barbara,Dominguez,,999,,2023-02-27
2644,Stacy,Gordon,lisa30@miranda.com,999,+1-608-123-6830x40615,2021-12-01
9169,,Berg,justinsutton@wise.biz,999,001-767-968-4003,2025-02-19
1189,Danny,Stafford,gary35@gonzalez.net,999,3362141368,2021-03-30
3510,Melissa,Miller,martinjacob@yahoo.com,999,001-421-078-3527x415,2021-12-17
3410,Shawn,Marks,qneal@sanders.net,-1,(966)953-3985x1742,2021-06-22
7599,,Ortega,ppope@johnson.com,-1,+1-644-493-2857x8533,2022-11-30
7473,Teresa,Barrett,tcolon@gmail.com,-1,(132)441-5648x4906,2023-07-15
1914,Mark,Irwin,adrian72@berry.org,999,(170)455-8111x67013,2023-04-25
8253,Adam,Harris,kendraallen@roman.info,37,+1-889-962-7271x699,2023-12-02
3855,Dawn,Harris,pjordan@yahoo.com,999,116-435-5402x502,2022-01-19
8678,,Flores,garrisondavid@taylor.info,-1,,not available
1003,Justin,Kerr,,999,(894)748-6248x1009,not available
5003,Kathryn,Wood,lopezanthony@lang.net,63,001-508-412-3359x477,2023-12-14
9058,Kimberly,Williams,freesewalters-manning.net,71,8137026369,2025-05-01
6645,Jessica,Watts,,999,486-008-5357x98172,2023-05-01
6919,Christian,Burns,,53,001-709-159-2185,2021-01-26
4722,Melinda,Richards,clarkjonathan@gmail.com,999,(054)233-0433x953,2024-06-24
8343,Steven,Miller,,29,,2021-04-14
6922,Lauren,Archer,christophermiles@cole.com,44,932.080.9985,2020-10-24
1725,Danielle,Blackburn,jenniferbaldwin@caldwell-rowe.biz,-1,5581426029,2021-10-16
7914,Lori,Mitchell,lhall@powell-reeves.com,54,(510)712-2691,2023-12-11
9673,Jay,,whitesamuel@yahoo.com,999,(493)088-2286,2022-04-18
1003,Julie,Stevens,craig70@miller-martin.com,999,912.725.2118x022,2022-11-15
7419,Paul,Rodriguez,vbray@yahoo.com,12,001-720-768-6425x78880,2024-11-16
1003,Jenna,Sanders,jessicawilkinsonmiller-mcgee.biz,999,1120402557,2020-06-08
4216,Jillian,Smith,douglas83@ray.com,52,509-939-6838x71603,2022-08-03
3713,Tamara,Martinez,gary41@hotmail.com,-1,402-700-7905,not available
8379,Michael,Porter,boylesierra@yahoo.com,-1,432-299-4266x439,2022-11-12
1003,Laura,Gallegos,austinshawn@jackson-johnson.net,-1,589.964.8526x917,2024-05-24
6413,Miguel,Perkins,kaylahoffman@hotmail.com,-1,998-284-7300,2025-02-22
1304,Shawn,Garcia,stewartbarbara@yahoo.com,-1,6904366605,2023-10-12
5342,Nancy,Ward,ecrawford@yahoo.com,19,+1-027-867-8854x820,2023-01-12
1101,Kathleen,,dalexander@smith-richard.com,89,639-689-0503,2023-02-16
2675,,Willis,underwoodjoe@gmail.com,60,,2022-08-24
4599,Matthew,Mcdonald,williamsjustin@hotmail.com,-1,540.311.8750x4312,2023-05-11
1610,Donna,Edwards,dzamora@gmail.com,999,(799)689-9314,2023-10-24
1003,Anthony,Clark,nicole24@johnson.com,68,,2021-04-28
6904,,Ramirez,lindseyhamilton@yahoo.com,58,+1-407-585-1139,2024-04-08
9100,,Curry,jeffrey29cruz-stout.info,999,(977)964-0863x518,2025-04-09
3268,Melissa,Clarke,,-1,337-134-2828x726,2022-05-22
2665,Crystal,Goodman,iparker@hotmail.com,-1,713-897-2435,2024-03-01
2450,Derrick,Figueroa,kimberly69@hotmail.com,23,(020)150-4821x474,2023-10-22
1847,Holly,Mitchell,,999,001-706-231-6173,2025-05-25
5537,Max,Shea,elizabeth31@hanson.com,999,+1-804-695-2915x940,2023-01-09
7813,Jerry,Steele,yestrada@hotmail.com,16,+1-868-574-8358x07027,2020-11-11
8376,Shaun,,alleneduardo@wilkerson-mitchell.biz,-1,001-651-664-3834,2024-03-24
3622,Victoria,Harris,,-1,+1-300-889-5724x277,2022-08-13
3161,Christopher,Kemp,rogersrachel@hotmail.com,32,407.554.4985,2021-06-16
3523,Benjamin,Thompson,timothy01@floyd.com,34,264.542.9834x8295,2021-06-16
9077,Kayla,Archer,hernandezamanda@roberts.com,999,910-927-4547,2024-12-05
4048,Joyce,,,-1,+1-285-911-7063x09600,2022-06-29
7655,,Davis,marksjames@yahoo.com,-1,001-111-552-6786x37123,2022-01-19
5521,Steven,Alvarez,dwheelergmail.com,16,001-780-967-3186x317,2025-02-27
4061,Daniel,Jordan,,-1,,2023-03-05
2041,Angela,Kirk,mboyd@hicks.net,999,001-795-021-1119x85943,2023-10-27
4024,Samantha,Oliver,petersjack@hotmail.com,999,472-267-2374x82470,2024-11-24
3411,Stephen,Adams,taylor98@reyes.com,90,+1-209-745-3599,2020-10-11
2808,Helen,Maxwell,johnreilly@hotmail.com,25,(041)958-3858x9007,2021-05-13
7039,Julia,Garcia,,-1,,2023-05-02
1819,Robert,Cook,,999,(261)677-0810x9195,2020-09-03
3849,Kyle,Oconnell,qward@becker-hicks.net,999,(465)998-3979x67837,not available
5883,Kyle,,joshuamartinez@hayes-phillips.com,-1,(037)220-5681x5153,2024-11-17
6994,Evelyn,Lyons,raymondjonathan@russell-evans.com,38,+1-595-219-9026x8839,2022-09-23
5973,Christina,Thompson,davischelsea@yahoo.com,52,(410)807-5485,2024-05-28
1520,Derrick,Bell,andrew18@yahoo.com,-1,+1-100-057-5407x06177,2023-03-22
4336,,Patton,josephroberts@ramirez.net,999,(510)880-7855x787,2021-11-20
4150,John,Chung,molly59@yahoo.com,999,790.780.5321,2020-08-14
4515,Amber,Bell,jrodriguez@gmail.com,999,444-442-3167x721,2024-11-07
9378,,Juarez,thatfield@rice.com,-1,,2022-06-02
4770,Morgan,Berry,thomas90@hotmail.com,-1,,not available
8585,Christine,Cook,david57@yahoo.com,-1,(538)640-8042x5107,2021-05-21
6642,Vincent,Hall,grichard@lynn-mckee.com,999,,2023-05-06
5445,Melissa,Blevins,ariana91@gmail.com,17,813.581.4222x327,2024-07-27
4000,Robert,Navarro,barry40@yahoo.com,-1,,2020-08-01
1663,Crystal,,romanlaura@watson-cook.org,40,(783)787-9421x9292,2025-01-25
7806,Renee,Gonzalez,baileywarren@hale-johnson.org,999,(768)077-7718x95926,2022-01-10
7190,Kristin,Burns,amanda37@yahoo.com,999,,not available
6422,Colin,Swanson,murphydiane@gmail.com,-1,+1-066-088-7458x0472,2022-09-04
5131,Kevin,Young,ellisjonathon@davis.com,-1,+1-892-430-2725,not available
9332,Bryan,Carrillo,robert92@bernard-white.com,46,+1-683-548-5414x890,2021-11-26
2320,Kelsey,Smith,,-1,835-064-9106x7333,2023-07-09
8916,David,Huynh,jeffreycampbell@yahoo.com,48,+1-927-117-5858x447,2023-07-24
8880,Kathy,Callahan,laurie37@roberts.com,999,+1-262-607-8042,2022-08-23
2474,Joshua,Hawkins,hbrookshotmail.com,999,329-990-2541x6305,2023-10-25
1983,Kelly,Graves,srivera@hotmail.com,47,,2020-08-26
3610,,,jbarajas@yahoo.com,999,5251092069,2023-12-18
3398,Mary,Fitzgerald,daisy12@miranda.info,999,268-941-6727,2024-02-06
7967,Rhonda,Cohen,jessica17@davis-wheeler.com,-1,,2024-05-19
5211,Daniel,Carson,emily88@hotmail.com,26,,2022-02-05
8964,Amanda,Vaughn,amygriffithyahoo.com,-1,+1-615-218-2415x94165,2022-12-24
7793,,,mark74@cummings.com,999,001-901-690-6943x3551,2024-10-21
6276,Amanda,Brooks,,-1,9282718413,2023-04-05
6813,Jacqueline,Shaw,beverly87@gibson.com,70,754-798-6822,2025-03-31
9237,Anthony,Guzman,gjones@gardner.com,-1,536.602.6004x302,2025-04-03
2631,Kevin,Walton,timothymurray@hotmail.com,77,(196)374-5565x4077,2024-04-12
2497,Beth,Davidson,,-1,001-931-589-7299x631,2024-03-14
9588,Justin,Pope,gbates@stanton-smith.com,999,001-830-049-3975,2024-02-07
6242,Lauren,Lowe,velazquezbradley@hotmail.com,999,970-269-8179x5771,2021-08-21
5041,Andrew,Castro,xavierphillips@gmail.com,999,205-737-7457x324,2023-11-11
2406,,Mullins,chodges@howard.biz,-1,409-843-4874,2024-02-01
9876,Sandra,Martinez,mary57@gibson.net,999,111-339-7208x62550,2023-05-28
1003,Jessica,Miller,amysmith@carter.net,85,(242)034-9764x81937,2023-01-15
6371,Amber,,,999,(377)527-0644,2022-05-27
1813,Shannon,Alvarado,matthew69@hotmail.com,36,(827)975-9097x0946,2024-10-28
2716,Scott,Jensen,michaelprice@yahoo.com,999,5173124091,2021-10-22
2114,Paul,Baird,chamberslisa@hotmail.com,-1,001-232-588-5189x0127,2022-04-04
9437,Melissa,Rhodes,lynn26@yahoo.com,-1,+1-093-898-6036x5405,2024-11-12
2050,Jose,Murphy,austin47@evans-fitzgerald.biz,999,001-488-775-3953x6736,2021-05-29
4094,Jeffrey,,deannamcdonaldhotmail.com,-1,,2020-10-28
3197,Joseph,Walker,stephanielin@cisneros.com,80,563-413-8099,2022-02-28
1003,Patricia,,,-1,001-527-459-7458x47247,2023-01-20
1003,Debbie,Moss,kstanley@diaz.com,49,2808409789,2021-08-03
1003,Randy,George,catherinefisher@gmail.com,46,,2023-03-20
9158,Debra,Berry,,999,001-432-450-8202x789,2023-01-05
8288,Tiffany,Wong,ngonzalezyahoo.com,35,568-407-7585x227,2024-06-30
7639,Allison,Watkins,jowens@gmail.com,-1,(996)030-0918x356,2023-11-26
7574,Hector,Bauer,dawncohen@gmail.com,-1,(720)415-2379x0452,2020-10-10
9762,Brittany,,jmoore@hotmail.com,999,640-347-4957,2021-08-04
1002,Lisa,Adams,scott76@yahoo.com,999,+1-461-669-7260x6554,2025-05-29
9121,Linda,Melton,hreyes@yahoo.com,-1,(893)780-5881,2022-02-28
5620,Martin,Nguyen,kirsten58@hotmail.com,-1,(781)321-7112x32340,not available
4823,Stefanie,Allen,,22,+1-519-411-5934x3468,2021-04-12
7020,Alexander,,james33@russell-sanders.org,-1,(036)284-7763x25828,2025-02-03
9814,Zachary,,cheryl16@ford.com,-1,7715991209,2024-09-09
7889,John,Roberson,santoskathleen@melton.info,63,320-983-2873x0219,2023-11-28
3520,Jacob,Gonzalez,vdoyle@thomas-russell.biz,55,+1-306-896-7112,2021-10-27
9963,Joshua,Peterson,,-1,088-612-0794x68407,not available
7741,Matthew,Miller,,-1,001-691-526-6236x370,2020-12-06
6309,Austin,Leonard,,-1,001-078-091-7285x3800,2024-03-16
8641,Curtis,Johnson,nicholaswilson@jones.com,-1,265.076.7895x3199,2025-01-18
6692,Yesenia,Grimes,afoster@yahoo.com,999,,2021-03-30
3934,Samantha,Johnson,gjensen@garcia.net,49,(032)825-2375,2025-05-04
8278,Michelle,Roy,eskinner@williams-duncan.info,52,001-117-289-0060x1567,2024-03-16
5652,Nicholas,Jacobson,adriennegallegos@gmail.com,88,(030)647-4948,2023-07-15
9946,Edward,Parks,diana42@hotmail.com,999,001-945-495-4139x7108,2020-09-23
3476,Lisa,Smith,waterskrista@yahoo.com,-1,038-785-6274,2022-03-22
7950,Eric,Cruz,nlopez@estes-sherman.com,90,+1-210-483-1724,2020-10-31
4169,Kevin,Cooper,miguelanderson@smith-carter.org,999,001-932-646-5951x1605,2020-10-01
7600,Rebecca,Odom,oriley@gmail.com,999,153-401-1397,2023-11-02
2874,,Johnson,marcia96@gmail.com,-1,,2021-01-25
4193,Frank,Rios,mark48@stuart.net,999,355.198.3237,2024-10-26
1003,Stephanie,Jackson,walshfrederick@yahoo.com,999,001-226-803-5646x555,2023-11-24
3648,Debra,Sanford,xrodriguez@strickland.com,31,683.645.9818,2024-12-20
2558,Andrew,Flores,,24,001-639-440-7271,2023-10-13
3136,Marie,Durham,fbarajas@hotmail.com,-1,(179)102-6528,2020-12-31
1491,Joel,Torres,jonathan56@gmail.com,999,(664)871-9857x6216,2020-12-25
9159,Katie,Garcia,kmiller@hotmail.com,27,001-375-083-3986x1903,2024-01-06
5772,Paula,Calhoun,cjohnson@gmail.com,999,001-296-191-8254x8467,2023-05-03
7546,Jesse,Spears,mchung@thomas.org,28,388-243-5649x9887,2024-09-04
8112,Chad,Haley,,999,(920)720-9394x16377,2025-05-05
9380,Matthew,,travis91@silva.biz,-1,001-253-413-2494x8397,2022-04-26
8060,Marcus,,butlerheidi@kelly-allen.net,999,,2020-11-09
4700,Glenn,Lopez,walvarez@yahoo.com,71,,2024-03-24
2583,James,Stout,tharmon@white.com,-1,229-784-0849,2021-03-20
4129,Jill,Edwards,clarkmichelle@gmail.com,999,001-825-414-9811,2023-08-18
3401,Rodney,Fletcher,jorgecarey@harvey.com,26,,2022-03-24
6889,Julie,,leslie74@gmail.com,-1,+1-077-484-1631,2023-08-01
4298,Timothy,Cowan,qnelson@yahoo.com,60,001-061-733-0950x7881,2025-03-14
2554,Chad,Wright,douglas52@yahoo.com,-1,(047)764-6769,2021-01-30
5235,,Mendez,,55,+1-525-363-8815x358,2020-09-27
2205,Sarah,,,58,093.924.0361,2020-08-16
7171,Michael,Adkins,,13,879.977.6900x20298,2022-01-29
4851,Melody,,josephgray@yahoo.com,-1,(280)998-6912x183,2025-05-05
8782,Tonya,Collins,marcus94@yahoo.com,999,,2021-09-11
4264,Sandra,Valenzuela,cindywilliams@rodriguez-jenkins.com,46,707-036-4915x455,2020-10-25
9071,Jeremy,Spence,jeffreyjackson@yahoo.com,-1,001-973-247-7047,2022-03-10
2698,Barbara,Robles,matthewhamilton@morris.biz,88,160-861-9255,2021-05-15
1003,Derek,Collins,cervantesshane@davis-powell.com,-1,281.002.2481x0823,2023-11-19
4693,,Thomas,elizabethwilson@gmail.com,72,434.557.8912x329,2022-03-29
4875,Jennifer,Hill,rebecca77@hotmail.com,999,382.255.6579x171,2022-12-02
6954,Sean,Hernandez,ewright@hotmail.com,22,,2022-03-06
3189,Kathy,Foster,wellsnancy@yahoo.com,-1,685.922.5169x7158,not available
7592,Richard,Pugh,erin23@johnson.biz,72,875.279.4932,2021-02-05
8098,Matthew,Hendricks,nhayes@cunningham-anderson.com,85,001-955-984-5021x5144,2021-07-29
5707,Matthew,Smith,,999,,2024-12-12
8197,Barry,,jacqueline16@brown.info,-1,328-453-8379x57893,2022-02-25
4936,Debbie,Chaney,bobbygray@snyder.biz,44,479.175.9344,2021-06-05
8870,Matthew,Suarez,gonzalezsarah@hotmail.com,999,607.118.9974,2021-10-11
2666,Justin,,kevin48@yahoo.com,-1,388.372.0172x219,2022-02-18
4082,Tom,Howard,amandaavila@yahoo.com,999,165-291-4995,2023-07-03
6474,Sara,Golden,bobby70@boyd.com,22,+1-563-096-6314x55874,2023-05-11
4365,Aaron,Barnes,bkhan@hines.biz,-1,208.217.7294,2023-05-18
3668,Charles,Snyder,zperez@robinson.com,999,,2021-06-06
7981,Felicia,Robinson,,999,+1-300-060-7912x244,2024-05-13
7700,Justin,,brittanywashington@mckay-grant.info,-1,(204)818-8758,2022-11-08
6558,Jill,Welch,,999,001-125-992-0031x91773,2023-06-19
8789,Tamara,Brown,sandrasingh@perez.com,999,545-740-9673x655,2023-04-26
1003,Rebecca,Mcdonald,nicolejenkins@gmail.com,43,+1-490-241-9728,2024-04-11
8269,Samantha,Rice,monica83@lopez.com,-1,9188015540,2022-10-25
4000,Antonio,Johnson,chelseawright@johnson.net,76,001-187-488-1612x477,2021-07-11
3540,Jeffrey,Brady,tara15@yahoo.com,22,329.538.3213,not available
5446,Brian,Martinez,luis40yahoo.com,-1,001-904-290-8349x3772,2021-01-23
4100,Jose,,swatson@yahoo.com,59,0542365506,2023-02-22
1658,Kathy,Davis,aaronlozano@mcintyre.com,31,729.597.8432x94279,2023-10-10
1003,Tonya,Wiggins,haleybrian@pittman.biz,24,(454)599-2079x679,not available
9696,James,Davenport,greenkevin@hotmail.com,-1,,2024-07-20
9469,,,isaac28@rhodes.net,-1,689-044-1418x6027,2021-08-11
6792,Ashley,Foster,ikaufman@stevenson-thompson.com,-1,(210)800-2991,2024-05-12
1696,Austin,Alexander,thomasberry@yahoo.com,999,(918)033-4488x3170,2024-07-23
9158,Susan,Watts,floresjames@anderson.net,-1,643-957-7266x087,2024-03-15
6593,Cynthia,Archer,briana78@richardson.biz,999,001-247-088-1519x72810,2020-08-20
8184,Jeremiah,Bell,ssmith@clark.net,-1,+1-440-674-9399,2023-01-02
5108,Mary,Bailey,millerlogan@singh.com,999,770-840-0222x71618,not available
2118,Michael,Watson,norma78@gmail.com,-1,,2025-03-20
4577,Lisa,Lewis,thomasglenn@brown.org,-1,,not available
2254,Kathleen,White,beckhannah@yahoo.com,999,260-460-1444,not available
9742,Elizabeth,Smith,efaulkner@gaines.com,33,(854)145-2879,2025-05-28
5730,Kayla,,amyhicks@rich-kent.com,46,001-311-342-5989x07376,2020-06-23
5987,Anita,Clark,colemanjames@hotmail.com,999,410-193-3715,2024-04-02
2737,Adrienne,Yoder,johnsoncarlos@gmail.com,38,500-771-0323x2617,2022-10-31
4707,Andrew,,adamyoung@hotmail.com,87,464.192.9462,2021-12-10
1867,Diana,Bell,whitecheryl@stewart.net,-1,187-468-6308,2023-01-15
2875,Carlos,Robertson,josephcarter@yahoo.com,999,685-293-9007,2022-03-04
3509,Maria,Hernandez,portermark@gmail.com,50,141.927.6919,2025-02-10
4552,Sheila,Velez,james62@gmail.com,999,976.213.6650x382,2024-03-17
5565,Allison,Gray,nealtammy@gmail.com,90,(472)177-0751,2020-07-30
2150,Madeline,Gonzalez,kimthompson@gmail.com,-1,(840)813-4749x915,2025-05-20
8211,Richard,Cain,robert89@burch.org,-1,+1-699-008-7449x915,2022-10-17
3140,,Chen,,-1,560-344-5967x5836,not available
5489,Kristina,Simpson,calvinhickman@hotmail.com,999,861.375.5834x5728,2023-03-08
1258,Michael,Davis,danielslatoyawalsh.biz,999,465.501.5117x5750,2023-06-23
5677,Edward,Davis,thomastyler@shaw-parker.com,999,7580697525,2020-06-26
9049,Kyle,Sanchez,thomasramirez@spencer-thomas.org,-1,,2022-10-26
4322,Megan,Davis,,999,,2021-07-14
1003,Steven,Turner,jenkinstanya@morgan.com,-1,(493)715-7248,2025-01-21
9897,Kelly,,eramirez@hotmail.com,999,1602297587,2025-05-28
9090,Mark,Yates,conwaywhitney@gmail.com,999,+1-714-717-7102x8652,2024-07-16
7848,Brittany,Camacho,deanharrison@yahoo.com,999,,2021-08-25
2366,Holly,Fields,pkim@richards.info,-1,2824217754,2020-11-23
7867,Harold,Ortega,sroy@chan-diaz.com,999,3341701476,2023-03-31
5717,William,Peterson,mason37@smith-gomez.com,999,8903285153,2021-04-15
4488,Kristin,Brown,katherine35@gmail.com,-1,193-190-6290x1908,not available
3536,Dale,Schmidt,jeffreycarney@reynolds-copeland.com,58,382-104-9906x28223,2021-09-23
9610,Christopher,Tucker,johnstondaniel@maldonado-mcdonald.com,78,(328)146-6666,2020-11-13
8112,Ashley,Ramirez,kochmonica@levy.com,-1,001-373-458-9519x3238,2020-08-15
3659,Karen,Welch,xparker@avery.net,999,362-795-3383x441,2022-04-21
7617,Martha,Ibarra,carriebean@gmail.com,999,+1-122-591-3769x9981,2022-08-24
7765,Christine,Dunn,hartmanjason@hotmail.com,60,2369037491,2021-02-22
2583,Glenda,Middleton,lisamartin@brooks.com,999,605-923-6846x55914,2023-12-21
6325,Jared,Moore,vrosales@yahoo.com,999,001-224-227-5322x287,2022-05-13
5250,Michael,Bryant,david64@nielsen.com,999,(423)772-4766x81211,2025-03-18
2346,Thomas,Young,meadowslouis@hotmail.com,37,(046)471-9728x85690,not available
2533,Travis,Carroll,nicholsjason@yahoo.com,46,347-699-6850x29622,2024-03-09
6067,Christopher,Dillon,yowens@santos.com,67,828-373-6284x2124,2021-08-27
4295,Carolyn,Hardy,ykennedy@chen.net,67,105-343-9655x47252,2020-06-02
1003,Anthony,Gallegos,cassandra37@cox.com,88,001-338-697-0748x91283,not available
1790,Sarah,Johnston,leonarddavid@roy-davenport.com,-1,(537)984-0057x74538,2021-02-28
5233,Charles,,james36@yahoo.com,-1,4106779214,2023-01-11
4331,Kim,Foley,nwilson@hotmail.com,73,(941)829-6620x9591,2024-07-22
5202,Jeremy,Collins,mariaalvarez@guzman-pearson.com,-1,279.960.9765x7373,2021-09-20
4069,Jeffrey,,luisherrera@barnett.com,-1,+1-562-233-6665x780,2025-02-06
6696,Jose,Reyes,,67,(589)965-3445,2020-12-03
8195,Howard,Powell,,-1,(784)810-5592,2024-08-01
1139,Michael,King,georgeshelton@sullivan.com,-1,899.181.1677x318,not available
3211,Kayla,Barker,adrianjohnson@griffin-garrison.com,70,001-468-619-2474x95001,2020-10-22
4083,Amanda,Campbell,dmcfarlandnelson-mendoza.biz,-1,6388807024,2024-01-05
3249,Karen,Adams,taylorrebecca@gmail.com,999,064.470.8493,2021-12-17
5503,Lori,Jackson,mitchell77@moore.com,37,+1-837-677-4338x5595,2023-05-04
3200,,Gray,rshaw@pratt.com,-1,(916)413-2164x348,not available
7001,Cheryl,Vazquez,erika75@stevenson-avery.info,44,001-505-932-4603x23792,2020-10-07
9149,Alexandra,Carrillo,leah04@leon.net,74,+1-829-953-6577x4552,2021-08-25
4778,Travis,Davis,andrew52@hunter-cox.net,999,999-721-3496,2024-11-05
4805,James,Davis,,999,633.427.7038x2997,2021-11-30
8439,,Clark,julia57@walker.com,999,8644954850,2023-09-28
6340,,Richard,tpreston@garza-clements.biz,-1,388.310.1376,2023-08-25
7404,Michelle,Hayes,stephenbrown@cobb.com,999,+1-047-921-6148x494,2022-07-26
4263,Joseph,Williams,pcampbell@yahoo.com,-1,923.559.9852,not available
2493,Brendan,,,999,(208)522-2024,2020-08-25
7689,Kimberly,Smith,gscott@hubbard.com,69,001-204-068-0963,2022-06-20
8317,Jordan,Leon,dhernandez@duffy.org,999,(588)233-1481,2024-02-29
1003,Daniel,,landrydonna@gmail.com,-1,(056)657-7182x14722,not available
5061,,,carlsonkenneth@yahoo.com,999,(732)545-3691,2022-10-18
3595,Shawn,Rowe,uspencer@walker-christensen.biz,24,001-961-792-9897x611,2023-02-08
4194,,Ayala,bakerterrence@hotmail.com,999,+1-647-265-4609x16572,2021-07-22
3605,William,Jordan,lbaker@gmail.com,999,653.502.6688x415,2020-09-15
5606,,Clark,kevin25@yahoo.com,-1,6627628968,2023-03-08
4797,Anthony,Hurst,amyjohnston@cowan-smith.com,999,854-359-5777,2023-01-11
9509,David,Spencer,chaseschneider@wood-martin.com,-1,501-147-5347x7206,2022-06-27
8862,Melissa,Gray,yperry@freeman.com,54,+1-727-341-0548,2022-08-29
8809,Julie,Jones,nunezbrandy@fox-richardson.net,69,(205)330-6908,2024-05-16
7649,Christine,Roberts,eyork@arias.biz,999,(732)893-6698x074,2021-12-08
8577,Jacob,Fleming,timothychan@smith.com,61,792-115-1932x429,2022-01-01
7904,Crystal,Myers,georgeweaver@morgan.com,44,659-652-3953,2023-12-17
6489,Raymond,Rojas,aguilaroscar@lynch.com,36,+1-557-431-1362x2694,2021-02-08
4167,Susan,Carroll,perry09@yahoo.com,999,001-680-138-4032,2023-09-01
3032,Jessica,Lawson,nicoleray@gmail.com,999,,2022-10-30
6096,Katherine,,xmorgan@yahoo.com,49,001-786-906-3003x911,2021-04-22
3080,Billy,Ochoa,othompson@smith.org,48,001-592-240-1298x939,not available
9264,Lisa,Sawyer,jessica40@bell-cox.com,999,(551)782-3205,2020-07-21
9456,Joshua,Chan,zyoung@smith-dunn.biz,34,001-711-056-1217x5453,not available
4937,Jennifer,Irwin,sschaefer@yahoo.com,999,(705)543-9745x5546,2022-03-20
3588,Jonathan,Espinoza,alexander03@williams.info,69,534.814.2849,2023-07-13
9679,Laura,Hogan,daniel95@walsh.info,14,,2020-07-20
3357,Nicholas,,ricky84@gmail.com,56,+1-288-126-0563x31283,2020-10-14
6463,Margaret,Whitney,saralynch@stone.com,34,+1-355-257-3126x91213,2021-01-12
6780,Tammy,,brandon18@hotmail.com,-1,186.365.9206,2021-03-30
7291,Latasha,Mendez,thompsonmarcus@hotmail.com,999,(750)060-0177,2021-02-05
2797,Garrett,Lam,lhunt@yahoo.com,-1,6290919399,2020-10-21
2954,Suzanne,Dean,wperez@baker.com,999,001-699-591-7029x46207,2024-12-01
8213,Gabriel,Lopez,alexissmith@burke.com,20,822-549-6754x469,2025-03-22
1337,Gerald,Alvarez,robinsontracey@hotmail.com,999,,2025-02-28
1003,,Webb,michael19@jefferson-campos.biz,70,937-875-6115x544,2023-08-24
8780,Erin,Reynolds,myersanthony@hotmail.com,999,(313)328-7711x59881,2020-08-28
2802,Holly,Brewer,ijones@yahoo.com,74,419-405-9545x856,2024-06-26
1850,Lorraine,Torres,jalvarado@yahoo.com,-1,001-021-701-3672,2025-03-04
8015,Jennifer,Hester,egarcia@arnold.com,999,,2022-03-07
7304,,Jones,,999,827.643.0760x9001,2020-09-19
2589,Christine,Miller,christopherlopez@hotmail.com,-1,715.987.5424x623,2024-01-24
8227,Jeffrey,Fox,chavezjoanne@gmail.com,-1,+1-843-377-1733x4306,2021-05-23
2306,Joseph,,alexandra54@hotmail.com,11,(405)494-0318x01451,2021-10-24
9163,Claudia,,laura60@hodge-kelly.com,31,019-664-7884,2021-05-27
6169,Nicole,Keller,kellyweiss@hotmail.com,999,540.516.6131x686,2021-11-04
4108,Laura,,,18,,2024-01-14
7068,,Sloan,morrisrandy@torres.com,999,0861981503,not available
2811,,Campbell,,-1,+1-610-476-2591x79700,2023-05-02
9048,Stephen,Miller,ywilson@hotmail.com,-1,(147)927-2347x6566,not available
6499,Nancy,Li,webbmichael@yahoo.com,-1,001-042-309-6260x4020,2023-06-24
6123,Tracey,Meyer,bwilliams@hotmail.com,44,+1-722-074-4574,2022-04-08
3465,Jessica,Cruz,hbrown@hill.com,-1,053-370-0735x840,2021-09-20
6401,Paul,Hughes,,12,,2021-01-20
3255,Charles,,phillipschad@clark.com,999,(643)850-1254x3691,2025-01-12
3943,Jonathan,Rhodes,htorres@gmail.com,999,+1-906-794-8348x1403,2022-03-03
5331,Danielle,Keller,stevensantos@gmail.com,65,(083)676-5172x01110,2024-07-24
1617,Austin,Neal,fserrano@gmail.com,-1,001-942-082-3807x22390,2025-05-14
5388,Stanley,,austin42@hotmail.com,41,(266)806-0668x911,2022-02-26
8046,Sheena,Rivers,wshields@hotmail.com,-1,001-371-492-0225x6787,2020-10-14
4920,,Bean,sarah16@hall.com,54,(667)267-4580x06948,2025-03-25
6790,Martin,Moore,jaredturner@young-smith.com,999,3878539042,2024-07-12
6299,Steven,Moore,maryperkinsgmail.com,-1,199-207-4886x81272,2024-01-11
2618,Jennifer,Carson,mgreer@thomas.info,63,(335)735-1761x662,2022-12-08
4320,David,Ellison,richardsdouglas@hotmail.com,-1,+1-844-396-1723x067,2020-11-03
9664,Melanie,King,mccarthydonald@gmail.com,-1,490-292-7218,2024-05-13
4871,Jessica,Gordon,albert76@gmail.com,-1,001-528-238-7236x544,2023-03-23
6542,Joel,Yang,kayla13@hotmail.com,999,,2021-05-13
5717,Kayla,Lloyd,debrafranklin@brown-baker.biz,56,5187362092,not available
9413,Dawn,Jordan,wnichols@yahoo.com,999,178-068-6767x6571,2022-08-01
6652,Christina,Kennedy,thomaskelly@hotmail.com,999,,2023-08-27
5484,Julie,Rogers,barnesjulie@wallace.biz,999,302-792-9563x761,not available
9730,,Day,sextonandrew@hotmail.com,-1,253-270-1603,2021-10-17
3470,Timothy,Mills,tomjackson@quinn.com,999,001-973-927-4035x3967,2021-07-22
2049,Tracy,Bell,pcastillo@hotmail.com,999,(066)518-0086,2020-07-23
6846,Christopher,Perez,tcantu@yahoo.com,-1,5944320160,2021-04-08
1887,Anthony,Lucero,stephenriggs@davenport.com,27,+1-513-883-5683,2022-10-27
7007,Molly,Mckee,mary92@dunlap.com,-1,369.142.7874x09078,2024-02-27
1396,Robert,Johnston,aruiz@young.org,35,001-974-863-1882,2021-01-07
8090,James,Martin,oneilljay@wiggins.com,88,496.928.7325,2021-05-22
7854,Denise,Pierce,tarroyo@hotmail.com,999,4332562409,2020-10-18
6423,,Thomas,keith20@gmail.com,999,001-722-650-2619,2024-09-30
9519,Jason,Reyes,andrewwalker@navarro-smith.org,-1,739.187.7387x42790,2024-04-12
1338,Jeffery,Mcbride,andrew62@small.com,-1,6887369670,2021-12-22
2307,Jessica,,,42,487.659.1587x60408,2024-03-08
2607,Tina,Edwards,amybates@hotmail.com,999,4366822296,2022-09-02
2788,Daniel,Anthony,garrisondavid@taylor.com,999,9247398160,2022-11-29
6436,Richard,Clark,,-1,+1-236-551-1757x5131,2022-05-25
9921,Steven,Ramirez,,53,+1-603-774-4930x77215,2024-02-02
2671,Regina,Barnett,brodriguez@hotmail.com,-1,+1-961-663-2337x68187,2024-06-29
3698,,Bishop,leesheri@romero-duran.com,-1,928-328-3419,2024-03-28
4987,,,egarcia@yahoo.com,72,(240)566-7552,2023-11-17
6828,Michael,Gomez,stacy07@bell.info,32,+1-869-034-1920x741,2021-11-27
5714,Jeffrey,,dannyjones@collier-hampton.biz,-1,9702951482,2025-03-17
5838,Mikayla,Conley,alexander49@herman-johnston.com,999,(899)018-4692x318,2022-05-28
8365,Lynn,Chapman,sarah89@yahoo.com,-1,,2023-09-08
4236,Jennifer,Santiago,krasmussen@gmail.com,22,,2024-12-05
8024,Charles,Miller,tvazquez@yahoo.com,63,(751)865-3179x324,2024-08-06
4235,Savannah,Davenport,ijones@brennan.com,59,971-202-2536,2020-08-28
7358,Carlos,Miller,sjones@warren.com,999,001-867-788-9683x618,2020-11-04
5324,Julie,Padilla,dustincooper@yahoo.com,-1,001-808-505-4380x223,not available
8396,Michael,Smith,zwilson@brown.com,999,954-951-5367,2023-08-24
7167,Eric,Tanner,cody70@martinez-taylor.com,-1,+1-163-751-6230x75549,2023-09-07
9378,Thomas,Mathews,clarkdan@hill.com,36,+1-522-611-1990x22221,2021-04-14
2723,Ashley,Jackson,frederick01@yahoo.com,-1,000-159-7297x0706,2022-10-03
5750,David,Hobbs,mmorgan@hotmail.com,999,+1-687-907-0449,2020-08-01
2056,Joseph,Peters,ttownsend@bishop.com,-1,(237)011-7201x0373,2022-11-27
3803,Jerry,Rice,,-1,6269532946,2020-11-27
3200,William,Malone,lboyd@smith.biz,-1,6660449976,not available
9963,,Wu,,999,325.486.5057x74523,2024-03-31
8794,Marc,,rachelcox@jones.com,-1,707.652.9509x86621,not available
1003,Nancy,Mcdaniel,amy88@hotmail.com,999,(458)541-6343,2021-12-29
3777,Scott,Lopez,kburgessgaines.com,999,001-056-137-0218x57169,2023-11-15
2458,Larry,Galloway,desireestone@diaz.com,29,640-464-8658x4326,2021-11-19
7534,Donna,,jennifer88@cole.net,46,783-126-6460x70892,2024-04-03
9717,James,Cruz,zramirez@gmail.com,-1,953.258.6019,2023-08-07
4123,,Weaver,phillipjohnson@king.com,62,224.269.4962x4036,2023-03-23
9389,Jessica,Madden,joshua53@hotmail.com,999,+1-097-034-4280x686,not available
9817,John,,alicia17@yahoo.com,999,122.119.5333,2022-12-22
6096,Donna,Grant,kenneth31@hotmail.com,999,388.406.2615,2023-05-08
8633,Gwendolyn,,andreapeters@yahoo.com,-1,001-589-949-5327x26399,not available
9131,Catherine,Lee,sararobinson@williams-rogers.info,999,,2024-11-08
3924,James,Solomon,rachel22@gmail.com,-1,873.601.8285x39558,2024-10-03
9485,William,Dawson,roseadams@maxwell.org,56,+1-554-810-2275x98332,2021-04-12
3405,Evelyn,Ballard,joshua04@yahoo.com,-1,001-039-886-9127x7476,not available
7077,Dustin,Bailey,briandavis@yahoo.com,-1,575.618.0805,2023-09-02
1003,Lori,Green,blackwellronnie@woodard-garcia.net,73,(107)828-8651x310,not available
3156,Lisa,Shaw,,21,995-641-9648x1854,2022-09-20
9740,Brian,Garcia,ykirk@nolan-perez.net,74,+1-542-803-0136x3289,2022-02-12
6432,Joseph,Duffy,harrislindsay@becker-smith.com,48,547.050.6834,2024-04-10
1003,Mark,Caldwell,sydneyhicks@price.info,38,(425)225-7732,2024-06-13
3535,James,Andersen,robertsjoshua@gmail.com,79,,2020-11-27
9950,Todd,Pittman,wwatson@hotmail.com,-1,654.324.6038x08526,not available
3260,Hannah,Hill,egarcia@richards.org,15,3993143121,2022-06-04
6484,Jessica,Garcia,murphyjoseph@evans.info,999,(172)331-4227x1012,2024-02-08
3041,Deborah,George,greenealison@weber.com,999,318-915-0109x7341,2020-12-09
9410,Christina,Adams,lovejason@smith.com,-1,157-133-5663x475,2024-05-30
9862,Carl,Shaw,zjohnson@mosley.info,13,+1-815-980-5416x792,not available
8465,April,Jordan,jasmine61@cook.com,-1,469-953-1033,2024-11-22
4730,Caitlin,Hernandez,sosachristine@walker-russell.com,-1,191.997.7981,2020-10-02
5077,Jessica,Huffman,natalieramirezmason.info,-1,531.950.1279x880,not available
6396,,,sherry05@hotmail.com,999,725.027.5387x2113,2022-11-25
6094,Zachary,Evans,,-1,707.943.2920x41607,2023-12-14
3142,Amber,Owens,andrew82@waters.com,999,+1-959-363-0070x0410,2021-01-15
3572,Stephen,Page,,999,073.878.9858,2024-10-13
1970,Steven,Reed,whitemichelle@gmail.com,-1,001-557-904-1633x11351,2024-04-14
1836,Timothy,Jones,fguzman@ellis.com,-1,056-264-1940,2024-08-21
5232,Ryan,Booth,rachel15@yahoo.com,999,001-090-705-2702x870,2020-07-01
1286,Robert,,john65@blair.com,999,6115980808,2024-07-13
2334,Steven,,shannonwright@hotmail.com,-1,(757)386-9369,2022-05-15
1882,Brian,Smith,elizabethbrown@morton.org,-1,895.922.9622x2051,2022-06-01
7232,Stephanie,Thompson,jrichardson@cross-reyes.org,-1,5418685146,2020-07-20
1003,Michelle,Davenport,nkoch@gmail.com,-1,9713610522,2023-11-02
8683,Michelle,,zhammond@hotmail.com,-1,358-837-4799,2022-02-15
5455,James,Woods,nataliedougherty@gmail.com,-1,626.318.6250,2021-05-03
1283,Paul,Webb,matthewwilliamsfisher.com,-1,476.445.9438x9682,2021-10-02
1003,Christina,Baker,vharrison@gmail.com,52,+1-008-626-2210x04726,2021-05-11
7981,Joshua,Wilson,hannah83@hotmail.com,-1,001-082-043-1166x125,2023-03-25
4055,Nancy,Harper,wongtheresa@hotmail.com,999,221.590.6527x98040,2025-02-25
5258,Erika,Jones,judithshort@yahoo.com,79,001-546-196-3167,2023-03-07
1103,Scott,Williams,,999,(830)084-0114,not available
9945,,,millermichael@gonzalez.com,86,(141)844-6815x7309,2022-10-03
8501,John,,aaron25@paul-medina.info,999,001-404-836-2837x84875,2022-08-13
7069,Justin,Russo,kim95@yahoo.com,999,297.341.8517,2022-11-10
2086,Joseph,Ross,cruzamy@hotmail.com,43,001-489-654-2413x87828,2024-08-21
9163,Samuel,Ward,potterandrew@hotmail.com,79,(466)111-7749x06964,2025-02-23
4833,Ian,,edwarddodson@taylor.biz,-1,001-455-288-4648x60369,not available
4344,Stephanie,Gonzalez,jacksonmark@smith.net,999,001-620-503-5479,not available
3621,,Lyons,zharris@jones.com,-1,+1-887-614-5204x65961,2024-09-29
8867,Austin,,jmoran@yahoo.com,999,(280)612-1954x036,2020-11-17
2712,Jeremiah,Gutierrez,alexanderjon@roberts.info,-1,785-597-0139x7952,2021-05-09
9108,Stephen,Mills,,-1,(937)557-4782x522,not available
8080,,,browncourtney@reynolds.biz,58,788.758.5046,2021-11-01
4248,Michael,Nelson,corey33@yahoo.com,999,+1-235-583-2443,2025-05-08
7852,Samantha,Brown,colemankaren@yahoo.com,36,445.709.5129,2022-04-23
6811,Natasha,Barnes,lindseysteven@yahoo.com,999,610-159-2598,not available
7740,,Alvarez,jcohen@hughes-lopez.net,999,001-472-615-4717x96992,2024-07-20
7250,Justin,Barnett,lprice@hoffman.net,999,382-214-9158x4309,2020-09-03
7326,Austin,Bryant,lzimmerman@hotmail.com,999,336-929-7604x50371,2023-05-02
7136,,,pconway@yahoo.com,-1,335-855-9579x2238,2022-08-09
6195,Wendy,Long,bcoleman@hall.info,34,0452684709,2021-10-05
7631,Brittany,,dsims@gmail.com,-1,938.425.6135x44698,not available
1003,Jennifer,Shelton,amandabooth@yahoo.com,10,,2025-02-04
6073,Jonathan,Perez,,999,645-909-9967x852,2022-09-21
7551,Charles,Brennan,vrobinson@drake.com,999,001-010-829-9471x8007,not available
1427,David,Ali,dukejessica@hotmail.com,999,(240)182-2473,2023-04-10
8388,Jessica,Ramirez,shari23@yahoo.com,999,(794)947-9240x874,2024-12-09
7788,Heather,Morgan,perryjoshua@davis.com,33,4193420234,2020-11-27
4172,,,smithwilliam@gmail.com,999,107.987.1322x8842,not available
6373,Matthew,Hernandez,patrickcook@bell-serrano.com,999,(315)187-0107x0689,2022-01-06
5786,Jessica,Klein,nvance@yahoo.com,999,460.324.5653x45627,2022-10-17
7509,Michael,Hess,james14farrell.org,-1,001-167-669-4458x930,2024-11-18
5447,Scott,,jcontreras@wilkinson.com,74,(448)151-7175x59540,2023-05-09
4562,Victoria,Hall,robertsimmons@harrison.com,999,,2023-05-07
5317,Shelby,Pacheco,kristine54@yahoo.com,59,711-764-6199x8032,2024-08-17
3176,Sean,Jackson,edward58@alvarez-garner.biz,999,001-271-024-9070x55591,not available
4602,Daniel,Pena,abigailprice@adams.com,35,540-524-1953x26473,2021-10-16
7912,Brittany,Wright,jenkinsbrandon@rodriguez-shepherd.com,-1,+1-896-261-4593x82983,2020-07-25
9306,Emily,Rose,omaynard@yahoo.com,12,568.641.6108,not available
9164,Mckenzie,Sellers,kelly14@gallegos-hill.com,999,(426)651-5570x59243,2023-05-19
3347,Joshua,Morris,bill70@palmer-jones.net,-1,619-332-4371x518,2022-02-12
8481,Yolanda,Eaton,kim08@gmail.com,999,7898991658,2024-12-07
9442,Justin,Odonnell,elizabeth58@miles.com,-1,+1-000-382-8378x844,2023-05-07
8318,Amy,,catherine04@bailey.com,80,(774)088-4787,2023-12-25
6711,Keith,Conley,bklein@gmail.com,999,001-115-842-7761x50016,2024-01-10
3296,,Donaldson,ryan03@hotmail.com,79,819.780.6506x14449,2023-12-19
2684,Thomas,,ojohnson@wagner.com,999,020.152.4554x5683,2023-03-01
4000,Kristen,Lindsey,,51,+1-153-447-0593x15135,2025-03-17
5664,Angelica,Davila,valerie61@gmail.com,999,453-870-4028x370,2024-08-10
6666,Connor,Kelly,tsparks@gmail.com,30,618-968-5529x6684,2024-12-30
6849,John,Ortiz,stephanierobinson@gmail.com,-1,582.968.1580x3928,2023-09-21
6729,,Brown,frank78@green.com,71,809.104.8851x462,2021-11-30
2551,Matthew,Davies,sbrown@hotmail.com,999,,2020-12-13
7394,William,Cummings,dawsonchristopher@gmail.com,-1,+1-665-239-3000x24461,not available
6660,Julia,Allen,lwilliams@hotmail.com,999,339-056-3743,2024-04-08
1260,Marcus,Murphy,zachary76@webb.com,999,897-327-4450x5360,2025-04-19
6792,Carrie,Hawkins,jonathan43@simon.com,53,589.945.3338x0127,2024-10-31
5935,Phillip,Freeman,jason52@li-cook.net,-1,621-332-8983,2021-02-11
1003,Jason,,elizabeth19@parsons-walsh.com,38,001-609-838-9881x115,2021-11-10
3488,Nicholas,Smith,christopherluna@yahoo.com,999,,2023-12-19
5182,John,Gardner,jessica03@hotmail.com,999,888.982.0366x16542,2020-11-06
3270,Eric,Jackson,dennis92@gmail.com,-1,5115204968,2022-03-08
2569,David,Hill,timothy60@gmail.com,999,+1-034-462-8170x3828,2023-11-06
1681,Tara,Green,torresbrad@johnson-santana.com,-1,(606)024-8068x9687,2024-02-14
1260,Bryan,Jackson,gabrielross@garcia.com,-1,(734)830-2952x5004,2023-12-14
5993,Patrick,Wagner,jacksonanna@miller.org,55,7142968403,2023-12-03
3291,Jesse,Jackson,mbrennan@yahoo.com,47,7185062373,2022-01-10
1883,Rebecca,Lambert,,40,(086)499-9604x6738,2020-12-14
7279,Mark,Harrington,jeffrey80@yahoo.com,999,605-838-9577,2024-08-13
6000,Ashley,Ingram,teresamoore@yahoo.com,47,362.168.6698,2022-02-15
2331,Christopher,Mitchell,raven98@chapman.net,-1,(281)255-6497x0282,2023-08-08
2236,Derrick,Young,ashleysharp@phillips-vasquez.biz,-1,+1-833-516-1183x4813,2021-02-13
9666,David,,usmith@diaz.com,999,,2022-03-26
1063,Eric,Gardner,koliver@yahoo.com,78,001-920-016-5813x8924,2024-01-23
1783,Gary,Bridges,youngrebecca@gmail.com,22,+1-257-518-4460x5336,2020-10-23
4574,Martin,Mclean,angelicapattongmail.com,82,(886)675-5578x318,not available
5469,,Vargas,wonganna@hotmail.com,-1,(971)988-6294x47312,2023-11-03
1031,Richard,Lane,nschroeder@holden.com,19,,2022-12-14
6527,Jeffrey,Roth,twest@robertson-murphy.com,999,(230)717-4844,2021-08-31
4013,Linda,Jackson,ejacobs@davis-hall.com,999,001-515-663-5391x484,2024-06-15
9030,Michael,Guzman,pennywalker@yahoo.com,-1,+1-924-512-8835x6305,2021-12-26
3456,Roy,Brown,kellernicholasmarsh.com,-1,,2020-06-10
7176,Amanda,Bowen,garcianatasha@hamilton.com,-1,448.848.1452x77455,2024-04-29
3716,Todd,Miller,terrellchristina@hotmail.com,-1,+1-349-829-6986,2022-11-07
4352,Rhonda,Fry,joel81@yahoo.com,999,,2022-12-09
2343,Theresa,Vega,christina19@white-ward.org,-1,(704)916-0741x5404,2021-05-03
7990,Debbie,Morris,thomaswillis@hotmail.com,-1,+1-509-280-3862x4361,2023-02-14
6123,Brian,Garcia,xthompson@gmail.com,50,051.985.0062x74159,2023-05-29
6669,Howard,Robertson,ellisnicole@alexander-rodriguez.biz,-1,899-500-4750x7492,2021-01-27
3561,Jonathan,Wang,kyle15@gmail.com,64,(701)977-0143,2020-11-30
4500,Courtney,,vallen@yahoo.com,-1,(787)907-6212x3536,2023-05-11
2791,Amanda,Farrell,,999,001-910-769-5741x835,2023-10-20
6427,Cheryl,Bradley,rmoss@griffith.com,61,(949)579-9918,2022-01-31
8975,Kimberly,,hernandezadam@yoder.com,999,(372)721-4596,2020-12-07
2620,Rebecca,Gentry,jhiggins@stephens.com,-1,,not available
6685,Grace,Caldwell,mmurray@cox.info,-1,523.842.1633x46923,2023-01-24
9124,Shannon,Smith,juliemarsh@rodriguez.com,999,+1-690-503-4207x1107,2022-07-21
6898,Jennifer,Wiley,qlee@yahoo.com,51,+1-331-643-8621x2974,2020-06-13
2390,Andrew,Foster,ryancuevas@robinson.com,58,082.255.5983,2024-08-31
7880,,Vaughn,,999,+1-569-526-0792x110,2023-09-15
8788,Jill,,joshuamartinez@hotmail.com,-1,999-138-2108,not available
3883,Jessica,Woods,,-1,,not available
6646,Daniel,Ryan,,11,,2023-07-10
6672,Donna,Powell,jacquelinebarr@cain-ross.com,-1,880.312.7684,2022-03-20
5314,Brandi,Lopez,iyoung@hotmail.com,38,337.402.0613x4948,2022-01-15
1820,Jennifer,Johnson,marklee@brown-massey.com,51,243.386.5028,2023-01-25
7951,Ashley,Anderson,zcruz@barnes-casey.info,67,+1-284-395-8456,2023-12-11
4556,Dana,,nhowell@gonzalez-fox.com,32,+1-403-533-8882x3103,2025-02-17
9720,Sue,Johnson,fjames@hotmail.com,999,(425)570-9608x531,2024-02-04
4132,,Jones,susansawyer@taylor.biz,999,(893)706-9539,not available
5885,,Bradford,churchleah@haynes.com,-1,410-985-8998x573,2025-03-13
3040,Heather,Pope,hcarter@yahoo.com,26,579.819.6831x5460,2023-01-07
7155,Laura,Gray,anna12@patterson-meyer.com,999,542.779.4890,2023-09-16
4387,Holly,Haney,leelaurie@espinoza.com,79,(348)192-3049,2021-05-15
6948,David,Phillips,xross@yahoo.com,999,,2020-08-22
7918,Stephanie,Huff,,-1,3867172155,2023-09-12
8175,Erika,Jacobs,martinezjesse@greene.org,52,001-645-185-1117x65034,2024-02-07
9244,Melinda,,nthompson@gmail.com,66,001-283-064-7596x78927,not available
7384,Shawn,Smith,robert91@elliott.net,12,203-463-7299,2020-06-15
8409,Patricia,Long,curryandrea@lee-flynn.com,-1,9358331203,2024-03-24
1693,Bradley,Smith,sierrataylor@hurst.net,85,8174305556,2021-04-11
2643,Willie,Smith,brianmanning@yahoo.com,999,(132)912-7670,2022-01-30
4012,Michael,Vasquez,millercarolyn@hotmail.com,-1,747-665-2872x40467,2023-02-14
7581,Renee,Martinez,zgates@kent-taylor.com,63,(863)143-0207,2020-10-15
1941,,Moore,michelle89@mitchell-cruz.com,-1,860-506-2111x3308,2023-01-18
2116,Laura,Hobbs,kcruz@yahoo.com,67,605.452.7090x0606,2020-08-11
6259,Paul,Scott,,21,,2022-04-07
6600,Tamara,Paul,keith10beard.com,83,+1-069-011-4229,2022-08-19
4703,Ricky,Hernandez,james10@hotmail.com,38,817-960-2848x862,2022-03-06
7359,Wendy,Barker,christy34@gmail.com,-1,,2021-07-15
1003,Maria,James,christinaporter@christian-norton.org,999,825.628.1271,2023-01-01
3352,Eric,Johns,annweiss@mckee.com,83,(411)921-7936x92459,2022-09-05
8148,Katherine,Harris,velasquezronald@gmail.com,14,(844)756-0651,2020-10-20
1165,Jonathan,Lee,ashleynorman@ortiz.info,68,,2024-03-28
9591,Mary,Fox,jonesdanielle@jarvis.com,-1,261.329.2080,not available
5022,Yolanda,Smith,jeremy88@carter.com,999,835.753.9703,2022-08-11
9853,William,Morgan,jerrythompson@yahoo.com,-1,170-516-3954,2021-10-14
3826,Roger,Yates,willie68@patel-hernandez.com,-1,,2021-03-17
7951,Bradley,Hendricks,holmesthomas@henderson.org,-1,453-614-7591,2025-05-02
6575,Connie,Bender,,-1,+1-279-460-8202x867,2023-09-22
5589,Lauren,Steele,griffinkathy@hotmail.com,47,,2024-07-30
2826,Desiree,Bates,josephcunningham@buchanan-coleman.net,-1,+1-306-632-7448x20164,2022-05-06
5608,Maria,Bush,brittanyellison@rodriguez-brown.net,-1,(484)835-0007x93759,2023-01-14
7198,Robert,Wilson,,999,,2022-09-09
7954,Roger,,william17@gmail.com,999,001-030-243-7769x5068,2023-11-08
7365,Jillian,Price,madeline63@hotmail.com,-1,+1-709-255-8684x840,not available
7087,,Lynn,armstrongjoel@hotmail.com,-1,+1-693-196-9272,2021-03-15
7756,Jodi,Fletcher,ffoster@gmail.com,-1,190-230-6640x18845,2020-11-09
8482,Kevin,Callahan,murphylinda@hotmail.com,43,846.073.7873,2021-11-19
3796,Wesley,Nielsen,vpoolegmail.com,56,001-743-010-5439x709,2023-05-12
2256,James,Lopez,thomascorey@yahoo.com,13,001-118-227-8261x51752,2020-08-09
6744,Jeffery,Edwards,jessica08@gmail.com,11,(458)950-6572,not available
5119,Jay,Vargas,gregoryreeves@hotmail.com,-1,001-388-863-4141,2025-04-15
9903,Cheryl,Miller,madisonwilliams@gonzalez.com,76,(936)384-4194,2023-05-06
6000,Angela,,craig78@nunez-boyle.com,-1,+1-677-971-2833,2024-04-13
1512,Jesus,Brown,colemanjeffrey@gmail.com,28,+1-702-044-1047,2021-10-07
5133,Laura,Burns,floresdonna@lee-smith.biz,999,001-337-228-0619,2022-01-27
4453,Roberta,Miles,juliastewart@gmail.com,999,,2022-12-16
8716,Tiffany,Owens,david62@carter.com,999,,2021-11-10
2038,,,miranda36@yahoo.com,33,(278)003-9712x666,2023-06-07
8440,,Massey,fitzgeraldlauren@jenkins.biz,999,624-793-1133x7010,not available
8835,Tina,Benjamin,brianmiller@lindsey.com,999,3219155516,not available
6335,Rhonda,Vasquez,kevin97@gmail.com,-1,(204)519-5310x561,2024-10-16
4229,John,Golden,christopher72@evans-moran.info,999,771-831-5228x29131,2020-06-13
4875,Nicholas,Whitehead,vjohnson@hotmail.com,21,197.490.8318,2025-04-03
1791,Brooke,Davis,kimberlythompson@ramirez-lee.com,-1,0982590225,not available
3069,Jennifer,Anthony,rodriguezchristina@chen.com,44,308.394.8559,2024-06-27
2082,Cesar,Marshall,ymitchell@ford.org,999,+1-830-244-2222x6699,2020-06-12
1648,Katelyn,Armstrong,xberry@goodwin.info,999,,2021-02-27
5638,Richard,Johnson,petersenstacie@yahoo.com,-1,081.940.2291x564,2024-11-03
4923,Michael,Ferguson,mruiz@roy-ray.com,999,327.868.4374,2020-08-28
9634,Antonio,,jamesmatthews@reed.org,999,2403051565,2021-04-26
8461,Elizabeth,Simmons,tylerfreeman@gmail.com,-1,+1-644-122-9910x2568,2022-01-15
4625,Anthony,Payne,lmiller@hernandez.net,57,(439)829-7809x474,not available
2392,Aaron,Williams,dalton63@yahoo.com,56,,not available
1003,Andrea,,michael17@gmail.com,999,001-330-768-9734,2021-01-30
3179,,Middleton,blake58@gmail.com,70,9411167391,2020-09-18
5669,Benjamin,Ramos,savannahwhitehead@gmail.com,-1,(903)779-1135x7792,2023-04-17
2064,Natasha,Hudson,turneralexis@hotmail.com,-1,(376)075-6482x772,2022-02-01
9481,Sherry,Mullen,sheri26@yahoo.com,-1,(634)503-4328,2020-09-30
2584,Jonathon,Little,wparker@hansen.com,-1,+1-101-369-9412,2020-11-16
5715,Laura,Phillips,heatherrodriguez@yahoo.com,-1,913-420-4591,2021-10-26
3410,Janice,Clay,,61,(244)797-3376x72551,2021-08-07
9000,,Bryant,jessicascott@austin-wilson.net,-1,001-973-905-5085x46902,2021-12-03
1360,Natalie,Hickman,olivia73@rodriguez.com,999,(880)294-1387,2022-06-10
7893,Brittney,Murphy,roger15@hotmail.com,-1,(203)121-2489,2023-12-14
7176,Ronald,Sloan,henrymichael@thornton.info,999,(600)990-9718x17064,2020-12-21
1452,Amanda,West,julieduncanyahoo.com,-1,,2022-09-16
3991,Jillian,Wright,bestdavid@hawkins.com,43,(179)843-7804,2024-09-02
9636,Susan,Williams,hannahjames@hotmail.com,999,+1-505-820-2896x1552,2020-11-12
7766,Anthony,Tucker,tylerrichards@hotmail.com,-1,330.167.5484,2022-03-03
1003,Gabriela,Robertson,qmurray@perez-shea.biz,-1,8047849160,2024-07-03
3472,Robert,Owen,,49,1864174779,2021-04-18
6777,Elizabeth,Lopez,nscottchavez-bennett.com,-1,(777)057-2002x10525,not available
5244,Lisa,Gay,,999,(624)035-7752,2021-06-02
9075,Cynthia,,christophermadden@hotmail.com,17,393-932-9424x03558,2021-01-05
5464,Teresa,,,67,,2025-02-18
9447,Adam,Moreno,eharris@holder.biz,-1,588.938.3685x031,2024-10-11
7943,Micheal,Tran,mburns@gmail.com,999,(604)609-4891x16337,2025-05-15
7463,Laurie,,ashley97@turner.com,-1,(497)045-4673,2023-02-07
8506,Russell,Wallace,sanchezmelinda@yahoo.com,-1,+1-836-706-3101,2024-01-12
9361,Scott,Johnson,rangelpaul@martin.info,-1,,2024-05-08
3708,Curtis,Blake,kathleen92@yahoo.com,-1,+1-156-158-4045x743,2022-04-25
8674,Michelle,Hammond,,54,455.014.9933x1396,2025-02-09
5141,Charles,Greene,vbrown@yahoo.com,67,001-504-639-1971,2025-01-08
9041,Brenda,Brown,wesleyhaynes@hill-skinner.com,-1,7977769083,2022-02-24
1003,Robert,Rodriguez,garciatyrone@hotmail.com,55,(227)998-3579x6684,2025-01-08
6459,Melissa,Johnson,shelby42@allen.com,69,547.047.7257x205,2024-11-04
4347,Lori,Jones,jason96@clay.org,-1,692.639.5061x3380,2020-11-29
7554,Rhonda,White,mortega@hotmail.com,30,916-574-4002x90425,not available
3404,Mark,Moreno,kelly32@goodwin.info,-1,,not available
3782,David,,markknox@sharp-cunningham.com,999,252-375-8704x287,not available
9008,Jennifer,Parker,,-1,,2023-07-12
4998,Brenda,Cantu,smithtimothy@jenkins.biz,74,001-201-295-4145x96607,2022-08-28
9598,Christine,Smith,piercecarol@hotmail.com,-1,+1-766-217-4209,2021-01-03
6432,James,Porter,philip39@gmail.com,-1,2964588414,2021-07-17
3354,Daniel,Buchanan,mjones@alvarez.com,999,6609087974,2021-07-10
1003,Joseph,Mcneil,ohart@hotmail.com,-1,065.121.9616x5168,2023-05-21
5118,Mitchell,Thompson,tabitha49@mcclure-gonzales.net,-1,001-450-260-1313,2022-04-05
7080,Carlos,Wagner,hgay@short.net,17,216-033-8980,2023-07-07
3035,Diane,Alexander,wgordon@gmail.com,-1,313.816.3115,not available
5108,Kimberly,Burnett,summersjonathan@munoz.info,999,,2023-04-29
9655,Alyssa,Wright,laura24@sims.com,999,699-419-1231x250,2021-11-04
2391,Eric,Kim,wbowman@hill-gates.com,59,,2022-02-19
1003,Kristina,Tran,achavez@hotmail.com,999,436.776.2867,2021-02-11
8016,Alex,Holmes,,51,9766241523,2021-05-25
1003,George,Bradley,joshua28@yahoo.com,999,441.100.9289,2020-07-03
1418,Stephen,Webb,benderwilliam@gmail.com,25,127-690-8698x512,2022-12-13
1033,Kristin,Espinoza,brandonbell@garcia.com,-1,+1-477-793-9822x8534,2023-12-09
6342,Nathan,,nicholas88@warner.org,17,001-985-465-4009x7309,2022-11-09
7674,,Rios,wilsonkristen@leon.com,999,+1-050-976-4412,2023-01-11
3963,Sara,Carroll,medinapatricia@hotmail.com,-1,,not available
4619,William,Benton,eric52@hotmail.com,47,059-839-2524,2022-08-13
3626,Randall,Hernandez,kevinmullen@hotmail.com,37,(884)745-6771,not available
6812,Christopher,Benitez,michele11gonzales-hall.info,999,943.632.2116x8353,2024-03-27
7437,James,Cummings,yreed@turner.org,-1,+1-876-249-3377,2025-05-29
1003,,Monroe,deleoncarrie@hoffman-marquez.net,73,3752723466,2021-10-27
6940,Ernest,Barnett,nicholas99@yahoo.com,-1,156-962-8172,not available
1003,Dawn,Russell,kjames@hotmail.com,15,001-360-730-0230x261,2022-03-20
5169,Christopher,Wolfe,zhall@yahoo.com,25,,2022-01-07
5795,Megan,Blanchard,sheliadavis@cordova.com,66,534-370-4310,2025-02-12
4895,Ryan,Smith,haleyjohn@zhang.com,88,+1-652-148-1509x1367,2023-02-04
3562,Jason,Taylor,stevenmunoz@fitzgerald.com,-1,+1-430-784-0673x5114,2022-02-18
3082,William,,hollysandoval@yahoo.com,33,318-392-5219,2021-08-12
9537,Kathleen,Erickson,dustin99@hotmail.com,27,256.910.3076,2021-12-10
3680,Justin,Roberts,guerrerofrancisco@joyce-tanner.org,-1,001-730-004-7092x6995,2025-02-06
9980,,Patel,melissa14@gmail.com,999,+1-082-236-9220x580,2023-09-06
5282,,Richmond,maria80@gmail.com,67,9606482951,2020-06-29
5681,,Velez,candice65@hotmail.com,24,001-251-170-4693x38549,2023-02-14
5728,Susan,Peters,jason54@dunlap.net,-1,001-770-150-6509x03645,2021-10-01
1003,Tracy,,robertsonsuzanne@rice-shaw.com,78,001-210-496-0801,2024-12-14
5067,Charles,Murphy,ericvillanueva@gmail.com,-1,(529)413-6845x9591,2020-10-20
4266,Tracy,Woodward,seanbrown@yahoo.com,-1,217-269-6191x2118,2020-07-15
1003,Gloria,Kelly,justin32@suarez-bautista.org,999,,2021-02-25
2074,Heather,,qrodgers@frye.com,999,5342339619,2023-03-06
1389,David,Perez,carpentersarah@kelly.biz,-1,429.513.3240,not available
1003,Christina,,alexis96@harris.net,-1,(003)579-2791,2024-12-26
3484,Jason,White,stephanie03@hotmail.com,15,(158)817-4783x51229,2022-10-18
4674,Franklin,Hamilton,christinestone@gmail.com,25,114.353.7963x43156,2024-01-07
6120,Timothy,Baker,scottkristin@gmail.com,23,,2024-04-17
1052,Heather,Brown,fbarnett@myers.net,999,+1-732-457-8927x45491,2024-12-14
1904,Sandra,Anderson,shellyryan@yahoo.com,999,,2022-02-22
3427,Travis,,cvang@lawrence-bishop.com,999,(084)921-4574x7042,2022-11-06
1003,Matthew,Bell,stoneraymond@gmail.com,-1,(798)984-9884x20483,2020-10-14
9020,Cynthia,Brooks,robin99@jackson-kemp.com,999,245.770.8516x16157,2023-11-22
2208,Danielle,Lee,,-1,204-423-5474x3068,2023-12-01
4478,Jessica,Russell,vherrera@ortiz.net,999,905-077-5340x3563,not available
7346,Amber,Lee,murillobrooke@gmail.com,-1,757-248-2728,2022-03-12
8552,Ronald,Hensley,blackbobby@wheeler.org,999,,2020-12-24
4877,Bryce,Hogan,brianrodriguezgmail.com,19,+1-404-011-8594x95264,2022-08-31
6541,Emily,Smith,robertmiranda@jackson.info,999,415.502.5605,2024-05-27
9525,Parker,Scott,elizabeth82@greene-thomas.biz,-1,(592)307-1032,2023-04-25
1668,Ashley,Hawkins,ericliu@yahoo.com,999,112-198-3575,2021-06-27
1803,Charles,Allen,ashleyjoseph@schwartz.org,999,001-219-211-2567,2021-08-07
8447,,Wright,jpotter@yahoo.com,41,+1-508-304-6229x338,2023-07-22
6762,Jason,Frederick,rileyapril@patel.net,-1,001-010-496-6683x101,2024-10-08
9504,Brenda,Gonzales,,41,822-451-5720x458,2022-09-14
7294,Laura,Wilson,yayers@grant.com,50,(762)371-5290x027,2021-04-23
3467,Roy,Salazar,cartercharles@yahoo.com,-1,+1-040-774-8462x482,2023-10-21
7393,Matthew,,,11,+1-318-076-2385,2024-02-21
9951,Dana,Hill,oweaver@gmail.com,-1,+1-078-997-6321,2024-03-18
7560,Robert,Hill,evanssamantha@white-wright.com,19,+1-951-003-3686x37442,2024-11-11
2848,Mary,Vincent,rebecca52@gmail.com,72,843.666.6456x53949,2022-06-15
9458,Jason,Contreras,galvantamaragmail.com,64,(951)260-6426x98573,2023-09-27
6111,Elizabeth,Cobb,rachelstuart@matthews.net,37,199.697.7141x67540,2022-05-06
4767,Alyssa,Johnston,annaquinn@gmail.com,18,001-231-741-7431x061,2021-06-19
3458,Shane,,smorales@yates-young.com,28,+1-931-637-5829x3719,2022-01-09
2097,Shawn,Cook,erickelly@sanders.com,38,,2021-05-11
4792,Eric,Decker,caitlin98hotmail.com,33,270-458-0765x333,2021-05-29
3319,Daniel,Garcia,fitzpatrickalexandria@clark-skinner.com,999,818-583-6938x766,2023-10-30
2955,,Evans,mikejones@bates.info,999,666.901.8150,2022-11-08
3551,Caleb,Lowery,higginsmichael@washington.com,88,(193)692-9982,2022-08-04
1414,Francisco,Johnson,joseph01mccarty.biz,16,001-087-311-2303x55274,2022-05-28
5519,Zachary,Chapman,danielperezgmail.com,-1,741.328.7417,2025-04-13
1003,,Mcclure,matthewwilkerson@nguyen-cunningham.com,999,001-022-437-6610x972,2024-01-06
1539,John,Gallagher,wintersdiane@hotmail.com,67,370-163-6907,2020-07-21
7703,Stephen,Johnston,xsmith@hotmail.com,999,,2024-06-13
1860,,Carney,angelaperry@yahoo.com,-1,+1-322-077-4587x968,2022-05-18
1451,Cynthia,Rodriguez,brucebrown@hotmail.com,56,+1-923-697-6311x503,2023-10-13
2179,Wendy,Rodriguez,,-1,+1-548-233-1122x85806,2021-07-16
6628,,Welch,monicarasmussen@gmail.com,999,,2022-08-15
1497,Amy,Bowman,frostsara@gmail.com,999,752-021-1194,2023-06-14
9854,Amber,Rangel,,16,001-168-945-5991x790,2020-10-16
1540,Jon,Ortiz,williamsanthonyyates.com,999,749-084-1704x15324,2021-12-11
7748,Jason,Miller,kenneth66@gmail.com,87,087-803-3767,2020-12-04
6798,Brandi,Ross,mendezjennifer@jones.com,999,032-064-9085,2024-10-28
6131,,Dillon,omar43@duffy.com,66,+1-870-373-6760,2025-06-02
4959,,Moore,chelsea56@yahoo.com,999,+1-466-270-2700x27647,2024-02-18
7157,Jordan,Li,patricia80@yahoo.com,75,285-500-6563x578,2020-12-24
7367,Mike,,,-1,,2020-10-02
5653,Mark,Garcia,jeffrey68@yahoo.com,73,661-503-4160,2022-05-07
7414,Michael,Neal,christopher37@hotmail.com,50,223-515-3487,not available
9698,Kathleen,Strong,,71,467.775.4297,2021-10-04
3822,Crystal,Benson,jacqueline24@wallace.net,-1,001-681-026-9685x855,2022-03-10
9349,Lindsay,Parker,ricejeffrey@brock-brown.com,999,,2023-01-14
1270,Jason,Johnson,ryanmisty@marshall.com,16,676-372-8652x029,2022-01-06
6238,Julia,Garcia,ddanielshotmail.com,75,+1-064-826-4309,2020-06-04
9550,Andrew,Porter,andrewritter@gmail.com,-1,001-197-463-6993x1882,not available
6867,Tiffany,Miles,richmichael@hotmail.com,999,0763068456,2025-05-04
8954,Stephen,Moran,kingjeff@gmail.com,23,112-327-6709,2023-12-26
8607,Laura,Ellis,fowlerellen@gmail.com,999,,2022-09-10
2315,Victoria,,bcherry@marquez-mccormick.com,999,(294)669-5233,2022-02-19
9197,Tara,Scott,,-1,(205)281-4934x4560,2021-06-07
2260,Elizabeth,Rice,jgreene@pena.com,-1,+1-833-729-5381,not available
7861,Rebecca,Gonzalez,schmittjustin@yahoo.com,999,188-439-7384,2025-04-18
2185,Jean,Barrett,sbrown@yahoo.com,-1,001-923-101-7019x64981,not available
4153,Jared,Peterson,nathan44@hotmail.com,-1,(973)020-9516,2020-07-02
5605,,Woods,yolandacruzgoodwin.com,999,533.899.9842x332,2024-07-03
6453,,Sullivan,kevin98@leon.com,21,161.965.6574x2453,2022-02-26
2706,Pamela,Brown,oedwards@anthony-tucker.info,999,3108759067,2024-04-13
2063,Timothy,Thomas,xmendez@silva-ross.com,10,(832)528-0902,2023-08-13
7145,Meredith,Lewis,nharvey@randall.com,88,556-068-9641,2025-02-14
1003,Kathleen,Torres,lovealexander@evans.net,26,(150)950-4274x993,2024-01-27
2581,Nicole,Davis,molinaian@gmail.com,999,912.233.8476x47602,not available
5528,Heather,Carlson,brownpatriciagmail.com,999,+1-166-094-4852x44881,2023-05-19
2677,Katie,Hartman,geoffrey14@hotmail.com,999,492.880.9345x2279,2020-12-07
8833,Michael,Gill,mmurillo@yahoo.com,-1,(698)512-6430,2023-06-24
6320,Jack,Kirby,tammy85@reed.org,20,,2023-09-25
4245,Amanda,,dvilla@reese.com,31,+1-265-695-0476,2023-09-11
3781,Tanya,Barber,vaughnvictoria@yahoo.com,999,(644)603-2078x224,2021-09-11
1607,John,Perez,bgray@nguyen.com,999,(815)408-1220x7831,2024-10-26
6022,Stephanie,Boyd,michael67@gmail.com,63,+1-057-978-0835x09168,2024-08-10
1576,,Jordan,cphillips@payne-wolfe.com,-1,(331)689-9490,2021-10-20
2658,Edwin,Taylor,megan68@olson.net,-1,+1-534-670-3464x5313,2024-07-08
2869,Emily,Jones,johnathan50@hudson.com,53,,2021-04-17
3712,Ashley,Ramos,kevinbrown@jimenez.com,999,788-748-8884x97291,2022-10-26
2654,,Gonzalez,justinmurray@casey-smith.com,78,,2021-12-15
6501,Bryan,Herman,brittanyhernandez@hotmail.com,-1,794.748.4051,2021-08-31
1800,Jesus,Patel,jbryantyahoo.com,999,(314)605-3920x31308,not available
5302,Sarah,Mendez,jamie73@gmail.com,999,001-150-522-0438x86425,2023-03-01
9505,Carl,Douglas,mark97@vazquez-galloway.biz,999,,2023-06-22
5290,Trevor,Lewis,william73@yahoo.com,-1,,2024-01-05
4078,Diane,Maddox,owood@hunter.com,-1,+1-581-897-4477x4426,2022-06-19
7757,Kathleen,Taylor,miranda73@gmail.com,56,599-212-7321,2022-01-24
5915,Crystal,Hudson,pwilson@hotmail.com,-1,,not available
6687,Kayla,Dawson,adrianrush@yahoo.com,999,(630)149-3533x83803,2023-02-13
4603,Allen,Myers,allenemma@hotmail.com,23,953.286.5103,2023-04-06
3713,Marilyn,Hudson,dwilson@hotmail.com,-1,3286969329,2023-06-28
1856,Alexa,Johnson,powellryan@hotmail.com,999,849-983-9227,2022-01-14
5119,Katherine,,lmyers@yahoo.com,31,122.214.0095,not available
4717,Rita,Martinez,isaiah18@rogers-williams.com,82,267-814-6209,2023-09-11
8239,Brittany,Townsend,meagan22@gmail.com,59,(764)849-4911x5239,2021-06-22
5454,Matthew,,meyerchristina@gmail.com,-1,600.918.0644x0451,not available
4121,Angela,Arnold,ericksonjoseph@gmail.com,-1,,2020-09-09
8365,Juan,Long,audreyjarvis@gmail.com,999,,2023-03-21
1053,Michael,Wilkins,,15,+1-448-064-0906x9968,2022-11-15
1003,David,Ramsey,,-1,001-261-077-6491,2020-07-02
2399,Kathryn,Brown,hbrooks@lopez.com,-1,594-986-1198x113,2021-06-07
8337,Marissa,Lewis,oanderson@hotmail.com,999,001-355-057-3571x8070,2023-06-30
2492,Amber,Mcintosh,hbailey@gmail.com,80,,2021-05-29
1736,James,Cruz,kbrown@gmail.com,75,,2023-10-02
9423,Alyssa,Cooper,megan45@smith-ruiz.com,19,939.577.5340x2145,2021-12-10
6396,Eric,Mullins,jacqueline39@haney-martin.com,-1,(450)066-3719,2022-03-10
1112,Kevin,,ewallace@turner.com,999,950.805.3585,2021-05-03
9812,Anne,Bates,suzannemathews@ortiz.com,-1,772-514-8571,2023-03-27
4199,Sharon,Smith,james00@johnson.info,-1,+1-944-818-8787x39017,2024-03-03
1799,Bryan,Ortiz,khunter@hotmail.com,999,(879)106-6732,2022-07-03
1497,Amber,Medina,iholmes@orozco.com,54,001-810-853-6068,2025-03-16
2332,Christian,Riley,michaelcarter@clark.net,77,,2024-06-10
8287,Crystal,,,48,(123)471-3775x56434,2021-05-01
7913,Neil,Ramirez,benjaminmitchell@bennett-hendrix.com,-1,208-969-5964x8793,2023-06-07
8599,Hannah,Tucker,harrisdalton@norton-smith.net,999,001-874-909-4288x39831,2022-08-22
7332,Alexander,White,sarahwallace@yahoo.com,43,001-421-304-8754,not available
7475,Allison,,,999,401-505-5769,2022-10-19
2418,Cory,,,999,(092)583-1810x2231,2024-01-12
4914,Joshua,Miller,kathryngutierrez@yahoo.com,999,449-678-6684,2023-03-18
2763,Christopher,Brown,reidkimberly@melendez-white.com,-1,(783)446-3718,2024-06-21
9704,Amanda,Cohen,james82@gmail.com,999,(937)885-5949x625,2021-02-23
1223,Jasmine,Jacobs,hughesmichael@hotmail.com,999,(766)448-4028,2021-05-30
2096,Sheryl,,jessica31@hotmail.com,-1,771-279-9396x961,2023-01-15
7312,Alice,Valenzuela,jadeallen@ray-costa.com,999,+1-308-642-7971,2021-02-20
6758,Jonathan,Turner,,999,+1-065-941-2259x605,2023-06-12
5313,,Davis,laura98@yahoo.com,999,928.706.5176,2021-04-05
9982,Charles,Keith,bowmanmargaret@gmail.com,999,160.799.1219,2021-02-28
9874,Vanessa,Bartlett,pettyjuliehotmail.com,32,+1-813-777-7626x8365,2020-12-23
5773,Michael,Gonzales,jlutz@smith-ramirez.info,999,+1-067-426-7098x61288,2024-03-25
4042,Tyler,Perez,hesstanya@aguilar.biz,37,001-030-368-7355x9400,2025-05-01
6860,,Williamson,alan81@martin.com,-1,,2021-02-19
7481,William,,glenn31@johnson.com,-1,127-650-2330x64206,2022-06-24
7593,,Little,barkervicki@hotmail.com,999,(863)563-6028x92423,2021-12-24
4393,Lori,Miller,cisnerosbrandon@yahoo.com,40,,not available
1309,Jerry,Tapia,,-1,875-100-5476,not available
5796,Wendy,Robinson,williamsmith@hotmail.com,26,221.716.6153x68469,2022-05-29
7539,Michael,,yrobinson@hotmail.com,999,,2022-09-16
9206,Jose,,,-1,(805)205-8713,not available
5360,Rhonda,Barnes,sheila79@king.com,999,(761)556-7124x6410,2022-05-18
1003,Melissa,Campos,qzavala@gmail.com,-1,+1-125-193-7717,2023-07-03
7471,,Stanley,zjordan@gmail.com,-1,(921)594-0734x275,2020-07-12
5013,Jasmine,Davis,lisabrown@yahoo.com,-1,001-494-950-6531x6978,2022-02-22
4308,Samuel,Prince,brooke25@gardner.com,999,009.142.9422,2023-07-16
4487,Megan,Kim,patrick95@hotmail.com,-1,8781743310,not available
1673,Amy,Ortiz,zoedavis@gmail.com,999,(860)450-6383,2020-08-12
9047,Andrew,King,zaustin@yahoo.com,75,001-169-307-4830x3897,not available
6042,Herbert,Casey,wkemp@cross.biz,999,064.035.1482x9357,2021-02-14
8357,Kenneth,Murphy,mendezjennifer@gmail.com,19,001-382-131-5382x39571,2024-02-27
8318,Melinda,Vang,davismitchell@gmail.com,999,(931)352-9668x343,2023-05-07
6174,Bryan,Mcclure,lisagonzalez@gmail.com,999,(973)148-9764x556,2021-04-04
3305,Joanna,Phillips,owensjeffrey@gmail.com,999,,2020-11-12
7052,,,hernandezdavid@hotmail.com,-1,(062)753-2903x83551,2023-01-29
2733,Robert,Carter,barnettjennifer@yahoo.com,999,+1-801-690-7537x79079,2022-06-13
6758,Tiffany,Phillips,sanderson@gmail.com,-1,463.715.5862x1114,2023-10-04
9512,Melinda,Hall,martinchristian@gmail.com,40,4656361208,2021-04-12
5269,Antonio,Aguilar,cookjoseph@moore.org,-1,009-369-4499x84137,2024-04-16
2073,Pamela,Butler,arroyoemily@ramos-hobbs.org,-1,(658)720-1395,2020-10-16
1140,Michael,Blake,richard05@simpson.net,65,799.666.8147,2021-03-10
8889,Justin,Mclean,tonyjohnson@booth-yoder.com,999,(541)536-1346x690,2025-04-26
5090,,Roberts,jonathanflores@boyer.com,49,001-019-626-9257x3015,not available
7081,Jack,Pearson,samuel38@hotmail.com,61,793-050-1224x152,2021-02-03
5942,Hailey,Anderson,qsilva@hotmail.com,-1,,2023-01-30
4813,William,Mcintosh,zimmermandonna@hotmail.com,999,+1-798-663-6674x535,2020-12-26
5781,Kristin,Murphy,gray@yahoo.com,-1,,2022-10-10
7772,Kevin,Baker,ywhite@yahoo.com,999,,not available
8264,Jessica,Braun,,-1,4908267987,2021-02-08
8105,Arthur,Maynard,flarson@gmail.com,43,+1-290-626-6740x78006,2021-11-22
8759,,,robert14@lloyd-rodriguez.org,43,(907)268-2341x42035,2024-07-10
6891,,Whitaker,bgomez@hotmail.com,999,(228)207-9781x09286,2025-05-17
5471,Julian,King,alex35@gmail.com,36,405.701.6803x55816,2021-03-13
5332,Brittney,Koch,tylerbrown@mejia-hanson.com,999,,2024-12-12
1503,Gregory,Fisher,bwheeler@decker.com,999,(324)477-7902x57097,2022-02-27
9054,Dana,Moore,sanchezdiana@hotmail.com,80,759-522-1206,not available
7800,Christian,Christian,mguzman@gmail.com,46,(955)344-4528x1372,2021-11-11
2877,Melissa,Ford,garylucas@walker.com,-1,001-865-321-7478x8937,2022-01-15
7896,Thomas,Mcdonald,clester@compton.com,-1,8512169736,2022-01-24
5996,,Lee,matthew35@hernandez-sandoval.biz,999,221.819.1829,2022-09-13
4654,Steven,,timothyhicks@perez.com,25,083-025-6327x415,2022-02-23
6697,Andrew,,simmonssally@baker.net,74,061-972-1614x491,2022-12-04
8567,Anthony,Hayes,jessicawilliams@heath.com,999,001-656-643-4115x22643,2023-03-22
4083,Alexander,Nunez,dakotaramos@hubbard-nguyen.org,999,+1-164-014-6742x03890,2023-11-28
1203,Jennifer,Chen,eatonkelly@yahoo.com,77,426.963.6309,2022-12-23
1289,Renee,Villanueva,,50,+1-103-397-1957x027,2021-12-12
1504,Angela,Pineda,april67@gmail.com,999,001-865-220-0428x57741,2025-02-08
4704,Bonnie,Mcdonald,mullinspamela@yahoo.com,31,636.391.9504,2020-06-17
9280,David,Thomas,lawrencemargaretgmail.com,19,001-379-020-4016x991,2024-04-12
5039,Joshua,Shelton,,999,(522)613-3311,2020-10-14
6479,Candace,Martinez,catherineallenwebb.com,-1,+1-487-827-1265x63713,2021-04-06
2990,Chad,Davidson,,35,+1-028-377-2489x0385,2025-05-07
1170,Kristin,Lopez,,76,348-041-1112x886,2023-02-11
3685,Keith,,hernandezpatrickduncan-sanford.info,-1,737-506-0917,2020-06-21
8012,Shannon,,,999,199.588.6659x2424,2021-03-26
6876,Andrew,Vargas,corey78@young.biz,-1,088.645.5303x759,2021-03-02
1003,Mario,Ashley,alexisconley@gmail.com,48,,2023-10-28
4657,April,Larsen,jacksonaaron@gmail.com,51,890-154-6568x571,2021-01-23
7862,Erin,Sanchez,,999,,2021-04-26
1752,Timothy,Sanders,deckeramanda@yahoo.com,50,869-481-0530,2020-11-07
4052,Billy,Lindsey,tylercoleman@walton-rodriguez.biz,54,430-006-4883,2022-06-08
2137,Mary,Anderson,hbarker@chang.com,-1,(014)150-8115,2023-10-01
5156,Jose,Lopez,brownchristopher@gmail.com,999,,2021-05-28
4967,Eric,Ferguson,porterfelicia@yahoo.com,999,+1-264-646-8022,2021-01-02
6491,Shelley,Dixon,,44,9901035649,2021-02-11
4784,Kristen,Alvarez,richardzavala@barnett.com,999,+1-327-908-5929x0422,2020-06-11
1048,Dawn,Martinez,shelley73@hotmail.com,35,5610801003,2020-10-31
4549,,Zavala,lisa16@wiley.com,83,830-653-6650,2023-01-12
3988,Daniel,Cruz,anewman@hotmail.com,74,001-438-711-8818x5180,2022-08-23
3238,,Freeman,vasquezdana@norton.net,999,(459)432-2407,2023-07-19
3702,Cynthia,Hernandez,eric34@hotmail.com,999,(989)153-4590x92193,not available
7471,Thomas,Ali,fclark@owens.com,999,3803901525,not available
2003,Haley,Brewer,espinozamatthew@padilla.net,-1,+1-081-340-5201x9004,2023-11-20
3913,Michael,Dunlap,keithjones@hotmail.com,48,,2024-12-05
4892,Ashlee,King,,-1,001-067-180-6676,2024-04-22
8086,Mary,Casey,ejacobson@hotmail.com,10,003-798-4536x174,2023-11-27
4389,Jason,Zimmerman,,-1,997-855-2396x3007,2020-12-09
6992,,Gibson,umack@yahoo.com,-1,337.901.6339,not available
3405,Bryan,Zavala,anthonydouglas@casey-blair.com,-1,810.843.8172,2021-11-16
1999,Juan,Bell,wwalker@hotmail.com,-1,001-315-747-6908,2021-12-03
9809,Kevin,Hammond,,64,136-829-5619x4942,2025-05-17
2644,,Wells,craig47@williams.biz,-1,509-496-5218,2020-11-05
8320,Henry,Smith,david81@gmail.com,999,(902)387-3660,2025-05-08
2657,,Clark,ctucker@gmail.com,81,(713)692-8743x6057,2023-11-14
4381,Vanessa,Cox,travis80@hotmail.com,-1,+1-633-185-7184,2022-01-13
2663,Denise,Woods,jacobstimothy@yahoo.com,41,+1-155-068-8908,2025-04-27
6234,Amy,,jacksonmisty@yahoo.com,-1,(883)591-8873,not available
6917,Roger,,brownedward@gmail.com,-1,+1-931-377-1703x27585,2024-09-21
9895,Elizabeth,Novak,richard20@hotmail.com,37,001-853-654-8144x22644,not available
9081,Kimberly,Reed,nallen@smith-brewer.com,999,(173)340-2859x78588,2021-08-20
8758,,Macias,zguzman@yahoo.com,30,543.066.1357,2023-05-10
9362,Ralph,Ross,ocrawford@hansen.net,58,,2022-02-16
1212,Gregory,Wagner,lanespencer@hotmail.com,999,880.444.3524x1560,2020-10-29
7092,Charles,Santiago,ray76@jacobson.com,52,751.887.9102,not available
5868,Bridget,Reid,melindawhite@gmail.com,-1,776.325.9257,2025-03-01
7991,Gary,Ramos,carrolljonathan@chang.info,-1,692-693-2447,2020-12-13
3183,Melanie,Clark,ajohnson@gmail.com,-1,456-958-2123,2021-07-21
9816,Rhonda,Taylor,jill45@hotmail.com,41,(280)065-2000x2609,2025-04-06
8237,Christine,Morris,,47,,2023-04-12
8836,Emily,Price,rlopez@hotmail.com,-1,411.953.4834x542,2020-08-02
2576,Kyle,Swanson,matthewbradford@hotmail.com,999,(532)324-8255x0898,2022-03-18
6633,Lisa,Bryant,robert66@hotmail.com,50,363-654-0803x9829,2020-12-15
4991,James,Taylor,kylescott@nichols-hensley.info,999,919.221.6640,not available
4774,Tammy,Fernandez,slove@gmail.com,999,(586)748-2578,2024-12-18
5027,Helen,Carpenter,scottsuarez@matthews.net,999,394.131.8870x417,2022-11-04
1138,Jessica,Morales,moyerjacob@solomon.com,-1,(471)680-8209,2020-11-02
5511,Joseph,Beard,jose07@hotmail.com,-1,+1-323-761-7763x333,2021-12-17
3760,Crystal,Riley,piercepeter@smith.org,-1,,2021-11-01
3109,Tyler,Holmes,johnoconnor@hotmail.com,57,937-656-6391x2476,2024-09-25
5368,Russell,Gomez,denniswilliams@hotmail.com,999,001-727-430-5705,2024-04-16
8187,Debra,Robinson,erinfowler@mora.net,82,+1-903-993-3241x8418,2024-06-08
7034,Robin,Reed,wchandler@strickland-campos.biz,37,864-669-2129,2024-09-22
1580,Hannah,Ramirez,thomas92@gonzalez.com,-1,001-552-958-6792x0447,2021-02-04
5699,Susan,Elliott,uthornton@schmitt.com,999,001-897-393-3296x14844,2022-10-28
7854,Dana,Murray,marshallthomas@lee-johnson.com,999,505-812-3844,2023-12-27
8022,Gary,Vang,azhang@gmail.com,999,,2021-01-18
7167,Theresa,Goodman,popemaria@joseph.com,37,001-529-231-6828x6624,2024-08-18
9430,Sean,Perez,gregory10@weaver.com,999,(970)364-0510,2022-07-04
3452,Elijah,Ramos,lrice@yahoo.com,-1,001-037-957-0734,2024-02-10
9460,Jacqueline,Stephens,jonesdarrell@yahoo.com,-1,+1-889-388-3687x92678,2024-12-26
4707,Thomas,Perkins,angelawatson@castillo.net,999,485.699.2315,2023-04-05
1431,Christopher,Hughes,jeffery24@mitchell-brown.biz,-1,846.069.4653x2603,2021-02-03
8993,Gabriel,Garcia,sarahgomez@pearson.com,25,001-125-716-3649x01495,2025-02-20
5195,Michael,Knight,kjacobs@yahoo.com,-1,948.080.9075x8195,2022-09-06
2330,Kathleen,Garcia,ericanthony@yahoo.com,-1,+1-436-997-5693x084,2022-02-03
9545,Andrew,Patel,thomasnielsen@gmail.com,999,,2022-12-02
1593,Marvin,Mahoney,arroyojohn@rivas-larson.info,999,001-949-665-9940x3082,not available
3675,,Kemp,browndarrell@williams.com,-1,+1-998-525-2842x70149,2022-02-21
7887,Michelle,Smith,josephhernandez@rowe.com,11,939-456-4418x63015,2021-08-09
7868,Victor,Sanchez,hernandezdavid@gmail.com,-1,+1-078-764-2700x4545,2024-10-14
7059,Kaitlyn,Hartman,bradleynelson@gmail.com,-1,(758)911-4508,2024-12-07
2723,Susan,,jerry06@vasquez.org,999,4162497658,2022-10-08
6440,Amanda,Cox,sray@weaver.com,50,429-190-8576x14796,2021-12-29
3341,Robert,Branch,,65,498-211-4371x97005,not available
8303,William,Ho,eileenmeadows@lewis-pace.com,-1,001-979-711-6789x002,2025-05-28
1380,Stephanie,Clark,sarah58@hotmail.com,78,140-361-4903x444,2024-02-22
5677,,Martinez,carlsonsteven@hotmail.com,88,,2024-12-02
2328,Joseph,Nichols,marywalton@garcia.info,999,001-214-639-6622,2020-11-11
6181,Bryan,Daniel,,34,,2020-10-12
4127,Edward,Guerra,,57,,not available
9219,Nicholas,Barnett,rsmith@gmail.com,47,001-837-595-2297x7741,2023-10-16
8890,Jamie,Mccall,yshea@hotmail.com,47,,2023-12-15
5352,Rebecca,Wilson,tayloralyssa@thomas-alexander.com,53,001-283-980-7743x59005,2020-12-16
7225,Karen,Archer,david16@hotmail.com,999,(407)899-1754x872,2023-09-19
8466,Jerry,Howell,jillguzman@conner.com,87,,2021-12-20
3156,Ashley,Barajas,vaughanashley@yahoo.com,-1,7351223860,2023-11-20
1736,Maurice,Berger,zballard@hotmail.com,999,6004139200,2023-09-09
8597,,Martin,espencer@yahoo.com,-1,961.562.7549x129,2023-11-18
2695,Beverly,Johns,robertsmario@yahoo.com,36,+1-772-459-3781x4768,2022-07-14
3411,Kenneth,Massey,,999,809-421-3948x78983,2021-03-15
5462,Steven,Smith,scott36@yahoo.com,-1,8019909157,not available
2720,Richard,Perez,mgray@gmail.com,999,+1-693-278-0525x3301,2023-01-25
3759,Karen,Johnson,,17,,2023-09-20
4243,Nicole,,,57,,not available
1415,Dakota,Brown,qthomas@yahoo.com,-1,572.102.8885x051,2021-03-10
2084,Matthew,Lawrence,rachel78@hotmail.com,11,+1-334-334-0018,not available
5350,Barbara,Ward,mccarthykendra@gmail.com,999,406-496-7645x1667,2023-02-01
5123,Mark,Davis,robertmccullough@yahoo.com,-1,+1-044-444-8883x47789,2024-11-01
3055,,Joyce,qblack@hotmail.com,-1,001-249-823-3573,2022-12-24
5760,,Chavez,sabrinathomas@miller-brown.org,999,125-581-5957,2021-07-15
8513,Diana,Foster,william72@petty.com,-1,+1-734-258-1901,2021-03-26
9825,Rebecca,Boyer,kristen70@gmail.com,999,(350)958-5752x7054,2024-07-01
8627,Robert,,avilamaria@hotmail.com,81,459-405-7353x5894,2021-11-29
2978,Scott,Vasquez,qvelasquez@ramsey-nunez.com,78,(680)018-0213x768,2022-11-15
4023,,Johnson,holly52hotmail.com,999,,2021-12-17
8066,Susan,Gutierrez,tiffany83@gmail.com,999,993-969-7414,2023-05-30
7369,Robert,Roberts,xjones@gmail.com,-1,(748)163-8926x203,2022-12-21
5459,Keith,Stanley,troyhall@hayes.com,54,774-147-6741x276,2020-07-04
3587,Suzanne,Burns,zhester@smith.com,999,(197)701-8529,2022-11-03
1308,Veronica,Valencia,jay38@kennedy.com,75,353.632.8493,2020-08-25
1831,Kevin,Kim,theresa03gmail.com,999,+1-489-312-6527x4052,2024-07-12
7783,Shawn,Fox,laura98@gmail.com,999,,2022-09-05
6873,James,Brennan,thorntoncolleen@yahoo.com,-1,6697983069,2021-10-01
5093,David,Williams,nicholas66@ramos.com,-1,384.238.5545x7414,2025-05-06
8073,Sarah,Dean,fjimenez@willis.com,-1,320-176-0414x026,2025-03-12
6638,Theodore,Hurst,ofrank@gmail.com,88,+1-465-871-1871,2023-09-26
7952,Mallory,Mahoney,twright@lane-payne.com,999,+1-682-813-2369x4040,2021-06-30
7146,Beth,Gonzalez,martingrant@mcdonald-fischer.com,-1,001-672-805-8920x9257,2024-05-20
5550,Jason,Hardy,tmurphy@williams.net,35,001-952-265-2946,2024-04-06
8940,Elizabeth,Hale,cgonzales@hill.com,66,2717553869,2021-06-26
7770,Tara,Bradshaw,fruiz@christensen.com,-1,,2021-12-29
7751,Teresa,Williams,pswanson@houston-berry.biz,999,001-088-128-3264x018,2022-12-08
8599,,Green,,42,104.670.6828x99610,2021-02-18
2402,Nicole,Cruz,brianburns@gmail.com,999,252-527-0293x661,2022-05-16
8217,Anthony,Lee,jenniferlewis@carlson.com,73,+1-321-466-6200,2023-03-01
4274,Erin,Mitchell,kristinyang@braun.org,26,+1-378-562-5981x9452,2024-12-30
3692,Jacqueline,,atrevino@hotmail.com,45,512-319-5172,2021-11-24
3417,Lisa,Smith,,75,,2021-05-01
6769,Juan,Young,valenzueladustin@yahoo.com,999,920.017.8168x671,2021-04-23
8011,Christine,Roy,steven40@moses-robertson.biz,31,001-015-417-0511x157,2024-04-06
2090,John,Swanson,qhuffman@scott.com,999,,2024-08-14
8490,Anthony,Austin,powersmelissa@kirby-evans.com,999,(579)904-2869x11862,2022-07-31
2918,Lance,Camacho,dwall@gmail.com,999,(260)563-6627x751,2023-05-01
2417,Paula,Carter,nicole02@barton.net,999,(106)062-9050,2021-05-04
4805,Gene,Abbott,emily66@johnson.info,999,325.196.0429,2022-09-30
6246,Monica,White,veronica53@lee.info,999,296-308-9700,2024-06-10
7397,Thomas,Vasquez,latoya02@velasquez.info,999,(894)786-5258,2021-02-24
4423,Kathryn,Gordon,nathanielknight@gmail.com,-1,+1-230-911-8291x5514,2021-05-05
7820,Robert,Ray,carlsonpamela@matthews.com,999,5046893310,2024-06-13
2947,Cynthia,,brianna21@hotmail.com,27,001-920-739-9414x89546,2023-01-27
3114,Billy,May,latasha62@jones.info,999,(978)270-9067x728,2025-02-28
9927,Rachel,Rodriguez,lindseybryant@cochran.com,999,(560)593-6112x96782,2021-08-04
2058,Margaret,Cooper,nwalker@berger-kennedy.org,999,(263)964-7594,2024-10-28
8421,Darren,Turner,smithsteven@yahoo.com,999,,2024-01-02
6495,Jeffrey,Rose,kenneth31@campbell.com,-1,001-733-065-9288,2022-09-28
4510,David,Lee,iwilson@hodge.info,999,(808)680-6889x986,2024-12-03
5808,,Thompson,cmartinez@spence.com,-1,+1-964-275-6958,2024-02-01
7308,Tamara,Potter,znguyen@gmail.com,999,+1-595-028-9492x96475,2021-07-01
9050,Timothy,Martinez,samuelevanshotmail.com,58,854.843.9815,2020-08-05
7288,Samantha,Brown,floresjoy@sosa.com,999,,2024-09-30
7495,Thomas,,rebecca84@schmidt.com,999,0991115269,2022-05-12
3585,Gina,Norton,tammy67@gmail.com,42,423.385.8386x636,2021-08-28
1008,Miguel,Freeman,alexandramartinez@wilson-allen.com,999,8896276977,not available
2871,Vincent,Santiago,benderstephenvasquez.com,999,4562340682,2021-07-28
1423,Adam,Price,,-1,652.370.0051x60892,2022-05-03
6175,Meagan,Hall,leon82@nelson.org,-1,,2022-10-29
1003,Brian,Sanchez,katrina50@gmail.com,-1,938-343-2838x7473,2021-02-04
9060,Joseph,,heatheraguilar@yahoo.com,30,421.570.1516,2023-01-16
8703,David,Allison,,37,,2022-02-07
7434,Robert,Murray,glenn41@hebert-serrano.com,-1,+1-195-550-9388x528,2025-01-16
1539,Elizabeth,Sandoval,yparsons@yu-vazquez.info,999,+1-385-542-7535x737,2023-09-08
1003,Toni,Smith,tcobb@oneal.com,-1,,2023-05-16
6462,Steven,Thornton,benjaminbullock@cantrell.com,-1,001-564-142-9086,2024-01-02
6417,Joseph,Patel,katelynatkins@gmail.com,39,+1-685-693-4040x45542,2024-09-09
6430,Jennifer,Patterson,barbara71@yahoo.com,34,001-425-223-4592x5517,2020-08-09
1596,Caitlin,Knox,garrettkatherine@gmail.com,999,(632)363-7832,2023-10-26
2704,David,Trujillo,thomasbarrett@mclaughlin-anderson.info,74,733.501.1544x460,2023-03-25
3458,Joseph,Garcia,brownalexis@byrd.com,73,001-406-342-3712x488,2023-01-11
8285,Ryan,Frazier,jensenmichael@gmail.com,53,192-807-8878x0982,2024-03-25
1462,,Wallace,hortonkaren@bush-nicholson.com,999,001-525-707-1433x5038,2021-08-01
1738,Craig,Dawson,christopher07@douglas-hill.info,-1,001-127-375-2353x262,2023-01-08
5675,John,Butler,katelyn66@brown-griffith.com,-1,(101)494-1264x8657,2020-06-10
3681,Barbara,Hartman,morganritter@perez.net,49,837-784-6474,2021-05-05
4090,,Montoya,pbrennan@gmail.com,75,,2020-10-01
7551,,,sonia73@hotmail.com,82,304-805-4736x402,2022-06-16
5641,Tina,Nguyen,carolynbrandt@jones-dean.com,71,1223373586,2023-10-15
3763,Sean,,brookegoodwin@gmail.com,56,228.036.6662,not available
1004,Matthew,,donnaallen@yahoo.com,999,+1-428-556-3470,2023-02-17
6459,,Torres,hornadam@yahoo.com,-1,001-551-480-5322x143,2022-04-21
6136,Jessica,Perez,hernandezjohn@hotmail.com,-1,001-872-916-2757,2022-12-01
7311,Anthony,Richards,pagemaria@lopez.com,87,+1-599-797-4346,2025-01-06
9622,,Miller,williamssandra@gmail.com,84,669.129.7435,2023-09-02
4817,,Olson,,999,(426)456-7060,2022-01-23
8844,Johnny,Montoya,murilloscottwilson.net,999,853-729-8310x912,2021-12-17
7708,Amanda,Dunn,bradleymiller@davis-aguirre.com,-1,618.975.7524x795,2022-10-10
7158,Roy,Brown,danielle51@gmail.com,35,8029800408,2022-12-18
1149,Roberto,Rodriguez,dalewilkinsongmail.com,27,486-314-7829x50621,2024-06-02
3428,John,,foxdaisy@black-frye.net,-1,(878)812-3112x306,2024-09-22
2217,Melanie,Rodriguez,alejandra48@hotmail.com,37,(412)052-2620x643,2023-07-14
7363,Linda,Henry,karen80yahoo.com,999,+1-210-042-7238x179,2021-03-25
3332,Christopher,Bowman,onguyen@gmail.com,85,(191)354-2019x17789,2021-02-28
1003,Stephen,Jackson,,999,249-406-5005,2020-07-05
4510,Alexander,Velazquez,wilsonjoseph@hotmail.com,48,935-700-1575x17746,2023-11-19
6560,Brady,Lynn,vreynolds@smith.net,-1,4705571436,2022-02-23
4404,Ryan,Peck,hallnicolas@hotmail.com,999,,2020-08-11
1003,Diana,Collier,david54@yahoo.com,999,494.218.3270x68069,2025-04-08
9028,Amanda,Sanchez,david31@garcia.com,75,+1-484-887-2436x7245,2025-04-02
4706,Kim,Daniel,andrewpeterson@hotmail.com,66,(803)935-1629,2021-01-16
2793,Jason,Smith,chambersedward@yahoo.com,41,086.676.5108x9126,2020-12-05
1003,Whitney,Walker,riospaige@hotmail.com,76,695.062.4079,2022-09-09
3890,Daniel,Cochran,sboone@kim-lopez.net,999,301.549.4796x8813,2022-08-16
2035,Jeffrey,,alexisbarrett@cox.net,-1,+1-613-236-2438x74410,2023-12-22
7548,Angela,,williamsonjulia@johnson.com,999,(491)278-1859,2022-01-02
4568,,Carter,adamsvictoriayoung-miller.biz,59,+1-834-196-7029x2186,not available
7525,Leslie,Mendoza,maria07@nelson-anderson.org,61,147-281-7381x1740,2022-11-26
1003,,Stewart,hroberts@yahoo.com,-1,904.063.4424,not available
8712,Heidi,Campbell,smithjoseph@williams.info,-1,5699675033,2025-02-06
8136,Miranda,Cabrera,,999,378.217.8627x42286,not available
1002,Robert,Gomez,tom09gmail.com,999,5847958361,2025-03-05
5803,Crystal,Johnston,johnsonlynn@jenkins.com,-1,951-785-4014x727,not available
8931,Melissa,Michael,barrysanchez@yahoo.com,86,001-915-630-9201x7554,not available
7930,Dean,Lee,,70,,2025-01-28
3976,Jennifer,Stevenson,fowlerleebradley.info,999,(598)853-9025,2021-03-20
3424,Charles,King,,30,155-215-2659x44991,2023-08-18
1004,William,Valencia,,999,8342026727,2023-01-06
8825,,Harrison,lopezmarie@gmail.com,13,+1-033-482-9411x938,2021-05-27
6408,Nicole,Kidd,angelagonzalez@anderson.biz,89,+1-970-021-6073x27516,2023-05-09
1021,Jill,Garcia,kodonnell@holt-garcia.com,-1,001-109-936-8259x17252,2024-05-30
6126,Deborah,Hamilton,qhernandez@yahoo.com,999,,2022-07-31
8358,Christine,Marks,dawn23@hotmail.com,999,+1-994-825-4583x20784,2024-08-22
2990,Gabriel,Moyer,thomas60@yahoo.com,-1,3511278056,2021-04-14
8594,Douglas,Stevenson,,-1,136-979-3001,2024-04-15
3451,Jennifer,Gibson,bcooper@maldonado.com,999,,not available
5942,Thomas,Brown,samantha34@erickson.net,-1,001-994-763-0901x6196,2020-08-21
9789,Christopher,,davidsmith@hotmail.com,999,+1-539-858-0589x92974,2022-01-29
8815,Hunter,Miller,,23,383.793.2698x5066,2020-07-27
7577,Emma,Brown,mgriffin@camacho-clark.org,34,+1-323-830-7130,2023-12-28
6722,Tiffany,Gonzalez,jeffrey09@gmail.com,999,(613)227-5744x0957,2025-03-03
3953,Amanda,Kline,amandahamilton@gmail.com,999,317.573.3932x94973,2020-07-06
1003,Ashley,Kelley,,-1,,2024-07-22
4302,Justin,Johnson,richardfrey@williams.biz,-1,712-673-6602x482,2025-04-18
3611,Carl,Rivera,,-1,0518062309,2022-07-21
8039,James,,harrisonchristopherkerr.info,64,,2024-07-21
5436,Erin,Lee,lopezrobert@smith.com,999,8050201145,2023-12-20
4521,Jennifer,Lawrence,janice54@mooney.com,56,+1-250-482-5020x0987,2021-09-07
8333,Michael,Craig,cameronrebecca@hartman-woods.com,-1,144.614.4254x7334,2022-07-28
6034,Brandon,Lang,teresa33@adams.com,41,399-592-1934,2025-02-24
9500,Sherry,Herring,thompsoncrystal@gmail.com,18,066.511.1288x4467,2023-08-10
2187,Kaitlyn,Mosley,richard53@mack-pitts.org,39,634-555-1856x662,2021-09-29
1682,Timothy,Cameron,becknicholas@hotmail.com,999,471.038.8369,not available
9113,Ashley,Harris,samuelwagnergmail.com,999,001-078-649-3152,2020-12-18
6454,David,Ramirez,cperry@yahoo.com,38,018-117-4325x380,2025-02-28
6327,Ricky,Shelton,ronald07@daugherty.net,999,876-874-6084,2022-04-01
3702,Heather,Wilson,meganburns@clark-perez.com,999,800.449.9157x6771,2021-07-31
7233,,Torres,rebecca93@barnes.com,999,(607)759-5973,2023-05-02
9178,Jennifer,Bartlett,whitechelsea@yahoo.com,999,853-694-1992,2022-07-20
5525,James,Pierce,suzannesmith@yahoo.com,999,4594142143,2023-11-20
8390,Erik,,dianesanchez@yahoo.com,-1,8740258017,2025-05-31
8351,Deborah,Lucas,bmoore@gmail.com,999,+1-338-059-3768,2024-02-11
5409,Alexa,Massey,ronaldferguson@gmail.com,29,210.970.3138,2024-08-08
2268,Scott,Gonzalez,zcastro@short.com,999,822.596.4225x5133,2022-08-18
2414,Craig,Hunter,harmonjennifer@lyons-gibbs.com,-1,833-413-9090,2021-11-13
1003,Kara,Mcgee,,-1,001-910-482-8654,2025-06-02
4729,Virginia,Moses,codywright@smith-villanueva.com,74,+1-897-971-1689x619,2020-12-15
9362,Stephen,Bailey,,999,807-443-0701,not available
3311,Cameron,,,53,174-937-2954x3405,2023-12-29
1014,Joseph,Robinson,sanchezgregory@hotmail.com,999,+1-190-503-2239x6230,2021-03-31
9231,,Stout,donaldmccarthy@hotmail.com,35,(145)807-4221x487,not available
6606,Heather,Molina,fwolfe@henson-roberts.info,82,(816)884-3384x009,not available
1495,Barbara,,loganmathew@gmail.com,-1,9262277431,2023-08-30
9217,Melanie,Sanchez,gregoryruiz@peck-underwood.com,-1,001-411-576-2108x400,2023-10-01
9574,Sandra,,lkeller@hotmail.com,-1,6674158450,2020-10-19
1076,Michael,Cooley,lindseynewton@hotmail.com,999,207-270-7275x06747,2025-03-11
7458,Richard,Fletcher,shawheather@davis.org,999,2817617996,2021-04-13
3001,Dwayne,White,perezjocelyn@miller-bridges.com,999,0068976442,2023-03-05
8890,,Carter,jordan06@mosley.com,-1,280-383-3761,2022-06-29
9049,Diana,,garrett12@yahoo.com,-1,001-755-412-8931x493,2021-02-09
9262,Tina,Walker,ljohnson@rivas-davis.com,-1,+1-309-855-5039,2023-04-03
8247,Jonathan,Owen,diazcarlos@rich.com,999,766.569.6707x883,2020-12-06
5364,Stephanie,Jones,millerjesus@green-miller.net,35,,2023-06-28
4324,Edwin,Lucero,lawsontimothy@schroeder-hamilton.com,33,047.809.4182x2442,2020-12-16
1003,Kristen,Smith,stevenmorgan@lawson-willis.com,80,+1-440-731-7701x2137,2024-03-21
3048,,Ortiz,schristensen@bell-nixon.com,999,+1-567-837-5134x74189,2022-01-05
4848,Monica,Haley,caseykramer@hotmail.com,22,001-462-449-6458x698,2024-05-19
3095,Jeffrey,Leon,julia84@hotmail.com,77,6788362771,2021-03-27
7203,Travis,Boone,heather53@smith.com,52,001-206-926-8707x66525,2022-01-27
5610,Deborah,Wang,melaniebrown@yahoo.com,-1,670-967-2916,2022-01-17
7528,David,Harris,howardanderson@tran-chavez.com,-1,7563093735,2023-09-22
3415,,Maddox,allison83@hotmail.com,86,857.662.5556x32790,2022-07-18
9748,Darrell,Pittman,karenharris@graham.net,-1,9017365378,not available
8356,Crystal,Murphy,rachel28@fisher.com,40,3189346958,2022-11-20
6605,Steven,Decker,michaelnorris@hotmail.com,67,8407331670,2023-05-08
2276,James,Thomas,frenchjohn@gmail.com,999,049-650-0256x9536,2024-01-03
7728,Pamela,Thomas,wrightkim@hotmail.com,38,697-535-4550,2022-09-16
7216,Tracy,Hill,hubbardanthony@gmail.com,999,(670)181-9041,2024-11-07
5741,Michael,Davis,brianna50@hotmail.com,999,001-215-396-3364,2022-12-30
9491,William,Johnson,qmitchell@hotmail.com,83,919-010-0576x785,not available
8131,Johnny,Calderon,jodyhoward@yahoo.com,999,535-836-8319,2023-02-15
8780,Robert,,,999,292-464-0006x515,2021-12-20
1533,Michelle,Jenkins,hernandezbecky@harris.net,85,(685)064-7908,2021-04-25
9034,Paula,Brock,david10@thomas.com,21,112-381-6800x0188,2024-08-18
7287,Jeffrey,Wilson,jenniferbutler@gmail.com,-1,(009)831-2031,2022-01-26
2594,,Price,tyler08@gmail.com,88,(482)697-0946x2796,2022-06-23
9045,Andrew,Franklin,vincent88@yahoo.com,999,450-829-3378,2023-07-09
1609,,Ward,steelemary@gmail.com,49,(942)382-8725,2022-08-06
3017,Tyler,,breanna05@gmail.com,25,(926)928-1393,2020-10-05
8173,Carol,Perry,matthew77@yahoo.com,-1,001-901-904-6813x4252,2023-08-08
1868,,Combs,rickyjoycerosales.org,84,571.605.8704x36390,2020-12-18
8362,,Jones,tuckerdavid@yahoo.com,999,439-169-3170x576,2020-12-30
2901,Ruben,Bradshaw,parksarah@fuller.com,999,(195)820-2079x24412,2022-06-14
3351,Sandra,,,-1,001-065-914-1166x637,2022-07-27
7375,Elizabeth,,patrickandrews@hopkins.info,-1,(318)582-1504x89733,2024-09-04
1738,,Klein,alan11@yahoo.com,-1,,2023-05-18
4705,Cassandra,Suarez,ggilmoremoon-gutierrez.info,999,+1-369-320-5815x883,2020-11-01
5058,,Sanchez,diana49@yahoo.com,999,+1-891-623-2976x30699,2023-04-20
7054,Shirley,Mclaughlin,aprilwallace@hotmail.com,999,052.293.0706x1584,not available
7821,Veronica,Lopez,rjohnson@kelley.com,-1,019.894.3216,2022-03-31
4910,Susan,Hall,farmerbrian@gmail.com,999,859-037-4644x5861,2021-08-23
8736,Shannon,Salazar,qsoto@oconnor-burnett.org,87,+1-066-865-9209x0846,2022-06-06
6542,Brandy,,fmaldonado@mays.com,999,+1-293-605-9406,2024-03-23
4595,Chelsea,Schneider,renee13@hotmail.com,86,335-704-8714x3009,2021-10-05
7758,Blake,Smith,jennifer89@yahoo.com,999,+1-409-576-7642,2024-12-23
3171,Debbie,Green,robert11@yahoo.com,999,947-417-1975x56711,2022-04-14
5068,Allen,Collins,goodmanthomas@morris-hill.com,60,,2024-01-07
1792,,Lowe,,36,001-948-665-1483,2021-02-15
5067,Allen,Green,lindadavis@hotmail.com,-1,001-662-176-2150x91254,2025-03-12
7417,Jose,Martin,alicia32@rodriguez.info,999,(658)036-6802,2024-02-28
3448,Michael,Hooper,josephyoder@adams.biz,999,784.086.1522x73184,2024-10-05
3281,William,Pham,courtneyschultz@yahoo.com,999,050-209-9806x193,2022-11-27
8173,Chad,Evans,lunamary@yahoo.com,77,(543)336-5259,2021-05-07
3717,Savannah,Miranda,amy41@wright.biz,37,(023)023-2924x613,2025-05-28
2372,Raymond,,zmacdonald@hotmail.com,54,001-368-083-1964x03183,2024-11-27
9157,Katie,Patton,qjenningsweiss.com,999,(222)753-1718,2020-10-03
5264,,Gill,jbass@dennis.com,-1,926-453-1150,2021-01-01
4292,Christopher,Rodriguez,smithanthony@lopez.net,999,114.219.1440,2025-01-07
4920,Toni,Brown,,61,(703)662-8512,2022-01-23
5294,,Roman,jacob23@porter.biz,90,(160)523-8747x27551,2023-07-26
7524,,Ali,mcgeedonald@mcpherson-gay.com,999,598.269.4820x973,2020-10-04
5600,Christine,Jackson,zimmermanjo@yahoo.com,59,001-852-801-9905x836,2024-01-28
9172,Jennifer,Moses,natalieedwards@collins-miller.com,19,227-556-1695,2021-10-12
6534,Aaron,Sullivan,esanders@gmail.com,999,2585643546,2024-09-10
1811,Laurie,Hogan,,16,5233801537,2023-03-29
1851,Nathaniel,Wilson,craig13@riley.com,76,001-630-059-1904,not available
4733,Danielle,Bishop,dmatthews@yahoo.com,999,476.982.1648,2022-12-17
4437,Robert,,ewashington@thomas.com,-1,421.811.7281x72204,2020-07-15
9408,,Liu,evanstaylor@gmail.com,-1,919-726-5726x9482,2024-12-27
6118,Jeffrey,Patterson,kingshannon@hotmail.com,-1,744-310-2947x387,2022-10-29
3292,Karen,Holmes,donald78@jackson.com,999,430-233-5552x280,2024-01-15
4723,Anna,Newman,bobby48@kline.com,-1,287.225.9782x74727,2022-07-17
2816,David,,vmerritt@gmail.com,999,+1-592-379-6117,2020-08-08
8935,Gregg,Tran,,-1,+1-259-382-2785x263,not available
4517,,,david12@gmail.com,-1,(140)567-7885,2023-05-01
1482,,Sampson,randallchristine@green.com,59,069.780.5320,2023-09-12
9117,Karina,Jordan,caitlinjordan@ramirez.org,-1,+1-393-198-0750x39814,2020-07-06
1729,Keith,Edwards,william22@hughes.com,77,,2023-03-22
7375,Anthony,Lamb,ptorres@hotmail.com,999,,2024-03-06
5365,Ariana,Anderson,,999,629.700.7733x8132,2021-01-12
4075,Linda,Young,mharris@todd.com,999,(911)647-7677x0787,2023-11-25
1003,Steven,Gaines,lisa85@mckee.net,999,811.181.4687x824,2022-07-29
6523,Chad,Waters,,999,835.236.9216,2024-09-14
7787,Elizabeth,Monroe,andrewhodges@gmail.com,-1,768.948.6923x6801,2023-04-11
3284,Stephanie,Johnson,cardenaserin@yahoo.com,-1,199-673-0982x62953,2022-04-28
3906,Henry,Frank,brandihendrix@walker.com,999,(222)852-7375x68501,2021-12-31
9260,Sarah,Berry,cclarkgmail.com,83,001-384-003-8579x01576,2022-12-24
5079,William,Lopez,jacobmccoy@irwin-lopez.org,999,(400)294-3683x393,not available
9137,Edward,Strong,,-1,001-944-259-5148x7015,2020-08-01
2799,,Castillo,apratt@banks.com,53,,2023-07-29
1138,Dana,,scottholt@davis-hines.com,70,413-899-0450x267,2020-08-03
2755,William,Peterson,chad22@rice.com,999,(513)373-4479,2024-01-13
5564,Lorraine,Wright,jenniferrobbins@butler-garcia.com,999,630.357.7246,2024-12-22
5514,Aaron,Collins,dbullock@hotmail.com,999,287.352.1462,2024-12-22
9609,Alexander,Baker,holtcasey@gmail.com,999,605-519-2963x972,not available
8271,Vincent,Williams,amandalewis@yahoo.com,-1,6070736007,2025-02-03
6253,Joseph,Miller,thomasmurray@hotmail.com,18,001-311-615-4173,2022-01-30
5240,Margaret,,sarabanks@gmail.com,-1,+1-414-504-6102,not available
9364,Sean,King,smithelizabeth@osborne.biz,-1,,2023-09-13
1219,Shelly,White,bmartin@flores.biz,-1,+1-587-438-5810x3603,2024-07-27
5764,Timothy,Wang,parsonsandrew@yahoo.com,999,001-637-136-8541x6996,2022-08-01
2469,Jason,Horne,,-1,(952)407-0736x64570,not available
1358,Carolyn,Williams,ltucker@campbell.org,-1,7643882578,2023-08-03
9801,Michelle,Roberts,rebeccakidd@leon-green.net,999,166-109-7240x377,2021-12-24
6568,Jasmine,Nelson,,999,(082)924-2420x91792,2021-04-12
1433,Robert,,,-1,188.749.3342,2022-08-31
4584,Carrie,Garcia,gabriellawashington@hotmail.com,22,+1-375-134-9461x2977,2023-08-17
3986,Jessica,Evans,haley78@gmail.com,999,829.341.8370x9330,2023-01-09
6563,Alexis,Davis,chelsea54@gmail.com,-1,(628)872-7506,2022-11-13
8550,Amber,Vincent,spowell@hotmail.com,34,(453)351-5607,2025-01-22
1003,Natalie,Hamilton,christopherbecker@gmail.com,40,(015)767-6295x135,2020-11-08
5562,Tami,Stevens,,999,+1-704-306-1654,2021-09-03
1003,Linda,Casey,,48,(076)913-0012x39126,not available
9839,Linda,Nelson,princecarrie@davis.com,-1,530-120-7313,not available
2157,Robin,Weeks,cynthiamartinez@hall.info,45,+1-201-885-5811x5379,2021-01-20
7615,,,thomasjames@yahoo.com,-1,,not available
5867,,Miller,dleegmail.com,-1,(915)020-2258,2022-02-08
5835,Karen,Wells,crystalmendez@hernandez.com,999,001-570-380-2501x990,2024-05-02
1451,Christopher,Cooper,shawnancy@henderson.net,999,001-830-687-5404x586,2025-02-11
2358,Laurie,,,-1,(912)686-7220,2022-06-24
4024,John,Johnson,lmyers@stevenson.com,-1,(235)364-5085,2021-04-08
7245,Cheryl,Pace,james17yahoo.com,999,+1-069-300-7854,2023-01-15
8941,,Green,donald57@gmail.com,55,+1-836-460-1480,not available
8216,Tina,Clark,joshua68@hotmail.com,-1,629-109-4278x2692,2023-01-17
3336,Whitney,Sosa,bethmiranda@yahoo.com,15,950.898.7866x6470,2024-11-20
3141,Lynn,,hunterjoanna@christian.org,-1,549.613.4253,2021-05-18
3459,Cory,Frazier,,23,001-483-083-3913x08698,2022-01-11
2633,,Jenkins,bernardramsey@mills.org,-1,3508497095,2022-03-16
9681,Christopher,Wood,diana77@moss.com,999,430.345.1512x999,2024-11-24
1393,Debbie,Austin,clarkpamela@wood-taylor.com,23,646.078.4032x54958,not available
4046,Christie,Irwin,,86,,2024-10-26
7756,,Tyler,dawn46@hill.net,-1,+1-903-418-8921x248,2023-11-17
5360,,Brown,hdavidson@bush-martin.org,38,(986)585-0313,2025-05-28
6416,,Garcia,ccookeyahoo.com,999,7923277762,2021-01-24
7909,Kristy,Cannon,sbrown@yahoo.com,32,+1-306-389-9830x50987,2021-01-21
9135,Alan,Bowers,lvargas@gmail.com,999,944-476-7743x7607,2022-05-31
8913,Michael,Gates,nancy45@mahoney-fowler.net,-1,001-391-821-4135x4548,2024-10-14
7477,Walter,Mcintyre,matthew69@rivera.com,999,717.298.9294x01401,2021-05-21
9590,Matthew,Bishop,david55@clay.com,999,119-188-5535,2023-07-01
4897,Carolyn,Reyes,eric70@kent.info,50,366-591-6927x7265,2022-04-28
6161,Barbara,Greene,uhall@baker.com,999,750.822.0182,2022-05-25
9945,John,Macias,lisamartin@walters.biz,64,5911889218,2024-08-04
4270,Dillon,Nash,rsmith@watson.org,80,411-530-9706x796,2022-12-18
8379,Brooke,Barnes,,21,4488528359,2021-02-14
3167,Amy,Richard,castilloadam@gmail.com,62,547.145.5274x40032,2025-01-29
7447,Jade,Watson,raven24@yahoo.com,999,001-126-532-3146,2025-05-06
4330,,Young,ncampbell@wright.com,-1,894-975-2635,2021-08-01
6524,Peter,Potts,fjarvis@barron.net,999,517.178.8610x919,2020-11-10
2874,Emily,Lucas,cameronmicheal@goodman.info,-1,532.741.8304x07777,2023-03-09
9122,Colin,Bell,,999,(942)902-5371x311,2020-07-17
4617,Trevor,Carr,mtate@gmail.com,-1,574.122.7478x4926,2021-04-24
7382,Richard,Schroeder,,81,+1-270-962-9282,2023-01-17
3896,Krista,Smith,,-1,(530)384-9130,2020-12-19
1651,Renee,Scott,hendersongregory@yahoo.com,60,384.813.2598,2023-03-21
5707,Russell,Marshall,michael74@winters.com,999,406-252-7441,2023-04-11
7628,Stacy,,jonathan61@baldwin.com,89,001-670-675-6152x074,2021-03-22
1003,John,Steele,erica97hotmail.com,-1,8482418206,2022-11-19
8059,Andrew,Mcdowell,bakerroy@thomas.net,76,+1-406-942-9814x680,2024-06-05
8864,,Gill,vsnyder@yahoo.com,999,9032225629,2023-08-21
2736,Kristin,Carlson,paul49@maynard-parker.info,999,+1-889-777-2352x679,2022-04-20
9518,Patrick,Mcpherson,collinssamantha@yahoo.com,67,(876)072-5923x65730,2022-03-19
5696,,Cox,corey80@hotmail.com,-1,840-979-7305x649,2021-05-14
7992,Debra,,aallen@patton.com,57,001-878-767-1360x1743,2021-01-29
4055,Matthew,Wilson,brian39@reed.net,999,(703)634-7582x81477,2023-02-01
5899,David,Carlson,,17,001-674-835-0017x048,2021-11-23
2980,Larry,Stout,smithshane@gmail.com,-1,001-243-415-5128x28689,2025-05-14
7280,Nicole,,stacypierce@lee-colon.biz,-1,001-276-911-0307,2021-01-22
9230,Anita,Torres,smithemma@hotmail.com,-1,,not available
1557,Matthew,Jackson,newmanregina@yahoo.com,-1,+1-842-863-2829x7424,2024-12-31
9208,George,Hughes,annsalinas@white.com,-1,001-290-093-4786,2021-08-11
5601,Hannah,Frederick,samanthadouglas@garcia.com,-1,+1-115-816-9827x1513,2020-09-30
7375,Suzanne,Saunders,ywalker@yahoo.com,999,031.232.7192,2021-12-12
7577,Timothy,Sanchez,dnorris@buckley.com,-1,+1-392-992-6759x776,not available
2199,Ryan,Griffin,,-1,+1-310-006-9591x7324,2021-11-12
4108,,Franklin,christinehawkins@hotmail.com,65,+1-999-005-6308x000,2022-05-17
1003,Tara,Carrillo,zacharycole@williams.com,999,(330)182-6771x9091,2021-12-28
4004,Stephanie,Owens,oblackwell@jones.com,999,,2021-05-22
2130,Leah,Soto,pmclean@yahoo.com,76,(636)881-6694,2023-01-04
1785,Dennis,Padilla,turnerjoe@gmail.com,75,001-072-354-3253x577,2023-07-16
6263,,,morgancarter@kim-ruiz.com,-1,001-790-829-0903x9853,2023-08-25
4940,George,Smith,robbinsanthony@cooper.net,999,(499)979-7386,2021-12-23
3214,Christopher,Carter,tcook@hernandez.org,-1,497-114-4606x262,not available
4822,Michelle,Haley,gordonjuan@hotmail.com,-1,001-820-843-7983,2024-03-20
2790,Claudia,Brennan,,999,+1-233-694-2098x49708,2021-03-17
1692,Heather,Reed,paula04lee-nunez.com,39,+1-875-026-2870x400,2024-03-08
5850,Amanda,Santos,melissacampbell@yahoo.com,999,8097647502,2022-07-07
8007,Jon,Acosta,kerri14@hotmail.com,999,341.452.2532,2025-01-15
3920,Timothy,Townsend,,36,5686743904,2024-07-05
4442,Michael,Maldonado,gabrielbriggs@yahoo.com,999,866-022-2536x7520,2021-06-12
5412,Ronald,Esparza,elizabethsmith@gmail.com,999,104-292-7704x42802,2020-08-30
9330,Darren,Webb,nicole80@stevenson.org,999,001-989-905-1988x83755,2023-11-17
9807,Danny,Dean,rebecca21gmail.com,999,001-611-213-6881x02073,2022-09-29
2883,Jason,Pineda,llandry@gonzales.biz,89,(774)934-6205x43447,2022-11-26
8326,Kristi,Bauer,garciaanthony@baxter.com,-1,833.706.8963x832,2020-06-30
7703,Lawrence,Bush,patrickrodriguez@adams-morgan.com,999,345.785.7486x85062,2022-11-04
7200,Larry,Page,elizabethlang@martinez.com,-1,(151)885-9982x22588,2025-04-15
6993,Jamie,,victoria43@williams.info,71,9219446066,2023-08-22
3276,Jason,Johnson,dherrera@gmail.com,-1,797-258-7147,2024-09-01
1993,Sabrina,,belljodi@weber.org,999,330-402-5576x168,2024-05-20
7426,Penny,Koch,,999,604-918-4932x1570,2024-04-20
1782,,Johnson,kellymelanie@hotmail.com,-1,786-154-3966x93049,2020-07-16
4488,Jeremy,Ellis,jeffreysmith@smith.com,999,001-629-977-2965,2022-06-29
1370,Melissa,,kimberly53@gmail.com,37,754.850.5488x58768,2025-05-24
2968,Colleen,Logan,,31,(061)382-0209x31736,2025-01-01
5521,,Wallace,sperry@rojas-castro.com,999,089-381-5604,2022-08-19
2862,Rachel,Burton,,60,001-961-497-2757x23579,2022-04-27
4884,Jennifer,Crane,bendermichael@scott.org,-1,044.913.3610x03917,2022-08-19
2824,Jason,Sparks,xtrujillo@ware.biz,15,001-270-042-3298x345,not available
8095,Brent,Murray,stacey16@gmail.com,999,(903)911-0092x6261,2023-01-29
3905,Walter,,xsmith@sampson.com,999,(689)679-3450,2024-09-07
9628,Benjamin,Williams,ugates@greene.com,999,484.720.2959x9501,2020-12-28
5678,Katherine,Wilson,lperkins@hotmail.com,999,001-121-994-5608x185,2024-11-09
2874,David,Mccormick,aimee38@yahoo.com,45,8312747360,2023-12-31
9800,Sarah,Grimes,leeedward@hotmail.com,999,9126846741,2024-04-03
2407,Brenda,Harrison,zacharycuevas@yahoo.com,42,,2024-01-28
9070,Lisa,Carroll,edwardgillespie@gmail.com,-1,677.530.9820,2022-04-29
3669,Jimmy,Williams,zachary07@carr.info,29,(539)462-7496x6808,2021-11-21
1003,Rebecca,Carson,deborah26@schmitt.net,-1,337-313-3097,2020-11-08
5062,John,,katherinemclean@sanchez-casey.com,-1,(742)616-6443x942,not available
4815,Amanda,Carter,sdavis@johnson.com,84,(028)341-0108x8684,2021-01-10
6734,Joshua,Mckee,snowrobert@howard.org,999,(666)580-1499,not available
3573,Brittany,Horton,christophergrahamgmail.com,23,(290)675-4696,2025-01-27
8491,,Holmes,kaylavazquez@rojas-schwartz.com,999,827-282-5519x79762,2022-11-23
4045,Kristine,Ho,jamesanderson@frazier.com,-1,956-446-3254x4788,2022-07-18
8545,Jared,Williams,qnguyen@smith.com,999,(817)565-5379,2025-01-05
7170,Darrell,,mary42@carter.biz,999,(366)716-4408,2023-05-09
8678,Sharon,Fitzgerald,nathan87@pace-alexander.com,999,+1-443-939-9464x9554,2024-06-06
1003,Laura,Watson,andrewcox@flores.com,999,,2020-08-09
3327,Stephen,Powell,houstonjohn@hotmail.com,999,+1-275-557-1654x4717,not available
1111,Hannah,Sanders,bryanfigueroa@gmail.com,13,,2020-06-24
6072,Ronald,Rodriguez,brownamy@mathews-smith.com,-1,351.194.6959,2023-12-17
1638,Erin,Rios,christopher52@yahoo.com,37,,2023-07-25
2033,Gary,May,kgeorge@hotmail.com,999,(913)237-6483x757,2022-09-02
1077,Charles,Glass,smithgary@stevens.com,999,(967)845-1726,2024-10-31
8715,Danielle,Obrien,aellis@montoya.com,-1,(244)092-8160x18506,2020-11-05
3811,Monica,Swanson,,-1,+1-046-398-1298,2021-06-07
3620,,Rodriguez,rwelch@delgado.com,999,(623)084-8533,not available
1003,,Morris,shaneking@yahoo.com,999,,2022-06-10
3817,Eugene,Benjamin,msimpson@erickson.biz,-1,719.961.5067x7286,2021-10-11
1992,Amanda,White,davenportnicholas@hotmail.com,-1,(323)272-7608,not available
4627,Donald,Finley,yvonne98@yahoo.com,73,(835)373-2892,2025-01-25
1003,Erica,Benitez,ymendoza@gmail.com,-1,001-103-348-3725x57677,2021-03-29
9672,Christopher,Herrera,davidrobbins@rose.net,999,+1-009-045-5847x73775,2023-05-19
2634,,,fgregory@gmail.com,11,001-459-246-5366,not available
2427,Ann,Collins,harrisondennis@gmail.com,58,+1-430-616-2342x89253,2024-07-28
1388,Kelsey,Collins,marvin87@yahoo.com,-1,936.715.0724x8137,not available
1003,Jeanette,Young,tvang@gallegos.com,90,(023)489-4865,2023-06-10
1201,Bethany,Vasquez,leejudy@smith.com,999,499-537-0175x88892,2021-10-22
1933,Calvin,Ayala,nlozano@garcia.com,-1,852-351-4739,2021-11-01
1003,Aaron,,stephenwilliams@davis.net,-1,+1-975-732-1004x838,2020-09-07
7033,Laurie,Ayala,teresa33@hotmail.com,999,,2021-03-31
4727,Andrew,,thomasrichard@clark.com,-1,(162)958-2530x555,2021-05-19
4916,Cindy,Garza,elizabeth73@gmail.com,999,4476788880,2021-06-22
4980,Jacob,Brown,jamesthomas@hotmail.com,59,001-183-297-7827x212,2021-01-12
2223,Robert,Matthews,moonbrady@gmail.com,-1,720.282.2324x71877,2025-06-01
6141,,Hartman,laurenmurphy@yahoo.com,-1,(623)451-5646x6364,not available
1003,Scott,Jefferson,carolyn55@wilson.com,59,(668)895-2358,2022-12-16
3265,Monica,Alexander,yrichardson@castro.com,999,000.179.0603x75326,2023-11-23
1003,Billy,Owens,gabriel67@hotmail.com,-1,5773791630,2021-11-19
8148,Aaron,Torres,rogermorris@hotmail.com,39,(969)075-8729,2025-04-05
9069,Gina,Malone,oscarhoward@hotmail.com,999,(452)771-5099,2023-07-25
7514,James,Allen,ldoyle@yahoo.com,65,788-526-9328,2022-01-26
3354,David,Wyatt,kathleenallison@castro.com,999,7207263152,2023-01-04
1888,David,Reid,qramirezgmail.com,999,640.198.5367x805,2021-01-26
8639,Jack,Brown,justinwalter@johnston-sawyer.biz,-1,(963)603-7234x32806,2021-01-31
7445,Jack,Tate,simpsonanthony@hotmail.com,65,382-183-6243x662,2022-12-30
4683,Erica,Hudson,sandrasmith@collins.biz,999,,2021-08-10
1003,Jack,,jarviseric@silva.org,999,785.624.0584,2022-01-02
2383,Jacob,Alvarez,jason97@lowery-romero.com,26,,2020-09-13
5974,,Dixon,danielbrownhotmail.com,999,001-318-954-5992,2025-01-29
2725,Jeffrey,Rivas,tmarshall@yahoo.com,-1,(350)105-2609x2473,2021-09-20
1003,Jimmy,Phillips,craighayes@yahoo.com,-1,(371)732-2569x62262,2021-07-11
2590,Jamie,Young,washingtonrobin@yahoo.com,999,(989)645-3778x3247,2024-05-04
8641,Rodney,Mcmahon,ffrye@graham.info,86,+1-172-538-9687x19873,2020-08-19
1652,Dominique,Lloyd,natalie24@gmail.com,-1,(257)734-0055x85540,2024-12-25
7809,Melissa,Willis,brian84@cooley.com,-1,(828)561-6924,2024-02-15
9647,Julia,Smith,anthony19@daniels.com,-1,3769315061,2021-10-20
4966,Kathy,Lowe,rebekahstephens@yahoo.com,999,+1-794-128-0133x348,2020-10-30
3522,,Noble,herrerarobert@carter.com,-1,,2022-12-31
9281,Barbara,Tanner,martinezpatrick@smith.biz,71,001-986-474-6509,2022-06-08
7015,Christopher,Young,robertsellers@hotmail.com,45,+1-113-824-6259x0298,2023-11-26
2315,Rebecca,,ldavis@nolan.biz,-1,(398)736-4102,2023-08-18
4062,Paul,,tyronebarry@hotmail.com,34,0965677602,not available
8346,Jeffrey,Silva,,88,001-790-449-7646x9524,2021-09-12
7791,Jennifer,Buchanan,,54,(585)068-0815x054,not available
1003,Ashley,Smith,daniel03@brewer.net,-1,258.653.3052x55732,2022-05-10
3958,Stephanie,,william74@thompson-moran.biz,18,039-485-4742x28862,2025-03-19
3357,Sara,Schmidt,mark60@griffin.com,25,,2023-09-16
1003,Melissa,Ray,sullivanwilliam@frederick-duran.net,-1,001-468-870-5388,2023-11-22
5038,Brandon,Griffin,sarahdennis@gonzalez-lester.com,77,(911)912-6592x251,2022-02-18
9517,Todd,Ryan,hilljohn@yahoo.com,67,,2023-02-28
8516,Jennifer,Collins,stevendavis@contreras.com,999,447-516-2872x297,2020-06-02
5722,,Wright,uhensley@gmail.com,-1,900-977-3931,2023-12-31
1577,Kelsey,Howe,sydneymontes@daniels.com,48,564-402-6289x104,2023-03-31
7158,Barbara,Hart,carl72@hotmail.com,12,(876)993-3313x77880,2023-09-15
1130,Jessica,,timothyjones@hill.com,17,(841)516-5466,2020-08-04
4526,Laura,Greene,tammy21@washington.com,48,+1-093-287-5708,2020-10-04
4037,Lisa,Arnold,cherylsanders@yahoo.com,23,001-472-949-0531,2023-06-12
6971,Tanya,Jones,garnerkayla@gmail.com,-1,001-645-894-8423x16662,2022-01-09
5112,Barry,,longjoshua@hotmail.com,74,9879664095,2024-01-31
6769,Rachel,Marks,sarahevans@macdonald.org,58,001-101-545-3620x48265,2022-08-21
5559,Nicole,Sheppard,robin13@smith.com,17,428.448.8403x593,2023-06-06
9833,Willie,Stanton,lambjennycarter.com,999,927.569.4146,2021-11-27
7882,Timothy,Jacobs,campbellbradley@hotmail.com,-1,,2023-07-01
7188,Makayla,Marshall,kristen97@yahoo.com,999,+1-198-355-4424x946,2022-01-07
8778,Angela,Sparks,wjohnson@hotmail.com,58,223.491.6566,2023-01-27
9582,Robert,Gould,carpentergeorge@jones.info,29,256.238.5963x83903,2023-08-09
7193,Ralph,Adams,catherinejohnston@nguyen.com,999,,2024-07-11
8991,Nicholas,Callahan,clarkebecky@yahoo.com,-1,+1-772-861-2157,2020-09-22
6483,Lori,Bond,bgraham@goodwin.com,-1,722.323.6817,2024-04-18
7181,John,Wright,daleshaw@foster.org,999,397.798.3747,2024-11-29
1003,Thomas,Ferguson,anthonyjones@larsen-campbell.com,66,,2020-10-01
3974,Taylor,Kane,sandramurray@hotmail.com,-1,(740)391-1802x225,2021-07-18
7584,Kimberly,Barber,bruce73@hotmail.com,-1,001-186-771-1464x749,2021-10-07
7761,Kyle,Parker,,-1,672-685-5555x0472,2020-08-09
3387,,Nash,jefferyjonesgmail.com,46,046.167.7122,2024-04-27
3331,Chad,Thornton,jamesmitchell@martinez-ballard.com,-1,096.613.0070x9479,not available
7239,Brandy,,cortezheather@peterson.net,64,534.818.2182x13827,2020-06-27
8054,Douglas,Vasquez,cassandrasmith@campbell-torres.com,62,981-473-9482x6247,2024-02-26
8105,David,Foster,jrodriguez@wright-white.com,-1,524.932.4271x47351,not available
7040,,Kelly,justin87@gmail.com,-1,(555)603-7212,not available
6615,Curtis,Miller,barnettjacob@dyer-higgins.com,14,4430211408,2020-09-03
4193,,Melendez,ritagutierrez@yahoo.com,999,023.759.9181x461,2022-05-04
4923,,Castillo,austinerika@patton.com,-1,444.865.1244x2061,2022-01-06
4675,Matthew,Jones,ereed@hotmail.com,999,,not available
4027,Nicole,Mueller,michaelblack@gregory.com,-1,(627)919-7743x12099,2024-10-03
7032,Timothy,Miller,smithkatherine@willis.com,43,764.842.0278x8739,2020-07-29
8679,Michael,Andersen,cody49@johns.org,999,001-059-377-0690x266,2021-06-30
2312,Stacy,Evans,anthony52@hernandez.com,999,001-916-605-3364,not available
2250,Erin,Frank,bwiley@adams.com,-1,883-668-7473,2023-06-21
1299,Carlos,Walker,richard58@yahoo.com,-1,296.500.4936x5861,2022-03-28
2218,Jennifer,Henderson,mary84@yahoo.com,36,(083)511-7529,2024-07-17
3785,Aaron,Simmons,colemichael@rush.com,12,2729258968,not available
8757,,Warner,markedwards@gmail.com,37,272-890-7139x316,2023-07-08
7137,Joseph,Ortiz,angela18@hotmail.com,-1,+1-091-263-7351x4339,2023-11-04
1351,Eugene,Pierce,roybauer@jones-lee.com,-1,001-074-576-1205x20873,2023-01-11
7819,Randy,,kristinaenglish@hotmail.com,28,8962367885,2023-11-27
3803,Megan,Thompson,collin38@yahoo.com,10,(128)516-7002x0160,2023-05-19
8734,Samuel,Barnett,,24,001-016-916-9707x61157,2022-04-24
4220,Susan,Hernandez,michael02@yahoo.com,55,877.159.0909x01644,2022-05-18
5690,Betty,Torres,walkeremily@hotmail.com,999,(871)837-9080,2024-04-23
6754,,Martinez,sherri75@howard.com,81,(668)396-6035,2024-03-28
3748,Brianna,Martinez,,999,+1-041-779-4348x927,2022-02-15
6541,Brittney,Lamb,jennaburton@ferguson.net,-1,363.694.2181x52953,2022-06-15
7181,Andrea,Herrera,gentrytimothy@miller.biz,-1,563-136-9783x747,2021-01-16
2026,Jennifer,Schaefer,kramos@yahoo.com,40,001-088-374-0930x4818,2024-05-25
3043,Stephanie,Reynolds,craigchristine@hotmail.com,999,+1-720-400-5805x787,2021-08-24
7993,Veronica,Gomez,jamesamber@hotmail.com,52,(265)876-8026,2021-02-28
6589,Deborah,,edwardjohnson@taylor.com,52,420.321.3828x3920,2022-07-11
5988,Manuel,Barton,bcollins@rodriguez.com,-1,(257)864-6301,not available
3132,Mark,Tucker,devon64@graham-lucero.com,999,+1-502-475-6746x68800,2023-02-04
2557,Jon,Castillo,larsonjanice@gmail.com,999,+1-684-974-0920,2024-04-02
5042,Gregory,Johnson,emiller@gmail.com,17,+1-117-372-3752x20790,2023-05-09
1876,Rebecca,Ruiz,michael96@hotmail.com,58,220.828.8966x19531,2022-05-19
5169,Patrick,White,larry89@anderson.com,51,847-680-5689x45633,not available
9417,Victoria,Walker,hughesjames@yahoo.com,25,(440)894-2814x5041,2024-09-15
9590,Mary,Moreno,dtrujillo@rhodes.com,31,(641)679-0968x4391,not available
4630,Yvette,Burns,obanks@dean-alexander.org,999,(635)828-7255,not available
6535,Andrea,Cole,bolsen@hotmail.com,-1,154-991-4199,2021-06-23
8892,Kurt,Smith,vfrazieryahoo.com,999,(651)932-6437,2021-10-11
2536,Michaela,Warren,znewman@hotmail.com,-1,7965460167,2022-06-05
1990,Amber,Carney,emilyfarley@skinner.com,-1,(770)275-4227x8800,2024-05-08
9254,Mark,Johnson,vspencer@hotmail.com,-1,001-604-747-5902,2022-03-20
8045,Bridget,Collier,steven95@yahoo.com,-1,919-696-0195,2020-10-14
9417,Mary,Gonzalez,hensonkyle@hotmail.com,-1,079.406.4586x663,2023-08-23
1696,Thomas,,,87,(252)293-8028x11239,2020-08-07
6898,Alex,Anderson,,51,001-595-262-1269,2021-03-05
2663,William,Clay,dchavez@turner.com,-1,974.844.2819x25287,2025-05-26
6715,Jessica,Keith,john79@pennington.net,999,161-669-9554x142,2021-11-08
4835,Jacob,Nelson,gregory07@miller.org,42,4513949507,2024-07-09
7634,,Macias,doyleryan@jones-hoffman.com,999,+1-159-047-7723,2021-05-18
3427,William,Jordan,lbasscollins-garner.biz,999,001-935-125-2142,2024-03-19
3680,Kristen,Torres,leekristen@taylor.com,62,935-407-4372,2023-08-16
3179,Thomas,Thomas,colecourtney@jackson-huynh.com,80,259.447.2765x7250,2022-05-08
6908,Christopher,,caseykelly@logan.com,999,+1-557-561-3971x3189,2023-07-06
3856,Catherine,Holt,jaime02@reyes.com,-1,288-741-3491,2020-09-21
3721,,Warren,chase37@hotmail.com,17,001-726-173-1725x516,2022-11-09
7596,Jeffrey,,anthony60@gmail.com,11,,not available
9876,Monica,Steele,johnsonjasmine@gonzalez.net,55,375.701.8579,2024-10-04
4499,Krista,Barry,elizabethgarrett@church-nguyen.com,999,,2020-08-28
3161,Carla,,marquezkevin@murphy-ortiz.net,37,+1-681-008-8921x371,2025-01-12
5745,Colton,Miller,steven06@alexander-perkins.net,-1,,2020-07-27
4877,,Burns,eric96@johnson.com,-1,001-159-572-3916x67522,2023-01-26
3575,Calvin,Vaughn,mayodavid@woodward-bell.net,-1,862.433.6682x1794,2022-04-30
8782,,Browning,hernandezdenise@mclean-freeman.com,-1,(345)624-4562x6880,not available
6553,Holly,Powell,joschneider@sanchez-thomas.com,-1,819-040-0448,2021-09-09
2179,Patrick,Chen,qschultz@yahoo.com,999,589.016.4865,not available
7219,Matthew,Welch,,999,,2021-04-16
3866,Karen,Foster,mooremariahotmail.com,-1,331.068.5182x38143,not available
3449,Maria,Lang,troy37@padilla.com,51,303-629-9188,2023-10-13
5824,Margaret,Allen,joseph87@carr.com,40,(870)100-6168,2023-06-08
1141,,Butler,,-1,+1-375-321-1041,2023-02-07
1841,Glenn,Frost,smithjose@gmail.com,-1,001-286-781-0907x80181,2025-05-08
1454,Laura,,,-1,,2023-07-03
5729,Tammy,Mills,lynnmoran@lopez.com,-1,(203)565-6753x2308,2023-11-16
4302,Sarah,Coleman,robertlittle@yahoo.com,-1,001-140-924-7148,2023-11-26
7075,Kyle,Russo,xmullen@hotmail.com,999,(359)688-1492x7494,2021-06-15
1243,Monica,Bowman,david28@jacobs-adams.org,45,0428232500,2023-12-30
1003,Rachel,Brown,,41,001-705-685-0428x7238,2023-01-12
1902,Andrea,Monroe,jim86@castillo.org,999,971-668-7338x33728,2024-02-09
8505,Victor,Martinez,larryking@mccoy.com,999,918.571.3139x41094,2024-02-26
6567,Parker,Mccarty,meganpeck@yahoo.com,999,2940724855,2022-04-04
1003,Julia,Serrano,,-1,(384)321-3956x12282,2024-07-15
5502,Jared,Hernandez,destinymason@morris.com,-1,,not available
9160,Jodi,Best,nwilliams@hernandez.com,999,001-496-251-3674x8288,2025-04-04
5288,,Phillips,peter28@yahoo.com,-1,+1-521-381-5315,2023-07-03
5658,,Morton,pamelaweber@yahoo.com,999,(511)994-1068,2023-09-02
2674,Ryan,Alvarado,debragutierrezhotmail.com,999,+1-007-239-4638x707,2024-12-17
7937,,Bass,fcastillo@long.com,32,0649223516,2022-12-06
1720,John,Johnston,dguzman@hensley.net,86,001-786-829-3046x0332,2023-11-13
1878,,Garrett,xraymond@gmail.com,73,+1-276-146-2064,2023-04-06
4517,Marcia,Saunders,kyle80@clements.com,89,(724)939-1105,2021-01-25
1122,,,millerbradley@gmail.com,999,440.077.0505x208,2024-06-25
8668,Brianna,Parker,alyssadavidson@gmail.com,-1,001-711-073-6975,2022-01-17
3639,Tonya,,nicholas34@gmail.com,-1,+1-634-715-9900x99609,2024-09-22
1402,Daniel,Harper,sara76@lane.net,999,648.498.1160x5578,2021-10-26
6347,Raymond,Flores,boonechristopher@hamilton.biz,-1,,2024-07-30
7385,Christopher,Martin,brownchristian@wallace-wilkinson.com,-1,,2023-04-25
6748,John,Holden,samantha83@yahoo.com,999,(452)326-8155x0864,not available
3461,Lisa,Winters,michael83gmail.com,999,270-626-8721x05599,not available
7069,Michael,Mckenzie,sshelton@herman-torres.com,999,,2021-08-11
3861,Thomas,Romero,ccurtis@gmail.com,-1,,not available
2459,Donald,,charlotte19@gmail.com,23,268-104-9824x75796,2024-10-28
8755,Jordan,Thomas,sblackburn@andrade.com,-1,758.736.6922,2022-08-31
5500,James,Frazier,richard57@hotmail.com,-1,178.947.6472x59459,2020-06-15
1131,Kelsey,Matthews,troy85@elliott.com,-1,,2023-01-15
4836,Margaret,Williamson,laura50@hotmail.com,15,302.484.3320x00355,2023-01-12
1003,Justin,Brown,steelesteven@patel.com,999,2999834757,2023-09-04
2302,Jeffrey,Green,james20@hotmail.com,999,001-930-819-7858x03394,2023-09-30
3848,Dana,Boyer,tammy72@yahoo.com,-1,116.116.5960x356,2025-02-25
8005,Geoffrey,Garcia,ericsaunders@hotmail.com,54,001-986-277-4054,2024-09-04
6301,David,Mills,marcpierce@murray.com,-1,2144835529,2025-01-18
5264,Adrienne,Miller,melissacastro@yahoo.com,43,135-114-3949,2020-06-29
5914,Brian,Poole,karllloyd@dudley.com,999,+1-609-794-2103,2023-05-28
4491,Bruce,White,omedina@gmail.com,69,723.029.2727,2020-09-19
6781,Fernando,Walker,caldwellrenee@gmail.com,-1,865-799-5526x11447,2021-10-07
3753,Steven,Gonzalez,nhernandez@brooks.com,86,854-848-9291,2024-05-29
1389,Andrew,,jcamacho@gmail.com,44,271-551-2477x1923,2022-05-26
9774,Janet,,,-1,+1-899-369-5480x330,2025-03-06
9717,Wanda,Fleming,holmesamanda@torres.net,16,461-448-6393x095,2023-10-31
9135,Brandon,Jarvis,dana19@sheppard.com,999,5445392547,2022-08-12
1762,Michael,Stewart,,999,437-474-7206,2020-07-24
9509,James,,stephensamber@hotmail.com,999,7271064996,2020-07-30
1351,,Smith,jasonsharp@guzman-velez.com,999,001-627-159-3952x426,2022-02-13
6102,Shannon,Silva,lflores@brown-mathews.biz,-1,032.576.1764x89105,2024-05-01
2780,,Herrera,,999,+1-007-870-7382x013,2022-11-24
3456,,Bailey,caseyholland@bennett-davis.com,90,811-002-7167,2022-04-22
1003,Sharon,Brooks,rachel72@gmail.com,999,001-182-609-4689x85751,2021-10-05
6179,Joseph,Ortiz,gutierrezkyle@kane-freeman.org,999,018-642-7787x74501,not available
4710,Paul,Rose,freemansherri@lee.com,50,,2020-11-20
7882,Kendra,West,,-1,,2022-05-20
3719,Rachel,Carrillo,daniel67@gmail.com,999,001-781-376-5842,2023-10-31
4131,Nicole,Adkins,ferrellstephanie@richards-little.org,39,779.537.9856x11639,2022-04-14
1003,Bruce,Bryant,fpadillamunoz.com,-1,001-367-047-8089x339,2023-06-02
7565,Angela,Brady,jason83@rodriguez-hicks.biz,-1,+1-779-590-0749x7424,2025-01-29
1988,Michael,Dennis,lnguyen@medina.com,41,1890876959,2021-05-09
1136,Crystal,Torres,sanchezcatherine@hotmail.com,999,,2022-01-20
3145,Marc,Davies,hmurray@yahoo.com,-1,5058964136,2024-08-30
1156,Daniel,,,999,175.848.3586,2025-04-30
2208,Brooke,Kennedy,shelby71@gmail.com,45,+1-609-992-5528x98495,2024-06-04
6916,Leslie,Perry,bradleyjohn@fuentes-horton.org,-1,977.476.7757,2021-04-27
2011,Jennifer,Smith,wsmith@murphy.org,999,001-616-182-1156x434,2022-12-25
6188,Ashley,Peterson,sototammy@yahoo.com,-1,(113)456-2676x4024,2022-08-08
1003,Christine,Hall,rmartinez@griffith.com,-1,001-099-150-0435,2023-10-12
4345,Tyler,Gomez,christopherheath@graham.org,999,(646)596-6083,2022-05-25
4513,Teresa,Williams,wcruz@dominguez.com,999,4830135881,2024-07-21
7999,Joseph,Payne,russellsarah@gmail.com,-1,035.907.9229,2020-10-27
1003,John,Douglas,nicolewilliams@hotmail.com,75,995.486.5579x5514,2022-09-06
1246,Shirley,Deleon,justinmckee@moore.biz,-1,+1-295-111-4925x947,not available
8708,Adrian,Ferguson,amanda50@jenkins-mcfarland.org,999,+1-325-561-2745x667,2022-10-20
7264,Patricia,Mays,kellyjames@hotmail.com,11,333.709.0318,2024-10-23
3969,Abigail,Robinson,ejenkins@blackburn.com,-1,421.981.8186x4041,2024-06-17
9232,,Reyes,davisjason@collins.com,999,865-046-5567,2022-08-16
6059,Heather,Hall,ldouglas@banks.org,-1,538-708-2374,2021-12-31
9662,,Rodgers,rachel81@gmail.com,84,(835)190-5748,not available
7243,Janice,Villarreal,sunderwood@may-dixon.net,999,713-133-1931x53384,2024-02-09
1003,Garrett,Moore,imooney@gmail.com,66,512.641.6289,2022-01-29
6593,Abigail,Johnson,lchang@gmail.com,67,497-573-9688x0510,2024-12-03
7885,Christine,Pena,amy08@hotmail.com,21,433.583.2837x3874,2022-05-31
5272,,Brooks,eddiewilliams@vaughan-pierce.org,999,033-088-0062,not available
2809,Robert,Odonnell,peckkevinhotmail.com,999,(114)666-0798x08842,2024-05-02
1330,David,Martinez,barbaraoliver@brown-shaffer.com,-1,001-306-270-4827x1878,2023-05-19
1781,Tammy,White,wintersmark@harvey-jackson.com,999,461.507.1537,2021-12-05
7378,Erin,Dean,brownjennifer@mcbride.net,76,401.447.1801x029,2021-04-13
3255,Kyle,Cunningham,dcharles@bond.biz,20,386.121.2945x333,2024-12-03
4596,Bruce,Davis,mccanndarlene@levine.com,999,(314)287-5169x288,2020-06-14
9661,Jessica,Jones,vrichardsonmerritt-cherry.info,-1,700-781-1388,2023-06-24
9439,William,Parker,murphyjason@wright-ruiz.com,-1,087-506-7266x3523,2023-05-29
7097,,Brown,jessicaferguson@yahoo.com,-1,+1-405-484-5556x8145,2022-04-17
4547,Oscar,Lopez,obrown@hotmail.com,-1,512-049-5359,2025-04-17
5874,Brittany,,william23@lamb-warren.info,999,(255)417-1705,2025-04-27
4234,Devin,Smith,john09@crane.com,17,,2023-03-04
8545,Tiffany,Lopez,james70@collins-miller.biz,11,365-589-3905x95381,2024-11-07
2827,John,Allen,creed@morton-lee.com,999,(606)747-6857x1819,2025-05-30
5388,Joshua,Walker,rboyersmith-bartlett.com,999,001-552-414-7884x91416,2021-01-10
7577,Selena,Williams,jkelley@hotmail.com,81,(101)855-3179x053,2023-10-23
8589,Cindy,Byrd,millslinda@lee-smith.com,89,8087099300,2020-07-21
1039,Daniel,Braun,chankristina@gilbert.com,999,558-216-4499x79660,2021-03-11
5473,,Holt,,-1,001-160-868-4565x30351,2021-01-08
1003,Theresa,Becker,,16,(897)188-9998x245,2023-03-06
7282,Samuel,Spears,,-1,+1-351-995-9404,2023-10-26
6499,Summer,Miller,michael92@thomas.com,69,106-421-1355x42581,2020-06-29
5146,Jacqueline,Buckley,marthabooker@gmail.com,999,(631)471-0354,2023-07-11
3036,,Stewart,tiffany11@yahoo.com,-1,,2021-01-28
1251,Michael,,michael97@gmail.com,48,+1-379-538-8146x3703,2023-06-26
5245,,Rogers,bowmanriley@shaw-paul.org,-1,+1-526-106-1039x1206,2022-03-03
2964,,Reid,jacqueline20@hotmail.com,999,610.157.6430x36882,2020-12-21
2612,Cassandra,Ramirez,sbuchanan@gmail.com,-1,(739)958-4291,2022-12-28
4396,Susan,Salazar,harry54@orozco.info,87,199.118.5878,2020-08-26
7407,Jessica,Peters,burtondevin@wright-robinson.com,42,(607)364-8072x2291,2024-12-09
6065,Susan,Lawson,melvin63@gmail.com,11,540.421.3198x25906,not available
6465,Clayton,Barnett,ewilson@yahoo.com,999,101.974.3446x7680,2023-09-15
4844,,Guerra,staceywilliams@gmail.com,67,709-447-2770,2023-05-26
7507,Sandra,Gonzales,michelle93@moore.com,999,,not available
1003,Michelle,Perry,christophermckenzie@yahoo.com,10,(417)595-6381,2023-01-06
2160,Tracy,Lopez,steven35@hotmail.com,50,(710)496-5566x97276,2021-12-03
9497,Joseph,Greene,omeyers@lopez.com,46,064.247.5915x45859,2022-09-04
4556,Duane,Sanders,montgomerydiane@hernandez.com,999,001-874-509-3552,2022-05-17
6953,Erin,Becker,kevin30@yahoo.com,-1,(331)252-9312,2020-07-16
9168,Cody,Lee,torresbryan@gmail.com,-1,537-387-3430x5778,not available
8663,Steven,Robinson,jenny45@yahoo.com,999,682-950-3049x021,2022-10-02
8943,Alejandra,Sweeney,,-1,490-841-3181,not available
4990,Shawn,Martin,stevenpatterson@hodge.com,-1,196.652.2486x8220,2023-07-13
2786,Corey,Harrison,ejames@yahoo.com,88,,2023-09-22
3194,,Fischer,timothyodomrhodes-johnson.com,999,+1-118-565-5714x4920,2021-12-15
6199,Robert,Hernandez,blakemiller@yahoo.com,-1,(069)796-1725x588,2023-04-24
6867,Gloria,Hernandez,jeffreyschmidt@gmail.com,999,(072)547-5516x4274,2020-08-15
1922,Thomas,Moore,,29,829-755-1703,2025-02-03
8197,Deborah,Rich,dianahayes@hotmail.com,50,666-350-2837x39282,2025-04-16
1003,Courtney,Davis,adamshepherd@gmail.com,-1,155-462-9649x39165,2024-01-12
9726,Mary,,darrylbailey@thompson.org,-1,647-230-8432x3040,2023-12-14
7339,Eddie,Hooper,kristinramirez@garcia.biz,999,001-236-643-2294x18859,2025-02-11
5102,Jennifer,Vazquez,joycepowers@hotmail.com,72,686.582.1738x07787,2024-01-21
1515,George,Martin,tammyhernandezhotmail.com,80,001-741-334-4207,2022-02-19
8639,Kelli,Golden,tburgess@gmail.com,-1,479-192-5000x3629,2022-07-04
2944,Matthew,Hayden,zallen@griffith-sullivan.com,999,719.089.7480x1110,2023-07-03
3739,Christy,Harris,markwells@hotmail.com,49,(434)738-0491x834,2022-02-28
9674,,Fernandez,evanwoodward@turner.net,-1,819-384-0364,2022-01-23
8580,Donald,Jacobson,calvinhogan@gmail.com,35,979.755.9490x34148,2020-12-07
9461,Jamie,Thomas,charles21@yahoo.com,999,567-651-0331x65771,2024-05-27
5817,Robert,Edwards,kristinaking@logan.org,-1,(178)802-7959,not available
1645,Gerald,Munoz,matthew38@ball-gay.com,-1,+1-351-027-8288x77374,2024-08-07
9389,Jennifer,Keith,jamesibarra@newman-chambers.com,999,999-464-4034x57257,2022-03-29
5079,Katherine,Santiago,austinrowe@burgess.info,60,,not available
7637,Christine,Morales,lori69@miller.org,999,925.671.7753,2024-08-26
9842,Richard,Morrow,kmccarty@yahoo.com,-1,001-846-247-7506x53222,2020-06-09
5234,Amanda,Morris,,-1,001-549-234-5698x80871,2024-01-23
8614,Michael,Powell,lindseyjacobs@hotmail.com,30,786-768-9712x727,2023-06-22
5391,Nathaniel,Cooper,gonzaleskimberly@yahoo.com,-1,001-893-293-8758x7835,2021-12-14
2525,Jamie,Clayton,qwood@wolf.com,999,544-907-9492,2022-06-05
4702,Kenneth,Fowler,mitchelljames@gmail.com,999,344-531-3378x97735,2022-05-23
8867,Nancy,Torres,romerochristopher@mendoza-nash.biz,999,589-702-6548,2025-02-11
9807,Michael,Moody,kevin26@gmail.com,999,680.666.9990x33883,2020-10-02
1082,,Kelley,conwaytroy@hotmail.com,-1,673-677-7145x819,2021-08-04
1272,Anne,Gonzalez,,-1,8746059975,2021-10-09
9679,Linda,Simmons,jgardner@gmail.com,72,201.658.4032,not available
3642,Angela,,raguirre@yahoo.com,999,001-311-180-5091,2025-03-11
4000,Christopher,Rodriguez,huntwilliamdavis.com,52,,2022-06-26
9602,Jamie,Brown,,999,085-694-6859x9219,2022-10-17
1174,,Thomas,keithlopez@hotmail.com,39,839.804.7071x5583,2020-06-02
9421,Scott,Young,webstermatthewgmail.com,999,001-513-673-1265x508,2021-04-19
4119,Evan,Garcia,amber05@pitts.biz,83,035-455-8202,2020-11-16
1981,Jason,Arnold,jeremydavis@davis-rubio.com,999,+1-791-952-5957x6719,2021-02-10
5450,Tiffany,Rodriguez,ibenitez@torres.org,999,578.286.0310x4246,2023-08-20
8977,Jeffrey,Meadows,,25,(374)866-5671x5409,2025-02-24
6411,,Goodwin,,999,974-263-9309x607,not available
2056,Kyle,Richardson,aprillawson@smith-wright.biz,999,+1-796-110-2682x1967,2023-10-14
7318,Joseph,Jones,wlamb@hotmail.com,-1,308-816-9216,2022-12-07
4945,Angela,Gay,christinecarter@yahoo.com,999,(964)865-1556,2024-01-25
8571,Michaela,Robinson,cwest@gmail.com,999,885.410.6487x21850,2024-04-07
4854,Christina,Harris,nathan61@davis.biz,-1,+1-600-610-6022x5797,2024-03-16
2097,Tina,Bishop,jason59@rogers.org,57,648-680-4092x02385,2023-06-30
8695,Mary,Drake,mquinngmail.com,19,970-257-8192,2022-03-07
7377,Holly,Gallegos,sarahharris@ferrell.com,999,4748536970,2025-05-27
9080,Daniel,Clark,mshea@yahoo.com,999,119.419.0171,2024-03-31
5463,Matthew,Kelly,natasha81@harding.net,-1,+1-739-229-6542x79373,2023-11-17
1123,Ryan,Mendez,stephenholmes@gmail.com,999,5719830175,not available
1003,Seth,Hill,uherrera@yahoo.com,999,001-310-638-6320,not available
3326,Joshua,Ramos,albert60@williams-miller.net,-1,(488)275-0765x4063,2020-08-25
7534,Steven,Lawrence,james00@hotmail.com,999,,not available
4974,Jane,Castillo,murphyjessica@wheeler.com,999,345.441.5942x18492,2024-01-12
7432,Michael,Duffy,,84,001-363-746-7835x80005,2024-09-20
8775,Carly,Clayton,grossjames@lewis.com,999,,2024-04-23
5335,Mary,Montoya,robin58@yahoo.com,-1,348.173.6020x293,2025-01-15
1697,Kevin,Crawford,mark95@bishop-wolf.org,75,,not available
5012,Heather,Vargas,,31,,not available
5738,,,stevenguerra@strong.net,-1,593.153.5755x39972,2020-08-01
2171,Amber,,pmoore@rollins.com,40,,2022-11-28
8760,Daniel,Medina,josecastro@garza-martin.biz,999,001-872-945-9402x51793,2023-10-11
1448,Andrew,,ashley42@wade.com,53,083.378.5425x9152,2024-05-09
2431,Angela,Barnett,traceykrause@gmail.com,999,+1-290-646-8389,2023-04-14
1274,Paige,Harris,gabriellehaynes@dixon.info,999,(313)021-8358x16038,2024-08-09
4360,Jennifer,Pearson,cfox@adams.biz,-1,537.402.5087,2022-09-28
9696,,English,jessicawebb@hotmail.com,12,,2021-04-28
3005,Julie,Vazquez,barbararichard@hotmail.com,999,001-202-142-5561x8659,2024-11-02
9317,Shawn,Carter,aaronfleming@hotmail.com,999,036-584-3509,2025-05-31
8603,Brett,Macias,martinjennifer@yahoo.com,999,,2022-06-30
1124,Kelly,Gutierrez,aimee40@yahoo.com,20,032-493-4831x27116,2024-12-09
3141,Alex,Perez,jennifer23@hotmail.com,999,,2023-12-27
1539,Charles,Banks,danahenryknight.biz,-1,(459)876-8538x06932,not available
2779,Amy,Hoffman,pthomas@gmail.com,999,001-648-840-7612x29548,2023-12-26
8197,Paige,Clark,blackeddie@mendoza-richard.biz,999,472.241.8193x5232,2023-06-15
2117,Andrea,Aguilar,vmyershotmail.com,999,001-065-067-2655,2023-07-16
2813,Scott,Spencer,dawn82@gmail.com,79,+1-933-783-6414,2021-08-03
2241,Wendy,Collins,taylordennis@perry.com,999,703.671.8744x004,2025-05-08
3579,Alexandra,Jordan,larsonjoshua@hotmail.com,-1,006-628-2082,2023-08-08
9160,Heather,Williams,emilyhunt@hayes.com,-1,,2023-08-30
5418,Andre,Jones,,59,001-338-032-9363x8096,2024-08-05
3369,Dwayne,Smith,crystal93@campbell.org,46,(821)262-8756,2024-02-16
6395,Jacob,,awarner@hotmail.com,999,001-442-912-0008,2021-06-21
3200,Raymond,Boyer,,-1,(070)981-1077,2023-02-07
3661,Rebecca,Friedman,jamesbond@wright.com,85,001-295-260-8216x98111,2024-04-13
9494,Andrew,Cochran,jenniferwyatt@russo-adams.com,31,(360)942-3862x7582,2024-01-03
9859,Thomas,Perkins,,33,(158)699-5318x291,2021-10-15
6984,Cynthia,White,emeza@allen-meyer.com,999,782-594-3422x3765,2024-06-23
6447,Elizabeth,Thompson,owillis@moore.info,66,001-317-001-1907x54839,2022-01-06
1723,Matthew,Dickerson,nschmitt@manning.com,-1,(942)197-1079,2021-10-24
4823,Kelly,Ramirez,brianalopez@taylor.biz,90,001-947-648-9493x3584,not available
5413,Michael,,alexis54@reid.com,22,,2024-01-26
8468,Brian,Mccarty,tgonzalez@mitchell-gill.com,-1,547-702-4596,not available
8120,Jennifer,Stephens,kristydawson@sanders.net,999,978.357.9382x959,2022-01-09
9660,Spencer,Harris,ksmith@gmail.com,999,+1-145-860-2042x037,2023-08-24
3055,Anthony,Combs,cindypatterson@hotmail.com,999,001-847-639-4987,2023-02-25
2117,Kyle,Curtis,dturner@schultz.org,-1,099.228.8207x105,not available
4471,Nicholas,Montgomery,sanchezjanice@gmail.com,-1,(826)146-0886x9719,2024-03-06
9639,Joe,Wolfe,gilmoresharon@wilkinson.org,-1,229.336.9923x627,2023-05-30
5550,Michael,Lewis,jordan88@hughes-sloan.com,28,4829381110,2021-05-19
9126,Tiffany,Nguyen,fmendez@gmail.com,-1,799.721.9085x3701,not available
6762,,Lynn,teresa02@wade.com,-1,(267)968-7047x004,2021-05-18
8338,Jason,Brown,baxterjonathangmail.com,999,001-473-363-7124x63092,2020-10-26
4016,Debra,Harris,mtaylor@yahoo.com,74,(478)506-6192,2022-09-24
7933,Sonya,Mendez,john69@gmail.com,23,,2020-08-07
2495,,Middleton,brose@hotmail.com,60,,2021-06-21
2090,Michelle,Frazier,greeneelizabeth@mitchell-torres.com,999,(709)305-8110,2023-06-30
1424,Teresa,Miller,krystal45@yahoo.com,18,,2022-06-27
9947,Wayne,Stewart,csharp@hotmail.com,999,0908194365,2021-07-29
1003,Veronica,Johnson,sarabarker@clark.info,999,+1-338-780-0867x5303,not available
1003,Dana,Bruce,thomas44@hotmail.com,79,166.546.1128x237,2020-09-30
4330,Elizabeth,Mckinney,peter65@gmail.com,999,(989)099-3387,2020-07-07
4700,Troy,Robertson,michaelrodriguez@hotmail.com,-1,001-761-765-2436x5398,2021-08-11
6832,Victoria,,ojohnson@hotmail.com,-1,+1-741-021-6236,2024-11-11
6078,Jennifer,Harris,schmidtsteven@hotmail.com,-1,(966)652-4932,2024-06-22
2960,Allison,Hess,michael04@edwards.com,68,(216)566-6340,2024-08-15
8471,Jason,Peterson,dmueller@hotmail.com,19,001-675-734-0477x2412,2022-11-28
2035,Gwendolyn,Conrad,youngpeter@marshall.com,75,+1-964-678-9848x604,2025-03-30
4514,Donald,Hancock,jeremy33@hotmail.com,-1,(988)854-8344x017,2024-11-22
5450,Christopher,Hahn,karen80@yahoo.com,87,(318)214-9305,2023-11-27
6392,Jenny,Tucker,,999,438.661.5966,2022-10-31
9024,Sarah,Smith,cooktim@weaver.com,-1,380-220-7455x22279,2021-10-22
1821,Jeremy,Bowen,angela40@hotmail.com,999,427-819-7718,2024-09-15
8223,John,Hernandez,anne30@howard.org,46,(172)058-5330,2023-08-28
7380,,,xgriffin@gmail.com,61,+1-352-860-5712x5470,2024-06-20
9170,Karen,Gray,williamdonovan@parsons.com,-1,001-790-402-1340x99542,2021-08-12
1041,Rhonda,Mcintyre,vtaylor@gmail.com,999,377.875.5599x5072,2021-09-30
1236,David,Flores,patrickbarrett@gmail.com,-1,+1-814-000-6707x3100,2020-11-16
9699,Meghan,Wright,tara60@hotmail.com,999,(716)958-8128,2022-04-20
9425,Helen,Pitts,amyforbeshotmail.com,-1,696.344.4418,2021-12-29
3630,Lisa,James,lmoore@wheeler.com,-1,(337)536-8984x09178,2023-01-16
1232,Deborah,Stephenson,,87,001-957-047-7001x295,2021-11-21
7702,Helen,Reyes,jacob58@yahoo.com,999,001-774-080-3780x4965,2021-07-01
2411,,Freeman,ggutierrez@washington.net,-1,,2025-03-27
4990,,Graves,reillymichelle@hotmail.com,88,394.787.5337x266,2022-12-27
6650,Dalton,,kevin65@smith-parsons.com,-1,711-428-0525x67788,2020-08-28
4792,Kaitlyn,,davidortiz@olson.com,-1,,2020-12-05
3723,Mikayla,Carr,monicastafford@hotmail.com,999,(487)363-0744x92473,2021-07-08
4300,Sarah,Zavala,heatherrice@conley.info,-1,459.217.2546,2021-02-02
2863,Steven,Solis,tylerbraun@yahoo.com,-1,(278)682-0442x106,2024-07-10
3306,Bradley,Lane,baileydavid@miles.com,20,905-754-9126,2020-08-02
3811,,Harris,warderic@harper.com,58,403-828-4663x3996,2023-10-31
1733,Susan,Hill,,84,+1-356-926-4163,2023-01-29
1005,Albert,Johnson,donaldwalton@gmail.com,999,001-752-079-5545x452,2024-10-25
2640,Sarah,Herring,,999,001-393-048-7639,2021-10-19
5864,Patricia,Garcia,david46@yahoo.com,-1,,2024-10-12
4021,Scott,Bauer,hroman@gmail.com,-1,6091827928,2021-03-21
2596,Latasha,Young,matthewhorton@hotmail.com,999,+1-931-747-7757,2024-08-16
8409,Steven,Huynh,caseydavenport@yahoo.com,999,(405)652-3326x58053,2024-02-18
5031,Frank,Jones,davidjordan@gordon.org,999,+1-510-895-2864x8235,2025-04-22
1635,Joshua,Norris,christie81@ford.info,999,1696202122,2024-01-03
4731,Jordan,Palmer,nathanmorris@yahoo.com,999,4244447155,2021-09-03
6646,Justin,Lee,christopherleach@yahoo.com,29,846.055.0343x28998,2022-12-30
4450,Tiffany,Spencer,linda32hotmail.com,80,(096)835-5145,2024-07-31
4267,Karen,Johnson,maryconley@hotmail.com,999,793.729.2798x707,2022-03-08
4535,Justin,Walker,porterheidi@mendoza-zhang.biz,999,105-903-6393x1413,2024-11-11
5251,,Vega,bhorn@yahoo.com,-1,(430)794-1077,2021-03-30
1914,Mandy,Frederick,michaelprince@rogers-hernandez.org,27,(634)517-2646,2024-07-17
1003,,Patterson,vvalentine@bradshaw.com,65,598.749.7355,2021-04-23
9778,Angel,Cannon,dmoore@shah.com,-1,566.143.5276x26191,2024-11-04
3586,,White,,-1,+1-998-199-4806x3121,2023-10-27
1786,Monique,Calderon,shawnfigueroa@gmail.com,-1,+1-585-607-5792x748,2020-07-16
2039,Erica,Shannon,jerry41@hotmail.com,999,+1-801-230-7703x5492,2020-12-02
6399,Abigail,Becker,tinamiller@thomas-jackson.org,88,(739)801-5156x0717,2023-10-18
5056,Charles,,patricialee@miller.org,90,+1-060-636-9314,2024-05-26
6353,,Bowen,pamelagoodmanjohnson-williams.com,50,(416)572-9967x76009,2022-06-14
8165,Jacqueline,Schmidt,ehall@benitez-douglas.com,68,001-485-054-9745x185,not available
8051,Victoria,Smith,,-1,001-808-168-4699,2021-08-18
6442,Maurice,Willis,micheleanthony@martin.com,-1,(443)990-7198,2021-06-02
1711,Krista,Hanson,,999,755-630-0860,not available
9538,,Price,yburton@cline.com,40,(863)104-3763x07474,2023-03-30
7324,,Lara,,-1,,not available
1330,Robert,Monroe,ychase@yahoo.com,-1,776-987-0424,2023-10-15
1003,Chase,Brown,jeannedavis@gmail.com,999,+1-426-881-9073x56572,2022-07-26
1003,Eric,Thompson,michaelwatkins@beck.com,-1,968-596-3988x85860,2022-11-18
9538,Sarah,Carter,mitchell72@gmail.com,999,+1-767-718-8878x225,2024-10-24
5196,Emily,Chapman,fnewton@yahoo.com,999,,2025-03-21
1003,Nicole,,cheryl13@cooper.com,-1,,2024-08-16
2229,Edward,Gomez,morgangabriel@hotmail.com,67,706-518-5901,2020-07-28
8568,Mary,Cook,cnorris@fisher.com,-1,455.495.4558x78840,2024-04-19
9254,Mark,Moody,meganbennett@gmail.com,67,+1-706-565-5904x2080,2022-07-30
9346,Stephen,Adkins,duffychristinetorres.com,-1,908-694-7327,2024-07-11
1589,Allison,Garcia,christina35@massey-yang.org,999,303-126-0432x2225,2024-11-03
1003,Timothy,,bharris@warren-smith.com,999,+1-647-564-3878,2021-01-09
2931,Benjamin,Mckay,robertwhite@yahoo.com,-1,720-971-0765x88480,2022-05-25
9502,David,,ebenton@hotmail.com,57,+1-858-094-6070x345,2020-06-06
9511,,Abbott,john07@long.com,-1,,2020-07-13
1003,Nicholas,,jeffreyhampton@yahoo.com,999,001-392-794-5060x3448,not available
6199,Heather,,dharrell@gmail.com,64,194.005.4368x060,2020-11-02
3638,Gregory,Odonnell,ejackson@yahoo.com,-1,(037)968-8238x0187,2025-04-24
1003,,Williams,aaron57@gates.info,30,706.595.8636,2023-12-28
9082,Laura,Freeman,david01@hotmail.com,71,,2021-09-17
5835,Carla,Mcgrath,robert95@davila-vargas.org,43,5223844536,2021-05-10
7178,Martin,Chambers,stefanie68@snyder.com,56,001-576-208-0080x50507,2024-06-03
6887,Kelly,Rodriguez,sandra62@smith.com,999,803.198.5176x582,2023-04-22
3034,George,Moore,sjohnston@hotmail.com,-1,,2021-09-01
9902,Monica,Scott,wlawrence@yahoo.com,999,,2023-07-27
7129,Danielle,Brown,jill31@brown-nelson.com,999,,2024-07-02
8411,Brandon,Lynn,smithelizabeth@yahoo.com,999,2409846798,not available
7692,Kevin,Robertson,kimjamie@torres.net,-1,(533)412-5630,2023-07-29
4156,Tammy,Ford,rmoore@hughes.info,-1,,2021-10-03
6472,Joshua,,croberts@hotmail.com,999,881-979-3400x135,not available
4342,Melissa,,williamsjoshua@simmons.info,43,,2021-10-23
2198,Michael,Zamora,debbiebrown@gmail.com,999,001-616-091-7528x730,2020-08-06
2381,Allison,Hoffman,,42,,2023-06-24
7522,John,Phillips,williamjackson@johnson.com,999,791-558-1678x09573,2024-06-11
2268,Sean,,kelly88gmail.com,80,7934473626,2025-01-07
7879,,Allen,daniel62@rojas.org,-1,174-947-0579,2021-08-13
5158,David,Carter,jcruz@yahoo.com,-1,001-556-200-2814,2022-02-15
5541,Jeremy,Ramos,williamthompson@gmail.com,27,+1-599-681-1274x15364,2022-04-13
8143,Tanya,Stone,maguirre@grimes.info,-1,,2022-05-02
9409,,Vaughn,kimberly54@gmail.com,999,001-376-229-6293x7380,2023-07-06
3855,Marie,,ppearson@spencer.net,-1,640.186.6302x903,2024-06-21
8427,Chad,Robinson,carlvega@lee.net,22,035.664.1400x8627,2025-02-14
4867,Debbie,Carter,hardysandra@sanchez-james.com,-1,001-489-221-7537x5629,2023-11-16
7239,Robert,Deleon,robertscott@hotmail.com,78,5516355270,2024-12-21
1003,Andrea,Alexander,david02@armstrong-silva.com,-1,642.016.6406x429,2022-04-21
5019,Emma,Hancock,linda70@yahoo.com,-1,001-148-747-2724,not available
3678,Vincent,Choi,april43@rojas.info,999,8442943501,2024-02-12
6988,Ashley,Soto,terri02@yahoo.com,-1,152-331-8623,2020-10-19
7087,Rodney,Small,,45,(989)553-7808x4943,2022-07-13
5829,Judith,Davis,fitzgeraldjason@yahoo.com,-1,232.238.1831,not available
6013,Anthony,Wilson,jessicabarnes@simmons-hudson.com,999,001-910-125-5466,2021-08-02
1003,Heather,,jwright@hotmail.com,-1,(851)116-8257,2023-07-24
2786,Brittany,Koch,stephaniegonzalez@walker.biz,999,884-434-4609,2022-01-04
5835,Sarah,Acevedo,,999,(146)992-2081x7827,2023-07-11
5722,Joseph,Burnett,mark39@gmail.com,999,157.896.3548x410,2024-09-23
2304,Sharon,Osborn,apeterson@gmail.com,-1,(218)726-1951,2022-08-30
2556,Carolyn,Estrada,hernandezashley@king.com,-1,,2022-04-13
8869,Mary,Ortiz,heathermooney@hotmail.com,32,+1-396-127-5670x9330,2024-08-03
8040,Marissa,Diaz,,58,,2025-04-06
8412,Patricia,Floyd,kylebowenyahoo.com,-1,618.206.6858,2024-04-26
2159,Jacob,,,-1,001-292-530-7445x95952,not available
4452,Brian,Alexander,mcdanielchristina@yahoo.com,-1,0441727377,2022-06-27
3789,Ian,Smith,,999,(497)821-1510x01980,2023-08-05
9522,Mary,Anthony,mcgrathalexander@hotmail.com,999,,2022-05-18
9399,Angela,Campbell,timothy26@yahoo.com,999,969-520-4009x2429,2021-03-24
3476,Lisa,Robinson,,86,,2020-06-21
7037,Bruce,Fleming,michelle60@bauer-miller.com,48,+1-494-823-6693x7336,2025-02-02
9652,Eric,Jimenez,jaredbarnes@hotmail.com,85,,2021-10-20
9858,,Crosby,cliu@hotmail.com,12,001-539-620-5984x253,2021-11-23
4211,Cynthia,Wilcox,jefferywatson@hotmail.com,-1,(991)960-2161,2023-02-13
5488,Abigail,Landry,oallison@yahoo.com,-1,,2021-08-07
2784,Sandra,Ferguson,vmontoya@watson.net,58,+1-213-840-3480x809,2020-11-26
3857,Peter,Lynch,joy31@fuller.com,-1,926.859.1850,2021-08-02
7034,Tricia,Anderson,,-1,,2023-10-02
5507,Jeremy,Rodriguez,jonathangregory@yahoo.com,64,319-701-1167,2022-11-30
1684,,,sbennett@hayes.net,85,+1-177-415-8579x1386,2023-08-24
1003,Sharon,Greene,davisdouglas@williams.com,999,(199)627-6253x319,2021-07-14
6344,Vanessa,Parker,castrotasha@gmail.com,86,,2024-02-25
6513,Richard,White,lmalone@hotmail.com,72,,2023-11-27
8191,Scott,Valencia,,999,(879)911-4253,2021-09-28
7561,Richard,Howard,floresashley@gray-curry.com,-1,+1-151-921-5909x0137,2022-12-03
8388,Amanda,Estrada,johnarmstrong@hotmail.com,999,4291975510,2023-08-18
5114,,Hill,taylorchristopher@hotmail.com,999,687-722-9197x7618,2024-12-04
9043,Danielle,Carter,vblanchard@gmail.com,63,,2022-01-07
8244,,Clark,jesse18@landry.com,999,414-457-5217x780,2025-05-02
8506,Charles,Lambert,hmontes@hart.net,-1,001-016-990-2553x21766,2023-02-20
4034,Emma,Murray,shaneevans@hotmail.com,32,+1-949-346-4810,2023-11-10
9467,David,Williams,tburnett@hotmail.com,-1,126-541-0426x612,2024-01-30
1003,Steven,Gutierrez,ochen@white-smith.com,26,(929)807-8339x0313,2025-05-13
7552,Terri,Cohen,hlewis@holmes.com,-1,220.572.0644x187,2022-01-16
9947,David,Hernandez,amy08@hotmail.com,86,8782481832,2024-06-24
6325,Daniel,,mendozadonna@sellers-richardson.com,63,437-731-2994x2878,2024-01-07
7907,Kaitlyn,,watsonashley@rodriguez.com,999,,2022-12-18
2400,Matthew,Jarvis,qthompson@lewis.org,-1,+1-944-103-6858x8641,2022-02-12
3824,Tommy,Turner,erikhousestewart.org,999,588.631.1361x0083,2020-11-04
7987,Bruce,Rodriguez,burnsrachelgmail.com,50,,2025-05-16
3498,,Stevens,huntkelsey@hotmail.com,37,001-846-513-0922,2024-01-17
4239,Sharon,Silva,sarafarmer@hotmail.com,999,047-583-9143x3704,2024-06-08
1003,Laura,Ware,holmesryan@hansen.com,45,441-450-2799x48673,2021-07-15
3508,Clayton,Leon,tonyareese@valenzuela.biz,-1,(686)117-6755x7781,2024-10-23
2625,James,,,51,+1-514-599-5559x80188,2021-05-09
8688,Tammy,,shawn24@jackson.com,-1,(119)469-4793x528,2021-05-21
5847,Rachel,Braun,tiffany80@hall.com,18,+1-134-420-4140x226,2022-03-24
1780,Michelle,Banks,davidortega@johnson-lee.org,-1,,2021-10-09
9276,Nicole,Taylor,hayneskevin@yahoo.com,-1,320.171.3335,2021-04-05
4711,Kevin,Smith,aliciaevans@young.com,-1,776.771.9031,2022-04-26
1990,Anthony,Robinson,andersondouglas@hall-brown.com,999,477-020-9236x4194,2022-08-08
6045,,Brooks,fthornton@perry-clark.com,-1,,2021-06-24
6238,Scott,Pierce,shirley38@johnson.com,90,525-595-4841,2020-09-06
8054,Ann,Davis,lisarose@baker-hogan.com,-1,,2022-09-05
1003,Valerie,Torres,ochapman@allen.com,999,5886449231,not available
6602,William,Hunt,yflores@rios.org,87,855-623-1220,2024-03-14
9779,Erica,Davis,sharonjohnsonmullins.com,47,9812310945,2022-12-03
2465,Nathan,Mathews,xhill@burns.com,999,001-771-831-5684,2024-12-15
1003,,Cox,maryjones@rocha.net,61,866.225.4727x2029,2024-05-25
4234,Michael,Jones,travisknox@yahoo.com,-1,001-353-407-3848x560,2025-01-23
8927,Michael,Greer,megan78@fisher.com,27,+1-667-152-7858x9288,2021-03-24
1003,Crystal,Rios,brenda74@hotmail.com,-1,3973507913,2021-04-12
7237,Krystal,Schroeder,randyvelasquez@gill.net,71,019.036.0905,2021-11-30
4435,James,Moore,drewgay@chen.com,999,810.413.1267x8662,2022-07-26
3110,Alvin,Woods,williamsmatthew@morgan.com,56,(483)041-1985x0101,2025-05-25
2660,Andrew,Kaufman,blake66@yahoo.com,999,+1-859-729-0539x351,2023-04-22
1854,Nicole,Reyes,autumn59@hotmail.com,-1,(297)363-6308x89091,2020-08-10
4648,Daniel,Frost,sherrithompson@mora-bailey.com,999,757.268.8281x6457,2024-06-25
7206,James,Oneal,,-1,+1-902-716-7707x313,2023-08-03
6992,Charles,Jones,,-1,691.072.1591x67188,2021-03-16
3980,Robert,Warren,brewerjason@gmail.com,39,644.293.3279x91679,2024-01-25
1003,Christopher,Carter,vjohnson@larsen.net,90,001-978-098-7954,2024-04-05
4049,Timothy,Hernandez,lisabrown@santiago-santiago.com,10,(266)501-6303x4966,2022-12-25
1834,Bill,,jonrivera@hobbs-reese.net,-1,879.411.7209,2025-01-09
1578,Chad,Carr,piercemegan@yahoo.com,999,025-590-6022,2023-03-16
9309,Wesley,Harris,scott87@yahoo.com,-1,504-774-0285,2024-08-08
6271,Michelle,Miller,,-1,001-186-375-5969x9110,2022-08-25
8431,,Thompson,armstrongbrooke@yang.com,999,001-647-306-1286x84285,not available
5234,Amber,,pwaller@hotmail.com,999,(735)035-4931,2024-12-30
4240,Tracy,Campos,mperez@edwards-baker.org,22,+1-058-610-1754x278,2020-06-02
5407,Carl,Miller,,-1,,2024-03-08
5538,Elizabeth,,gibsonbrenda@gmail.com,48,314-106-9579x1473,2024-06-28
9824,Diana,Robinson,kaylaphillips@maddox.com,-1,(193)712-7555,2022-04-04
1740,Vincent,Medina,bakertimothynunez.net,-1,4613506745,2024-10-31
5241,Yolanda,Jones,uanderson@fowler-morris.com,20,002-797-8573x29113,not available
5604,Timothy,Wood,woodlisa@hotmail.com,56,(260)328-7480,2023-12-04
9742,Brandon,Woods,brooke81@bradley-bates.com,-1,(075)926-5788x1138,2022-05-28
1616,Bryan,Conner,ncollins@hotmail.com,-1,444-477-0311x9376,2023-08-09
5347,Jennifer,Bell,gary46@hotmail.com,-1,0480246513,2021-03-27
8796,Thomas,Krause,michaelcole@patterson.com,77,+1-834-470-7998x57381,2021-01-09
2758,Shelly,Espinoza,kelseymckenzie@ellis-rocha.net,999,+1-589-416-9685x02158,2022-11-08
2646,,Avila,nelsoncarol@yahoo.com,-1,327-555-5566,2021-10-20
6327,Ashley,Conner,alyssa34@hotmail.com,-1,7127324354,2024-09-13
2851,Stacy,Rice,benjaminhoffman@hotmail.com,16,981.900.1652x983,2021-05-05
6872,Lauren,Smith,daltonjohnson@mccoy.com,999,+1-294-667-5107x36318,2024-04-16
2764,James,Vazquez,stewartgrace@russo.biz,999,074.539.0092x89928,2021-04-03
1003,Douglas,Baker,ntucker@doyle-gates.info,41,081-866-4184x45332,2021-03-23
2966,Sarah,Eaton,marie54@davis.com,999,(585)544-4520,2020-08-12
2654,Phillip,Fox,dustinjohnson@jordan.com,999,(060)453-6182,not available
8943,Jose,Ingram,aliciawheeler@yahoo.com,86,001-724-856-0127,2022-01-04
1169,Mark,Mills,derekguerrero@yahoo.com,-1,(372)797-3255,2025-02-22
9959,Martin,Phillips,wpayne@diaz.net,-1,+1-683-301-4676x799,2023-09-03
9008,Molly,Mccullough,margaretjones@huber.com,999,510-056-8685x98195,2024-07-10
3423,Susan,Sanchez,abbotteric@yahoo.com,-1,001-878-386-7715x1233,2025-04-12
2759,Joy,Robinson,ohale@hotmail.com,-1,001-737-972-9743x97977,not available
5036,Chad,Garrett,harrisamandayahoo.com,999,075-045-3731x982,2024-11-21
4764,,Adams,hcruz@yahoo.com,-1,(372)836-5251,2024-09-27
6750,Scott,Andrews,efoster@yahoo.com,-1,001-833-344-9993x42109,2024-06-25
1928,Richard,Blankenship,christinahuff@gmail.com,56,001-557-095-9256x277,2023-03-05
9565,Abigail,Soto,,23,443-173-6681,2022-08-13
3692,Laura,Johnson,hmorgan@gmail.com,-1,313.113.4207,2020-10-27
8290,Jeffrey,Becker,philip51@hotmail.com,35,8743665011,2021-08-21
3794,Cory,Hall,susandean@gmail.com,999,+1-226-689-1519x993,2020-11-04
7191,Deanna,Young,rodriguezsusan@gmail.com,-1,(966)115-0383,2025-05-21
1597,Joseph,Nash,brandon29@gmail.com,999,(701)794-2126x59099,2025-02-13
3637,Joel,Reese,leerichard@johnson-powell.com,-1,331-673-0943x255,2020-07-15
1944,Willie,Cohen,simssheryl@conrad.com,-1,(274)069-3745x12209,2024-04-30
7683,,Villa,sbrooksyahoo.com,18,,2020-12-09
7419,Barbara,Jackson,kelly44@johnson.com,999,001-562-208-3161,2021-06-23
9281,Philip,Herrera,brittany55@gmail.com,999,796-088-0803x549,not available
8722,,Wilson,robersondanielle@kidd-martinez.com,28,,2023-09-15
1003,Krista,Stanley,meredith30@yahoo.com,999,470-642-3675,2024-12-06
4915,Richard,Lane,,38,733.943.8633x18183,2021-04-24
7279,Cindy,Burns,laurie35@gmail.com,999,(115)631-9267x294,not available
4222,Cody,,gutierrezandrea@davis-gonzalez.com,-1,001-427-019-8345x5288,2023-03-26
9665,Robert,Murray,christinareynolds@fitzpatrick.com,999,+1-414-697-5091x71576,2023-08-23
7694,James,Walsh,amyramirez@hotmail.com,999,5722823473,2023-03-22
8385,Joseph,,jonathan05@harrell-martinez.com,-1,(050)569-5523,2024-11-28
6862,Courtney,Baldwin,kaylaavery@hotmail.com,14,001-532-471-4946x5657,2020-12-30
4553,Mackenzie,Miller,jillthomas@gmail.com,48,001-389-746-7879x23682,2022-08-09
5739,Elizabeth,Hutchinson,kaitlynking@hernandez.com,999,001-981-656-1821x2899,2022-09-07
9731,Sharon,Torres,james13@hotmail.com,-1,948.256.5388x986,2021-12-30
7406,Brandon,Armstrong,whitney36@reese.biz,-1,573-681-6102,2021-03-17
5300,Paul,Rowe,maria54@graves.info,-1,612-597-4913,2020-11-02
9989,Stephanie,Davis,esloan@yahoo.com,999,680-481-8829x35468,not available
1666,Kenneth,Aguirre,mayerjeanette@hotmail.com,999,,2025-05-14
8013,Carrie,Stewart,kelsey87@gmail.com,81,292-409-2370x1014,2022-08-25
5851,Nicholas,,,-1,(900)606-9870x229,2024-06-20
9091,,Escobar,djoneswilliams.info,999,994-813-0081x6853,2023-02-06
3774,Rebecca,Villarreal,holderbeverly@gmail.com,999,001-292-746-9630x6024,2021-07-14
9705,,Townsend,joseramos@gmail.com,999,859-687-1193x5657,2024-02-14
8802,Jillian,Barton,johnskaitlyn@williams.com,-1,+1-148-001-7871x636,2025-05-09
3425,Ariel,Summers,james36@yahoo.com,37,810-282-9079x79355,2020-12-17
7845,Stephen,Barrera,thall@collier-price.com,999,,2023-05-16
4984,Brittany,Miller,,999,+1-146-223-2933,not available
9020,Eric,Mccormick,galvansuzanne@aguirre-barnes.com,999,564-040-6110x6115,2021-08-09
6178,,Hart,kellyknight@gmail.com,-1,+1-893-520-1530x7989,2021-07-07
6909,Eric,,,-1,(218)643-3732x589,2020-09-22
6305,Ronald,Hinton,pcrawford@hotmail.com,-1,,2021-08-26
2078,Annette,Marsh,hernandezwilliam@hotmail.com,46,(458)281-5289x0964,2022-02-04
2824,Keith,Cameron,allisonsmith@hotmail.com,999,149-263-2559,not available
3380,David,Barnett,parrishjoyce@hunt-davis.com,999,+1-903-618-6598x519,not available
3835,Holly,,urobbins@weaver.com,999,001-862-153-5138x78372,2022-09-18
5762,,Sanders,allisondurham@yahoo.com,13,111.406.1608x86220,2025-05-15
1601,Sarah,Myers,matthew62@gmail.com,43,168-703-1173x084,2021-06-08
4634,John,Clark,,-1,362.154.0973x989,2022-01-26
5584,Mia,,jeffrey59@rodriguez-roberts.com,52,452.422.2378x8079,2022-06-11
9122,Todd,Robinson,beasleyamber@hotmail.com,999,488-700-8877x09551,not available
3147,,Church,frichyahoo.com,53,+1-026-145-8068x5056,2023-05-30
4058,Nicole,Morris,cstewart@lee.com,-1,,2022-06-06
7277,Danielle,Dunn,frank88@edwards.info,999,001-438-506-0166x67312,2021-01-06
1656,Gloria,Perry,dianacrawford@baker-palmer.com,999,(050)125-9287x32410,2022-07-11
5028,Teresa,,vaughnjon@yahoo.com,38,8559654074,2023-01-09
4762,Taylor,Moreno,millerpaul@morales.net,16,+1-460-485-3244x3623,2023-10-17
4306,Matthew,Brown,vlangsantiago.com,999,158.619.3678,2023-05-01
1003,Samuel,White,gibsonjeffery@foster-turner.com,-1,+1-898-296-3394x6248,2021-03-14
8226,Claudia,,suttontimothy@davis.com,86,(341)398-4794x20625,2024-08-09
4682,Ivan,Floyd,shieldsbrett@martin.info,85,001-410-137-2502x3607,not available
1004,Michael,Wilkinson,tlopez@yahoo.com,-1,089-494-6228,2024-07-16
4484,Nicole,Smith,jacqueline55@yahoo.com,999,001-588-729-5822x13832,2020-10-15
8250,Jennifer,,naustin@fields.com,-1,,2022-12-24
4556,Tammy,Mills,willie15@boyd.com,34,844-346-2210,2022-03-01
2219,Dawn,,caitlyn37@hotmail.com,48,140.031.2590x500,2023-10-25
2200,Shawn,Nguyen,tfields@waters-dixon.com,999,+1-076-881-8432,2021-10-09
6127,James,Mills,xperry@hotmail.com,75,024.540.3915x006,2022-06-13
4344,Steven,Hernandez,mcdonaldkristina@jackson-snyder.info,90,708.805.3233x696,2020-08-20
1708,Theresa,Lam,,72,317-848-7854x982,2022-11-10
4392,Robert,King,andrewsmithyahoo.com,999,184.522.2691x93382,2020-11-29
5177,Peter,Perez,vasquezkathryn@miller.info,-1,001-146-169-4374x0876,2020-09-06
1720,Beth,Becker,danieljackson@gmail.com,999,900-188-9503x249,2022-12-20
8588,Rebecca,Avila,,90,589-340-6318x691,2021-01-27
7975,Tasha,Taylor,crossnicholas@gmail.com,67,001-517-752-0329x98247,2022-09-06
8757,Jonathan,Williams,fsmith@reid.com,86,001-732-585-2940x756,2021-08-16
3725,Michael,Lewis,gcruz@obrien.com,999,001-754-118-0582x15372,not available
2668,Kimberly,Beard,leematthew@contreras.com,-1,986-028-8013x96681,not available
2800,Susan,,tlarson@shepard.com,90,001-317-254-6000x985,not available
2544,Tiffany,Buchanan,abigailbradley@brown.com,999,(499)138-1295x714,2021-11-01
6932,Valerie,Davis,katiewalker@yahoo.com,34,(635)596-9091,2021-05-08
9621,James,Curry,dalvarez@hotmail.com,999,507.333.4136x167,2021-07-14
8713,John,Wright,emily81hotmail.com,21,(356)398-7458x348,2021-10-05
5896,Hayden,Gross,caitlin15@richard-miller.biz,999,185-504-3887x92172,2023-12-10
9394,William,,,-1,001-236-915-4435x5878,2020-08-06
1393,Michael,Lynch,ryanpaul@sherman-jones.com,999,(068)502-6907x986,not available
4229,Reginald,Myers,woodstyler@gmail.com,999,587-541-6072,not available
7472,Pamela,Nicholson,williamsjustin@yahoo.com,-1,(662)972-8547,2025-05-13
3826,Erica,Peters,,999,(638)891-9652x920,2021-07-12
1227,Ivan,Duffy,chriswalsh@campbell-guzman.com,999,+1-667-510-3155x65826,2022-02-24
6975,Alicia,Hale,davidmiller@gmail.com,38,969.838.0371,2025-01-06
2449,Angela,Manning,vickibates@yahoo.com,-1,,2024-12-30
8235,Mariah,Delgado,sandra04@yahoo.com,-1,,2021-01-16
1174,Jacob,Khan,benjaminalison@ware-green.com,999,(683)474-8044,2020-08-09
3780,Jose,Horton,jchapman@robertson.biz,30,(597)271-5607,2022-07-08
8654,Nancy,Williams,timothy37@white-acosta.org,-1,(512)651-3063x2683,2024-04-27
1892,Caleb,Sandoval,kristophergrimes@cortez.com,999,779.811.0873x389,2021-06-03
4269,Lisa,Nichols,harrismary@gmail.com,41,+1-138-857-6866x5467,2022-03-06
7123,Ashley,,,30,513.828.4314x684,2021-05-10
8646,Emily,Miller,dennis78@hotmail.com,999,,2024-05-12
4608,Kenneth,,lauraelliott@yahoo.com,-1,+1-508-837-8368x2648,2021-12-24
8080,Jennifer,Brown,tmcdonald@hotmail.com,41,,2020-11-25
5107,Kristy,,,-1,001-696-046-0127x4006,2023-04-18
1428,Vanessa,Lopez,gonzalezpaige@yahoo.com,999,+1-177-439-8555x0299,2024-11-15
4673,Patricia,Walker,scruz@lewis.org,37,+1-488-181-0481,2024-01-21
3743,Barbara,Shields,brenda69@gmail.com,20,656-068-1747x66943,2023-02-19
1728,,Oneill,mbuck@gmail.com,-1,956-187-7090x89935,2022-08-12
2419,Matthew,Rose,henrydavid@gmail.com,13,,2025-01-06
7149,Katherine,,jennifer15@hotmail.com,31,001-956-907-1109,2021-06-27
3881,Becky,King,roblesalyssa@stevenson.org,-1,1530086021,2023-02-19
6560,Crystal,Howard,sara71@cox-valdez.com,89,192.124.0311x1811,2024-10-25
7791,Patricia,Brown,davisbrandon@gmail.com,85,6563867891,2024-04-22
8218,Thomas,Day,,999,890.870.2649,2021-12-14
9884,Robin,Perez,mfoster@gould-ford.com,-1,129-774-9321,2022-08-18
3371,Nicholas,Harris,riceanthony@bartlett.org,999,151-733-4038x33853,2023-08-15
1003,Jamie,Craig,otorres@yahoo.com,66,942-506-3130,2024-05-24
9906,Amanda,Johnson,sbaker@yahoo.com,999,953.507.3723x523,2023-11-25
5628,Andrew,Bates,snyderscott@yahoo.com,35,544-018-3592x6303,2023-10-24
5682,Lisa,Goodwin,jose22@king.com,999,+1-334-801-9769x71764,2021-03-18
8109,Ellen,Mccarthy,aho@hotmail.com,999,001-125-205-3184x9557,not available
5351,Amber,James,adrianahood@valdez-lowe.com,999,,2024-01-19
6416,,Skinner,carmen26@yahoo.com,-1,564.062.2331x4873,2024-12-13
8911,,Key,kayla99@gmail.com,999,964.503.1901x60207,2020-10-17
4511,David,Duncan,benjaminjames@gmail.com,999,+1-478-189-4599x779,2023-09-13
8550,Robert,Stevens,tiffanyfarmer@odonnell-vazquez.info,999,(218)387-0790,2023-01-08
3945,Paul,Duran,xromangmail.com,12,,2021-03-26
1240,Charles,Ruiz,joseph06@smith.com,-1,612.656.4897,2023-08-22
8618,Michael,Mitchell,sarah74@hotmail.com,49,,2025-01-22
2447,Jeremy,Smith,marshallashley@hotmail.com,69,001-066-572-5427,2021-01-11
9444,Mark,Smith,,999,952-476-8378x131,2023-12-28
1379,Alicia,Bailey,johncline@page-castillo.com,-1,199.217.8524,2021-11-13
3411,,Mckee,laura02hotmail.com,999,001-250-923-1240x9272,2025-03-12
7576,Kevin,Thomas,millerlauren@kline.com,-1,001-449-717-5746x8903,2023-11-24
7661,,Walker,,35,+1-212-320-1097x8968,2022-01-24
1949,,Miller,kevin69@yahoo.com,-1,9462834762,2022-11-17
5199,Sarah,,,-1,+1-153-365-3508,2021-07-15
6097,Matthew,Haley,idavis@wright-burch.com,47,148.373.9284x1244,2023-05-29
9310,,Hawkins,batescasey@shelton.com,999,001-896-649-1290x2375,2021-02-15
3232,William,Lee,chelseasimpsonhotmail.com,-1,8498633587,2022-09-24
4722,Denise,Watson,guerrabriansmith-freeman.com,31,382-603-2719x77140,2024-09-18
7088,Patrick,Maxwell,anthonylarsen@hotmail.com,48,849-769-4296x646,2024-06-14
6344,Justin,Neal,ramseycraig@perez.com,41,001-901-174-9444,2021-04-05
2089,,Knight,obrewer@hotmail.com,21,(627)998-8451,2024-09-16
9308,Ebony,Burns,joshuagreen@gmail.com,56,001-804-100-2626x657,2020-10-27
2547,Craig,Davis,christopherolson@ortiz-ritter.com,67,+1-013-392-9668x03075,2023-01-09
4804,Kevin,Berry,markmartin@hotmail.com,-1,891.696.4751,2024-01-31
7971,Thomas,Larson,whitneyrodriguez@yahoo.com,78,,2021-12-05
3413,Eric,Garcia,parkerrichard@strong.org,999,001-271-089-7129x65568,2021-09-17
2080,Bonnie,Burke,,21,352.799.3589,2024-05-01
3743,Jesus,Johnson,burnettanna@castro-martin.biz,-1,7631569513,2023-02-28
1994,Jonathan,,arodriguez@espinoza-barber.org,-1,936.517.6895,2023-04-06
7797,Jean,Cook,,-1,(504)197-6820x716,2024-03-30
6773,Kelly,Lane,adamstracy@campos.info,999,+1-503-789-6778x396,2025-02-06
2749,Aaron,Leonard,schavez@hotmail.com,999,(852)037-9273,2024-10-11
7853,,Wagner,cmoreno@adkins.biz,999,957-477-8532x5777,2022-03-12
6581,Steven,Green,ofoster@smith-orr.net,-1,733-142-2891x1454,2021-08-08
5618,Regina,Anderson,julie44@yang.com,-1,+1-279-859-7197,2022-06-05
1003,Jamie,,,71,001-834-873-3525x052,2024-09-23
8465,Thomas,Cox,sburgessmatthews.biz,999,+1-483-857-5182,2025-02-14
1327,Hannah,Le,barryjason@patterson.biz,999,001-486-951-0528x88614,2025-02-14
3576,James,Johnson,reedhannah@gmail.com,88,746.037.2506x60883,2021-06-06
7956,Paul,Ortega,ghatfield@gmail.com,72,249.871.3380x96417,2021-09-02
6433,Samantha,Dunn,nstout@gmail.com,88,346.977.1748x8272,not available
7244,Emma,Schneider,kristinagarcia@brown.net,-1,651-450-3487,2020-08-18
8715,Joseph,Hale,michaelroberts@martin.biz,999,595.558.7842x649,2022-08-28
9541,Thomas,Morrison,phernandez@gmail.com,999,001-130-911-4283x66456,2021-08-11
1255,,Estrada,,32,(398)924-5623x54352,2020-11-08
3336,Katie,Riddle,hodgesdestiny@gmail.com,999,(188)409-5693,not available
1092,Adam,Johnson,taylorchristina@hotmail.com,999,,2025-02-26
4313,Robyn,Moore,jessicacross@rice.com,20,4590681899,2025-05-14
3035,Misty,Raymond,nklein@bowers-doyle.com,-1,(072)740-2162,2024-08-07
1124,Betty,Atkins,jessica07@yahoo.com,999,192-623-5466x9686,2023-11-22
9786,Sarah,Hunt,aestes@richards.biz,999,864-678-0570,2023-01-14
1840,Bonnie,Thompson,,-1,,2025-01-09
9266,Christopher,Mcneil,,999,+1-470-516-0649x098,2023-06-23
4863,Christopher,Rose,adampreston@williams.com,40,079.834.2439x89332,2023-07-22
3285,Steven,Nelson,ashleysharon@hotmail.com,999,001-237-788-1036x5178,2020-11-27
5168,Christina,Richardson,qrandall@ramirez-perez.com,60,(707)228-8244x40562,2025-05-03
3052,Ashley,,brettharrisgmail.com,74,205-999-2612,2023-04-12
5356,Crystal,Shields,georgeavila@obrien.com,-1,,2021-12-09
8183,Cameron,Navarro,njohnson@gmail.com,23,(689)964-1498,2022-02-12
5443,Jasmine,Collins,juliamacdonaldhotmail.com,79,+1-986-236-2771,2020-07-11
2289,Juan,Kaufman,zacharygonzales@yahoo.com,82,155.600.6042x05472,2020-10-06
7275,Hannah,Torres,lewismartha@johnson.com,-1,+1-126-459-2503x8688,2023-11-30
2562,,Cabrera,jonathanbrown@gmail.com,34,277-052-5562,2020-12-04
6460,Noah,,,-1,,2023-08-10
5176,Michael,Alvarado,charles87@kaiser.info,-1,001-984-185-8927x189,2025-05-07
2985,Bruce,Taylor,bill96@yahoo.com,64,133.175.4359x7342,not available
3408,Keith,Soto,carterandrew@yahoo.com,-1,636.776.0014,2020-07-07
6924,Carl,Brennan,omunoz@duncan-ramirez.biz,-1,+1-107-038-4915,2023-06-23
7041,Christian,Franklin,rowlandlawrence@weber-mcbride.com,-1,+1-055-644-5597x6054,2025-04-05
7174,Melissa,Patel,michellerussell@yahoo.com,999,(155)526-1536x7338,2020-07-27
4210,Michael,Bowen,judyjonescox.org,-1,+1-533-822-3164x4491,2020-07-06
5217,,Clark,laura63@mccann.info,999,7925748898,2023-01-30
2552,Christopher,Rose,wwright@may.com,999,001-123-458-6983x788,2021-01-11
6396,Penny,Gonzalez,donaldsantos@hotmail.com,-1,001-555-963-5169x986,2024-01-08
5718,Jeffrey,,morrisdamon@gmail.com,999,986-931-3099,2020-07-14
1387,Kyle,Crosby,matthewsamber@smith.net,999,(710)089-4624,not available
7243,Justin,Wright,,-1,067.258.7345,2024-06-04
6210,Daniel,Jacobs,sanchezjulie@swanson.com,69,(244)842-5778,2021-04-05
3504,Gabrielle,,lcraig@campbell.com,-1,001-389-085-0803,2024-02-18
4358,James,Dillon,rodneycarter@gmail.com,-1,(612)882-0947,2025-05-27
9168,,Stewart,francisseth@bowen.com,-1,2281970388,not available
5469,Brian,Brown,duffymichelle@davis.biz,27,200.563.5932x674,2020-07-22
6062,Connor,Garcia,,-1,,2023-06-10
4066,Andrew,Chapman,qking@decker.info,999,+1-075-715-4401x416,not available
9234,Megan,Lawrence,richard79@alvarez.com,999,865-831-7709x216,2022-12-14
9141,Brandy,,knightbrian@mendoza.com,11,171.240.4513,2024-01-29
1003,Brian,,parkerteresahotmail.com,-1,4447133924,2025-03-04
6789,Shannon,King,danavillarreal@gould-delgado.net,82,347-684-9094,2022-08-27
1178,John,Lewis,deanhernandez@hotmail.com,49,,2025-04-04
7708,Matthew,Cooke,eduardo45@edwards.info,999,+1-828-683-8367x6096,2024-05-14
7684,Eric,,julie58@yahoo.com,-1,868.383.1958x2508,2021-01-15
6452,Jake,Barrett,icurry@davis.com,-1,224.031.4660,2021-01-20
5963,,Patel,jordan27@yahoo.com,-1,,2024-11-09
2064,David,Nichols,keith25gmail.com,999,083-957-4057,2023-09-08
2073,,Pierce,fernandezkatie@yahoo.com,-1,001-285-079-3784x882,2022-10-20
3820,Amanda,Castro,wchangmcgee.net,32,,2023-03-18
7977,Jennifer,Meyer,hollowayevan@gmail.com,65,,not available
5954,Darryl,Roberts,davidhayes@castaneda.info,999,(257)943-7177,2024-06-10
4896,April,Hudson,matthew17@hotmail.com,85,,2024-11-07
3805,Keith,,sarahpotter@baker.com,83,000-402-9869x3284,2022-04-29
2333,David,Silva,spencer18@oconnell-fowler.com,-1,+1-710-304-9053x172,2022-09-18
2025,,Hunter,jacob98@yahoo.com,61,,2022-01-08
6487,Debra,Wall,michael72@yahoo.com,-1,296-134-5426,not available
6329,Edward,Davis,garyhansen@yahoo.com,999,355.186.9248x40406,not available
3849,Melissa,Brock,martinjames@velez.com,999,465-472-5227x42994,2020-12-29
3582,,Lambert,,27,0088604749,2024-04-25
2381,Thomas,Moody,lindsay32@hotmail.com,-1,,2025-03-19
8782,Jeffrey,Cunningham,juanclay@freeman.com,15,,not available
1606,Marisa,,sue32@shaw.net,999,931-156-7950x048,2022-07-17
8818,Katherine,Holden,bclark@hotmail.com,999,001-064-996-7418x189,2022-11-28
2292,Brittany,,vanessa48myers.com,47,9587583287,2024-06-06
7662,Alan,Hunter,maria00@gmail.com,56,900-151-1778x226,not available
1599,,Brown,lisamedina@yahoo.com,53,+1-521-938-5699,2024-09-17
6033,Maria,Nguyen,griffinbarbara@harris.com,83,001-681-138-0191x916,not available
6583,Christopher,Ferguson,reevesstephanie@hotmail.com,85,831-534-5667x716,2020-08-13
6140,Kevin,Bell,yduke@yahoo.com,999,863-179-6059x949,2023-12-03
6790,,Hall,denise98@gmail.com,999,(736)482-9130x322,2020-07-01
4073,Matthew,Coleman,kimjohnson@yahoo.com,999,,2021-06-07
7771,,Gilbert,jasmine65@yahoo.com,69,(456)761-4119x632,2022-08-25
2309,Trevor,,cbarker@palmer.com,-1,448-324-5913x1906,2022-04-14
9718,Kevin,Cooke,,999,412.556.0933x4379,not available
1886,Christopher,Simmons,,75,073-232-9383x1282,2021-08-11
9842,John,Phillips,morrisheather@hotmail.com,-1,520-238-4390,2023-04-19
3620,Angela,Santos,ithompson@yahoo.com,999,068-190-6102x97412,2023-02-20
6970,William,Durham,vhardy@prince-gonzalez.org,999,6498113576,2023-08-11
5189,Damon,,jonathanhernandez@hotmail.com,999,001-908-645-3513x2395,2022-02-02
2250,Zoe,Owens,adriennereynolds@gmail.com,-1,623.041.4644x793,2021-12-19
4229,George,Lee,nmoore@yahoo.com,33,001-963-617-3914x91753,2020-08-19
8577,Ariel,Sloan,kevin14@harris.com,-1,965.624.5173x527,2022-12-24
9437,John,Johnson,justin83@hotmail.com,64,(304)665-8530x671,2020-07-04
3488,Kimberly,Mills,victoria55@alexander.com,-1,496-240-4042x129,2022-02-18
5024,Nicole,,lopezrenee@gmail.com,90,001-631-413-6817,2023-03-02
1185,Christopher,Jackson,justinpotter@park-moore.com,80,408-401-9700x2067,2024-08-17
1463,Louis,Perez,rrodriguez@hotmail.com,-1,,2023-11-22
2197,Stephanie,Russell,arianacole@horton.com,54,934.170.2858,not available
2684,Cody,Morales,edwardbrooks@hotmail.com,20,079-452-6342x16431,2020-07-26
4951,Denise,Anthony,kimberly27@cole-braun.com,999,5651470522,2022-04-24
2271,Jeffrey,Smith,xhudson@lloyd.com,999,,2020-08-05
3100,Veronica,Holloway,schang@dean.info,999,398-542-1565x919,2020-08-16
9512,Elizabeth,Webster,jacksonelizabeth@butler.com,999,001-584-515-9925x459,2022-01-17
6466,Linda,Lopez,johnstonchristopher@yahoo.com,70,(625)103-2044,2020-08-20
3840,Jeffrey,Baxter,mbarnes@gmail.com,-1,7599249128,2023-10-20
8860,Justin,Wolfe,nbrown@rogers.com,999,+1-196-845-5902,2022-08-04
6852,Jennifer,Coffey,foxemily@hotmail.com,20,1009445432,2021-04-11
4909,James,Payne,bkeith@yahoo.com,24,+1-484-140-0374x8403,2023-07-10
2430,Robert,Herrera,,29,001-120-602-2241,2021-11-29
7690,Kimberly,Parker,cooperleslie@gmail.com,999,+1-211-886-3626,not available
8152,Jonathan,Nichols,greg20@mcbride.com,-1,(619)338-9294x85599,2024-03-19
8544,Samantha,Hansen,phuynh@gmail.com,999,5989093176,2020-11-18
2707,Stacey,Villa,john36@hotmail.com,21,110-340-8542x2292,2024-04-11
2556,Renee,Brown,susan31@santos.org,85,907-591-9578,2021-10-01
9588,Russell,York,,76,+1-715-596-6428x55618,2022-12-13
8614,Cameron,Smith,sandra20@hotmail.com,999,001-130-112-9360,2023-02-20
1575,Stanley,,deniseelliott@hotmail.com,50,+1-033-591-4607x5411,not available
7322,Joanna,Bryan,louis90@hotmail.com,46,006.254.1076x769,2021-10-29
9119,Andrew,Vaughan,michael27@gmail.com,62,(163)473-2654,not available
1268,Jacqueline,Duran,smithgary@gonzalez.biz,999,258.379.6950x353,not available
4863,Kenneth,Singh,,999,,2021-08-25
6371,,Parsons,anna49hotmail.com,62,022-404-7972x6906,2021-08-08
9765,Jacob,Lindsey,andrew60@evans.com,999,983.730.5815x22086,2021-08-30
3410,Andrew,Campbell,wendyjohnson@miller.org,74,,2020-11-01
6836,Lisa,Rogers,,-1,(116)265-5475,2025-02-17
5833,Mark,Burnett,sarahbrown@yahoo.com,999,001-875-388-4376x42805,2020-06-27
8541,Morgan,Parsons,,-1,(665)717-0796x915,2022-08-10
8369,Dustin,Black,,19,001-480-606-8027,not available
7103,James,Durham,hollyellis@griffin.com,999,594.919.3947,2021-09-18
2547,,Craig,omacdonald@yahoo.com,999,,2025-05-02
3102,Alisha,Brown,pamelaosborne@cobb.biz,999,(403)028-1277,2024-06-13
6788,Samantha,Benton,nancy49@white.org,76,+1-623-758-3553,2025-02-03
6768,Jennifer,,mconley@hotmail.com,-1,+1-219-319-9652,2021-07-29
9897,Caroline,Hoffman,stacy61@robinson.com,-1,,not available
3215,Elizabeth,Crawford,,-1,001-599-199-4955x622,2023-04-19
1906,Heather,Myers,,66,+1-377-496-5260,2024-01-21
9664,John,Bowers,xjackson@gmail.com,35,683.362.4657x37146,2022-10-15
5708,Claudia,Sims,joshuagrant@russell-lawson.com,-1,525-706-2733,2021-06-28
5883,Laura,Escobar,elizabeth46@gentry-smith.net,999,969-441-7054x088,2020-06-11
7243,Zachary,Ball,craigbarrett@yahoo.com,20,,2022-09-20
4419,Christopher,Ross,jonathanbates@gmail.com,999,,2020-07-01
4522,Jasmine,,caseykeith@thomas-sherman.com,999,7656925934,2021-05-21
9928,Rodney,Brown,justinibarra@gmail.com,999,+1-321-171-0185x47989,2022-03-25
4932,William,Smith,igibson@yahoo.com,19,(303)514-2843x14113,2024-02-08
8900,Gina,Bush,josephtorres@yahoo.com,999,001-118-149-8042x750,2024-04-15
6802,,Parrish,tavila@freeman.com,-1,904-270-7615,2024-05-20
1003,Margaret,Collins,eugenechambers@yahoo.com,999,(491)231-5646x9561,2020-09-24
6211,Ray,Jones,kdalton@yahoo.com,84,+1-524-484-0243x171,2022-12-29
2404,Tiffany,,michael92@moss.biz,69,,2022-08-21
8666,Andrew,Hardy,gturner@robinson.net,999,,2024-07-15
5900,Krista,Smith,julie63@thomas.com,999,,2024-06-23
7576,Scott,Taylor,dray@berg-webb.info,32,001-153-786-7528,2021-10-24
5937,Cheyenne,Cain,robert98@yahoo.com,30,(478)099-5793x56846,not available
1003,Keith,Baxter,vfrost@hotmail.com,62,+1-909-597-3733,2021-04-19
9969,Nicole,Villarreal,david50@hotmail.com,999,(863)479-0802x432,2023-09-07
8237,Michael,Smith,thicks@gmail.com,20,,2024-03-15
5833,,Acosta,,-1,(321)269-2408x1251,2022-04-14
2879,Shirley,Foster,cody77@gmail.com,999,+1-050-931-7403x411,2024-06-19
9656,Lauren,Patterson,travisspencer@gmail.com,89,055.424.3725,2023-05-17
2783,Vanessa,Leonard,megan05@burton.biz,-1,063.644.6383x25435,2022-05-13
9695,Brandon,Roth,masongarciagolden.com,999,528.346.1277x693,2023-03-08
2684,Edward,Allen,callen@cox.com,67,(345)812-9682,2021-12-25
7150,Stacy,Wright,,-1,(085)509-1714,2021-03-14
3237,Lindsey,Keller,ypatel@price.com,999,704-825-1102,2022-08-01
1095,Travis,Lowery,judy48@griffin.com,999,+1-523-238-1922,2025-01-28
1470,Tammy,Davis,,47,572.174.7253,2022-05-29
5953,Matthew,Smith,ramirezrobert@becker-jones.org,-1,7571258286,2023-11-07
7712,Shane,Martinez,kimberlyhallyahoo.com,72,308.640.9764x093,2023-03-22
4587,Sarah,Lopez,melissa77@williams.org,999,(697)663-3058,not available
3771,Edwin,Bean,melindarichardson@grimes-montoya.com,999,8044860089,2021-12-25
9126,,,kimberly34@garcia-mclaughlin.net,28,687-863-6217,2022-08-16
4058,Angela,Soto,ygriffin@perez.com,79,442.103.5273x475,2022-04-07
1483,Joel,Collins,kylelynch@gmail.com,-1,548-444-4269,2024-02-04
3166,Kevin,Jackson,jeffreyhall@bass.com,999,012-311-4007,2023-11-29
7471,Alyssa,,milleramy@yahoo.com,24,,2020-12-25
2830,Charles,Garcia,tina53@hotmail.com,-1,+1-018-183-1458x72262,2023-07-02
3666,Melissa,Gordon,samantha00@bailey-daniels.biz,26,001-080-995-7408,2025-05-25
5368,,Anthony,daniel34@gutierrez-lopez.com,-1,768-339-7912x815,2022-08-11
7113,Sarah,Williamson,,999,,2020-11-30
1147,Shawn,Moore,brittany30@savage-ramos.net,-1,+1-066-988-1002x4978,2024-08-22
5935,Shannon,Wright,rickwilliams@hotmail.com,-1,601-363-1060x2397,2022-05-05
3639,Lisa,Torres,dustinwestgmail.com,24,435-549-2277,2021-07-08
5959,Nathan,Foster,barbaracollins@gmail.com,84,+1-125-132-4649x7965,2024-10-10
9627,Lisa,Cooke,christopher78@smith-kelly.com,26,(593)919-8470x9892,not available
7925,Jenna,Mosley,dannymoore@carter.com,27,,2023-11-24
3801,Carla,Richard,bchan@gmail.com,51,(787)522-6940,2022-11-13
8515,Joseph,Thompson,brownsheila@mcdonald-fowler.info,30,829-411-1069,2021-04-14
8915,Renee,Smith,jonathan14@gmail.com,-1,001-067-603-1483,2024-09-21
5315,Jean,,mary25@yahoo.com,84,972.589.8115x5932,2020-10-28
1046,,Grant,,48,236.137.3252x45581,2020-11-21
9929,Kathryn,Walker,ngillespie@bonilla.com,-1,001-459-328-7185,2022-05-24
9593,Briana,Moore,rwest@mckinney.com,999,(115)924-7548x8497,2020-07-29
2271,Michael,Harper,richardsullivan@yahoo.com,-1,(305)985-6559x367,2025-02-07
9259,Hayley,Thompson,gregory01@davenport.net,87,192.300.8125x18294,2024-02-02
6653,Michael,Parsons,james01@cortez.com,-1,+1-416-605-1658x21497,2024-02-06
2479,Raymond,Ramirez,jmartinez@warren.info,999,+1-795-055-9540,2023-11-05
7031,Jessica,Nichols,laura54@gmail.com,-1,447-275-8821x48962,2024-11-02
2153,John,,parksrobert@hotmail.com,-1,7387601846,2024-02-12
5435,,Black,patrick68@perez.com,41,+1-123-935-7221x8383,2025-03-30
4307,David,Wilson,madeline56@gmail.com,999,286-484-5399,2021-06-04
4987,,Green,asmith@robinson.com,84,,2020-11-01
9982,Jamie,Gomez,rodgersdavid@gmail.com,75,001-652-581-8759x79952,2020-11-11
4787,Heather,,tara43@yahoo.com,999,(360)299-8881x82091,2023-06-22
6503,Jessica,Hebert,sheilajones@short.com,-1,(881)463-7056x5936,2021-01-04
7380,Glen,Trujillo,george71@houston.com,999,016.176.8454,2020-06-21
1059,Rose,Petersen,brad78@mckinney-robinson.com,76,265.919.7320x484,2025-04-19
8987,,,obrooks@yahoo.com,999,001-733-849-9339,2020-12-28
8053,Courtney,Roman,sferguson@cortez-boone.net,10,207.462.1167x0178,2021-02-06
4715,Bill,Wall,ian75@harris-mullins.com,-1,(187)205-0427x759,not available
5067,,Johnson,,999,461.576.3041x761,2024-11-10
4265,William,Benitez,ediaz@yahoo.com,-1,1613221228,2021-01-10
7188,Joshua,Stone,lindatyler@mitchell-caldwell.info,-1,,2022-01-02
8018,Virginia,Ortiz,stephentucker@yahoo.com,999,176-842-9387x26578,2021-07-05
6835,Mark,Sharp,medinakevin@yahoo.com,-1,243-185-5695,not available
6691,Diana,Ochoa,robertcollins@hotmail.com,-1,(412)568-7062x24744,2025-02-27
1357,Brandon,Fuentes,,999,001-615-647-2561x169,2020-10-17
1691,Natalie,Morton,hector62@salazar.com,999,+1-789-514-9809,2023-03-17
3710,Amy,Wong,garciarandy@yahoo.com,999,(807)504-1023x94805,2025-06-01
8433,Brian,,jonathan47@gates.com,-1,208.417.9130x230,2021-02-15
7664,Joseph,Palmer,,74,+1-546-899-8734x09442,2020-11-13
1935,Stacy,Miller,peterspamela@taylor.com,21,001-325-985-0286x12000,2020-10-19
1703,Christina,Carter,thomas88@english-murray.com,55,8123913936,2024-09-09
5868,Leslie,Guerrero,jwalkeryahoo.com,17,519-385-3090x438,2021-01-26
4914,Tammy,King,petersendorothy@hotmail.com,999,,2021-06-27
4444,,Duran,zacharywhite@nelson.com,38,065-058-3615,2020-12-20
4885,Paul,Huang,brooksbilly@hotmail.com,999,685.443.8671x82727,2023-10-03
7465,Cody,Christensen,shughes@cummings.com,-1,959-493-6180,2025-05-21
7710,,Foster,heathermurphy@miller.biz,-1,001-840-222-7551x1300,2020-07-01
5551,Justin,Copeland,sjones@gmail.com,-1,920.071.5834x70776,2020-06-28
7269,Andrea,Long,petersjade@lang.info,86,,2021-06-07
7740,Gary,Jackson,antoniowilson@ray.com,29,(420)652-1196x46358,2024-01-05
5864,Jonathan,Thompson,ntorres@gmail.com,-1,907-276-6760,2021-07-07
2436,Dawn,Walker,jennifer67@yahoo.com,-1,001-732-611-4838x0831,2021-02-21
6010,Stephen,Gardner,kimrobinson@thompson-henderson.info,28,(664)579-1322,2021-09-02
4852,Natalie,,maurice70@elliott.com,999,(157)607-2660x78633,2023-01-16
2388,Stephanie,Brown,,-1,001-204-730-8283x527,2022-08-15
9938,Charlene,Watts,ayalaherbert@garrison.biz,51,350-031-9729x09861,2024-10-20
1003,Michelle,Stanley,kimberlyriggs@smith.com,48,+1-675-006-6618x0172,2021-11-02
6863,,Savage,kcantrell@newman.info,999,(561)856-9832x07230,2023-06-23
3642,Kendra,Moore,john40@patrick.com,999,001-465-385-5396x370,2021-11-08
3120,Kirsten,Sanchez,richardsonlinda@williams.com,-1,884.013.1355,2021-12-28
9525,,Bailey,marc99@yahoo.com,999,(700)935-3844,2024-02-07
9969,Keith,Chen,susan67coleman.com,29,598-292-0511x07224,not available
7040,Kelly,Garner,rachelnunez@robertson-nunez.org,76,+1-741-178-9218x0771,2024-06-06
2783,,Carpenter,gmay@hotmail.com,71,(421)804-2606x95706,2025-03-30
9259,Melissa,Howard,jonesjeremy@gmail.com,999,(556)435-7644x8943,not available
3561,,Welch,jeffreyhoward@gray.com,999,,2025-03-17
6229,Crystal,Flores,msimon@wood.net,-1,(084)440-5613,2021-09-10
6982,Susan,Barnes,daniellesmith@wilson.com,-1,268.787.2367,2023-03-17
9338,Hannah,Morgan,anablackwell@smith.org,999,001-611-516-7705x4469,2022-07-24
6535,Kevin,Vaughn,,-1,001-684-184-7048x7430,2024-02-17
6598,Cynthia,,harringtonbob@hotmail.com,30,(465)765-0756x1713,not available
6769,Julie,Villarreal,samantha12@mack.com,-1,039.813.9214,2023-04-07
9201,Jonathan,Shah,jose35@williamson-simmons.com,999,001-668-377-3340x23329,2020-10-02
9246,Shaun,,bgutierrez@stevens.com,999,252-699-8459x14906,2025-03-16
5921,,Lynch,,38,310.346.1789x99140,2025-03-14
7231,,Stevenson,vjackson@roman.net,-1,001-648-182-6504x2594,2021-11-24
1906,Rachel,Kirby,jodijohnson@smith.com,999,381.017.8611x983,2022-06-19
5045,Patricia,Perez,qanderson@hotmail.com,11,(624)077-1396,2021-06-24
9665,John,Hernandez,johnmoore@hotmail.com,999,216.554.2647x356,2023-10-24
4012,Gregg,,shelly64@bartlett.com,10,190-185-9655x683,2023-10-10
2570,Louis,Duncan,claireruiz@murphy-turner.info,-1,001-830-771-4765x385,not available
7790,Susan,White,adambrownhotmail.com,10,086-039-6485x724,2021-07-27
6385,Eugene,Schroeder,,84,161.340.0906x407,2022-07-13
6367,Sheri,Williams,jsteele@reed.com,70,105.715.8433,not available
4130,Michael,Russell,kramerderrick@davis-gaines.org,36,001-747-396-1710x832,2023-11-26
4064,Christopher,Trevino,maria48@hotmail.com,-1,(693)540-4727,2021-09-04
5624,Anthony,Cole,wreyes@hanna.com,999,,2020-07-28
5119,Christopher,Lopez,qbenson@yahoo.com,23,+1-258-085-3327x0271,2021-11-20
8756,Sherry,Scott,,84,042-996-8872x522,2021-01-16
9414,Monica,Glenn,debbie44@yahoo.com,15,739-221-1615x553,2022-11-28
3282,Gary,Hernandez,benjaminmorris@bowman.com,-1,001-166-142-1130x7611,2023-08-19
5583,Stephanie,Gibson,lorrainemurray@maynard.net,89,+1-858-033-3070x630,not available
1096,Stephanie,Moore,afoley@yahoo.com,999,872.020.3246x030,2022-10-21
7505,Randy,Sharp,nweber@gmail.com,11,+1-920-291-1622,2024-05-08
5658,Angel,Williams,gonzalesalison@smith-rodriguez.com,-1,004.290.8947x31050,2025-02-20
4686,Ellen,Johnson,amyhuynh@baker.biz,999,+1-440-979-2924x923,2024-02-02
2383,John,Morris,xmiller@hotmail.com,-1,001-991-618-4273x50964,2020-09-10
6776,Renee,,middletonsamuel@gmail.com,999,420-315-6508,2021-12-11
2869,Stephen,Armstrong,nfrench@yahoo.com,-1,001-808-859-1138x2166,2025-02-16
9954,Sandy,Lyons,dmiller@bradley-wilson.com,999,275-046-3717,2024-01-24
3684,Barbara,Stevens,curtismelissa@ford.com,999,817.408.6982,not available
6512,Benjamin,Cooke,,25,,2024-01-04
1235,Albert,Estrada,ian87@turner.com,69,869-808-0537x5817,2022-12-12
5872,,Harris,deborah28@gmail.com,-1,760.982.5163,2025-04-26
7896,Thomas,Butler,nealchristine@gmail.com,999,001-405-855-4319,2025-02-26
7667,Rita,,michaelnewman@gmail.com,-1,230.228.5431,2021-04-30
1245,,,,-1,672.779.4076,2021-08-23
9816,Hailey,Perry,kathryn68@brown.com,13,+1-370-228-8744x19495,2023-03-17
4474,Cynthia,Clark,robin19@odonnell.com,52,,2024-04-03
3185,Anthony,Chandler,,64,910.067.1115x2723,2022-06-24
3092,,Mays,bdaniel@yahoo.com,-1,699-565-7713,2021-10-03
1003,David,Terry,kingdaniel@hotmail.com,86,739-196-5248,2024-09-10
1571,Calvin,Craig,stephaniewhite@yahoo.com,-1,084.180.2637,2024-09-03
8566,Cindy,,jeremy83@carroll-jones.com,999,001-651-400-5247x80031,2024-05-19
4785,,,robertwilliams@turner.com,24,(889)636-3522,2021-04-05
5652,Johnny,Kennedy,elliottkathryn@gmail.com,-1,411-232-1979x310,2022-06-07
2872,Jillian,Mcconnell,ujohnston@perez.com,999,(128)714-2858,2023-12-19
9046,Ashley,Cohen,laurie95hotmail.com,999,001-640-698-0064x2244,not available
1003,Alexander,Collins,john93@hotmail.com,76,210.406.3783,2022-11-30
4557,,,jennifersaunders@gmail.com,12,680-660-6890x414,2020-11-25
4945,Brittney,Hardy,parkermichaelconway.com,20,(933)962-2879,2022-03-08
3881,Samantha,Gomez,omurray@hotmail.com,999,462.598.3052x86912,2020-06-29
2718,Joshua,Morgan,victoriarodriguez@whitney.com,-1,(054)669-9078x730,2020-11-13
9916,Haley,Ramos,,999,1514568299,2022-04-20
1003,John,Chaney,kimberlygolden@yahoo.com,20,,not available
1198,Patrick,Johnson,stephanie14@brooks-brock.info,38,(481)253-9452x719,2021-09-20
5544,Angela,,sallywilcox@doyle-wells.biz,-1,550-460-2428x7783,2021-05-21
9589,George,Baker,,90,297.745.3588x4895,2023-04-01
8789,Matthew,Williams,randalldawson@yahoo.com,-1,785.004.9032,2020-12-14
3877,Crystal,Coleman,davidwarren@ferrell.net,71,(479)538-3189,2022-09-05
9967,Ryan,Russell,donovandevon@yahoo.com,39,756-932-8091,2020-10-23
6056,Barbara,Edwards,tholmes@rodriguez-juarez.com,999,0779915598,2024-06-21
3559,Tonya,Watson,swoodward@hotmail.com,-1,9208618556,2020-12-02
1003,Zachary,Spencer,ashleyliu@yahoo.com,-1,375-231-6136x980,2021-09-17
5608,Jason,Payne,mharmon@gardner-washington.com,999,400.351.1715,2020-11-09
5778,,Walker,gcline@figueroa.com,999,001-916-560-6144,2024-04-08
9196,David,Price,robert57@hotmail.com,999,001-292-061-4631x1858,2022-06-15
1427,Dawn,Cook,zwalker@gmail.com,-1,835-173-0053,2023-04-23
9944,Kyle,Kelley,douglassanders@jensen-montes.com,999,+1-043-328-9227x24391,2023-06-23
2964,,Blanchard,paul80@williams.com,50,9727001055,2022-10-01
8187,Teresa,Johnson,schaefermary@yahoo.com,76,+1-405-429-9926x3730,2021-07-01
4507,Gina,Lopez,dorseynoah@duran-perez.com,999,001-638-792-8091x471,2021-10-06
2860,Douglas,Sanders,rossoscar@pacheco-holmes.org,999,611-024-6316x8013,2020-07-13
5239,Cynthia,Sampson,johnsonsergio@ortega-mathis.com,-1,,2022-02-11
2041,Jacob,Holmes,courtney67@hotmail.com,-1,584.875.3309,2022-05-24
9960,Dustin,Day,spencerstewart@yahoo.com,23,+1-493-234-8866x44135,2024-07-04
5737,John,Smith,,999,(704)074-2238x8193,2024-02-27
4893,Matthew,Burgess,ethangreen@hotmail.com,999,001-129-525-3804x3412,2024-07-20
3778,Theresa,Rivera,kimjoseph@hotmail.com,41,001-724-095-2369x47311,2020-06-12
6674,Sarah,Woodard,christophermiller@walker-adams.biz,43,4055184580,2021-11-04
1007,,Bradshaw,johnstonmichelle@hotmail.com,78,(446)476-2575x574,2023-06-21
8807,Michael,Bates,lyoung@bauer.org,87,818-834-8009,2021-10-07
7027,George,Davis,vdavis@yahoo.com,-1,001-537-810-5924x324,2022-04-04
1281,Maria,Miller,daniel12@sampson-reed.com,74,,2020-07-10
4787,Daniel,Thompson,poneill@yahoo.com,35,229-802-5972x173,2024-10-26
6709,Michelle,Clark,briangreen@clark.com,67,490-524-8622,2023-08-23
3686,Chad,Jones,davidcurry@gmail.com,999,(654)697-3995,2020-08-30
9633,John,Coleman,katrina02@robinson.net,999,4464891914,2020-08-12
7108,Dustin,,robert98@edwards.net,999,,2022-01-29
7634,Renee,,,83,001-933-730-8136x28081,2022-06-09
5712,Paula,Mcdaniel,tamijones@daniels.com,30,298-775-6975x67512,2024-08-08
2516,Michael,,chavezsean@love.com,38,705-991-0384x795,2021-08-11
6654,Kenneth,Powell,sanchezcassandra@hotmail.com,999,722.795.3165x49627,2022-03-08
7546,Ashley,Mills,michael24@luna.com,-1,(048)021-9239,2020-09-25
2289,Amanda,Porter,hwilliams@king.org,-1,3078518525,2020-09-11
8386,John,Robertson,psalas@freeman.biz,999,+1-975-936-2183,2025-04-29
8082,Michaela,Dixon,jacqueline79@williams-moore.org,999,402-827-8810,2023-09-02
2779,Susan,Wallace,natalie68@hotmail.com,999,140.830.9329,2024-09-19
4312,Gina,Whitney,timothygonzales@gmail.com,86,(412)012-9983x02770,2021-09-22
2923,Mario,Harris,justinwolfe@hall.com,48,(071)125-8000,2023-07-27
2634,Anthony,Brennan,jimmy11@wolf-robertson.com,61,,not available
9061,Anthony,Walker,angela24@mcbride.org,999,617.166.9198,2023-04-17
1003,Peter,Larson,michaelsoto@yahoo.com,88,787-185-5244,2020-08-21
6120,Donna,Rogers,,74,881-968-0620,2024-08-12
5988,Donna,Kidd,benjaminmiller@carson.biz,-1,001-072-934-7442x10669,2022-06-20
6143,,Jackson,,36,849.246.1446,2021-03-01
1003,Victoria,Rowe,moranjames@hotmail.com,999,313.891.0228x17599,2020-11-30
7653,Michael,,xmoore@baker.com,999,8177087799,2021-12-14
5680,Jacob,Lambert,scott91@robertson.net,52,+1-099-226-8434x9062,2024-01-28
7244,Brandon,Rivera,lindacolon@hotmail.com,999,+1-975-398-5282x8146,2021-11-14
5724,Eric,Garcia,qortiz@salazar.com,23,001-804-488-2134x56544,2022-09-04
5779,Kevin,Wheeler,brookeroberts@yahoo.com,74,413-427-4357x808,2023-12-25
3253,Patricia,Castillo,denise30@salinas.com,32,535.697.2984x555,2021-02-22
9720,Zachary,White,joelwolfe@watson-cross.org,999,503-164-2934,2025-04-03
5467,Michelle,Henderson,zromero@gmail.com,-1,+1-411-932-0404x9940,2022-02-21
5958,,Kane,bradley51@yahoo.com,999,973.855.0336x599,2021-02-09
9048,Amy,Bowers,megan88@adams.com,19,001-909-061-6093,not available
9015,Lisa,,marychambersdaugherty.com,999,054.008.3738,2021-09-06
6868,Andre,Cook,hsherman@gmail.com,-1,+1-423-912-1247x5704,2025-02-25
4006,Jessica,Simon,douglas08@yahoo.com,14,001-504-478-0697x26231,2023-10-19
5950,Alyssa,Wilson,,-1,,2024-06-01
7335,Matthew,King,john39@hotmail.com,999,(695)185-7560x433,2024-01-11
2385,Sharon,Williams,trevor51@moreno.com,999,319-337-3807,2022-04-07
9034,Julie,Jones,qware@yahoo.com,999,296-939-2526x5260,2021-08-12
9013,Jennifer,,villarrealanthony@mathis.com,80,269-044-2840,not available
4272,,Smith,daviselizabeth@yahoo.com,999,,2022-01-13
5294,Jesse,Maxwell,obates@vega.biz,999,396-623-3134,2024-03-12
8887,Debra,,krystalnelson@hotmail.com,-1,,not available
1488,Michael,Moore,barbarajackson@hotmail.com,29,129.403.6859x480,2022-11-17
8866,Keith,Orozco,deandavid@hotmail.com,44,,2023-11-20
4376,Jeremy,Carson,sharon25@hotmail.com,999,099-294-1210x1664,2025-03-23
3711,Jacqueline,Moore,logan58whitney-phillips.net,999,(749)257-9427x9322,2025-01-05
4683,Joan,Collier,vwilliams@gmail.com,-1,357.911.5573,2020-09-19
2862,Rachel,Larson,odougherty@harris-lopez.com,12,888.748.0283,not available
9472,Amy,Dickerson,erica96@hotmail.com,999,496.841.3750,2021-03-22
6849,Leah,Vazquez,tlong@gmail.com,-1,792-867-6784x7588,2020-10-11
1884,,Rodgers,mitchellrenee@brooks.com,-1,(763)700-7376,2022-05-25
7144,Greg,Hartman,mendozanathaniel@hotmail.com,90,031-463-2535,2024-04-08
9688,Christopher,Wilcox,,999,392.968.6738,2023-07-21
7708,Kathryn,Smith,,-1,460-918-9117x7963,2023-04-05
9993,Susan,Harris,patrick23@ross-taylor.com,58,1820594679,2022-10-17
5923,Christopher,Davies,wellsnicole@gmail.com,69,971-110-4183x72065,2025-05-07
7993,Scott,Anderson,tiffany77@scott.com,73,299-012-1904x39310,2025-05-20
4517,Veronica,Wagner,vancechristopher@yahoo.com,999,422.823.7344,not available
6364,,Hale,nmoore@guerra-williams.com,-1,,2020-08-09
5734,Daniel,Garcia,lopezangela@martinez-white.com,999,927.516.6543x778,2021-03-27
6190,Samantha,Pugh,amandacochran@murphy.com,-1,388.679.1064,2024-11-14
3787,Rebecca,Johnston,,999,+1-372-829-1968x6680,2023-01-12
8743,Glenn,Baker,jamesfarrell@hotmail.com,10,001-410-269-7899x6799,2022-12-27
9102,Sandra,Foster,uwarren@brown-reed.com,-1,320-388-2842x4925,2022-04-08
7431,Aaron,Ford,,-1,5873008774,2025-01-11
8035,Kendra,Martin,normanarroyo@martinez.com,25,+1-642-359-2159x4552,2024-09-18
9195,Joshua,Rivera,emiller@johnson.net,-1,(722)786-9867x7111,2021-04-12
4627,,Meyer,josephsmithgmail.com,-1,+1-914-921-8058x7816,2022-09-17
7398,Elizabeth,Knapp,kristen63@edwards-knapp.com,69,,2024-08-06
7960,Christian,Olson,joshua71@martin.com,-1,383-936-9498,2025-04-03
6507,Daniel,Johnson,,999,(378)651-8873x08697,2023-09-16
9883,Jim,Smith,iray@hotmail.com,70,806-987-2223x6792,2021-07-08
9143,Kimberly,Lucas,carlsonlisa@bennett-davis.net,-1,001-457-611-6699x1982,2020-07-20
7724,Tara,Strickland,krista20@clark.info,-1,941-974-6220,2022-08-07
5490,Mary,Chapman,ericabell@miller.com,999,884.680.7677x1598,2022-05-16
8146,Ricky,,alex76@tate.com,16,001-560-279-5313,2022-01-21
1961,,Tucker,brooksjustin@moore.biz,999,007-321-7838x1345,2025-02-21
2884,Amanda,,kristendiaz@mccarthy.com,999,+1-203-939-1318x82121,2024-04-19
6287,Jesse,Thompson,matthewjacobs@walker-hatfield.org,-1,(738)930-0247x63049,2024-10-05
1028,Wanda,Garcia,spage@garcia.info,999,2899017484,2021-02-07
4514,Cody,Jordan,mitchelllori@gmail.com,-1,090-727-6032,2024-08-10
1077,Michelle,Aguilar,jaclynpowell@gmail.com,76,332.905.5084,2024-04-21
8955,Morgan,Huff,anthony24@gmail.com,33,001-790-348-0841x2446,2023-07-20
4040,Catherine,Johnson,robert51@buck.info,61,(680)022-8307,2020-10-23
3178,Colleen,Carter,griffinsharon@gill-wood.com,75,938-692-0384x54464,2022-11-25
6562,Jordan,Smith,martinbeltran@murphy.net,999,001-528-398-1033x5393,2021-12-28
7095,Kelly,Scott,,69,,2025-03-14
5247,Amy,Adams,donnayoung@rivera.net,-1,+1-979-842-3264x82023,2022-11-07
1003,Nancy,Romero,jwright@hotmail.com,999,(279)497-5356,2021-02-09
5983,Dennis,Harris,valeriesalazar@hotmail.com,87,,2023-08-27
7777,,Barry,molly25@gmail.com,-1,+1-372-741-0062x294,2023-04-09
9780,Linda,Johnson,bradley59@chandler-harper.com,999,,2020-11-23
2312,Jay,Moody,,999,+1-467-764-4956,2023-07-22
2875,Joe,Jones,adamsjasmine@smith-wong.biz,-1,(383)000-0715x47838,2020-06-22
6611,Monique,Mcdowell,stoutmaureen@smith.com,-1,827-717-9145,2021-05-01
1806,Mikayla,Stephens,othompson@yahoo.com,-1,(503)344-3340x872,2020-10-08
7194,Chad,Schmidt,briannelson@gmail.com,999,655.968.9667x213,2024-11-23
7197,Todd,Harmon,vrodriguez@gmail.com,-1,+1-700-281-0250,2023-12-31
4797,Rachel,Jordan,,30,001-328-061-6016x06789,not available
5008,Becky,Kemp,mmassey@waters-garcia.biz,999,+1-629-596-7151x42744,2021-11-17
2761,Mary,Beck,beverly90@yahoo.com,-1,(025)844-6297x4628,2024-04-09
8374,Kevin,Benton,melissajones@gmail.com,48,,2020-08-14
9312,Sonya,Ortiz,jennifer79@hotmail.com,56,,2023-07-04
5593,Jeff,Esparza,regina65@gmail.com,25,(781)317-9190x6904,2020-07-30
9629,John,Jackson,patrickjeffrey@gordon.net,999,584-925-9761x77117,2024-04-09
4460,Sara,Hernandez,cynthiasimon@gmail.com,-1,394-924-2277x447,2022-05-20
2010,David,Kent,adamsantiago@galloway-silva.com,43,714.478.3636x822,2024-04-04
4191,Shelby,Rodgers,,999,001-747-665-4776,2024-11-08
4724,Elizabeth,Stone,elutz@gmail.com,16,100.727.5476,2022-04-25
8979,Jennifer,Graves,,-1,(459)497-0211x98877,2021-01-08
1003,Sarah,Freeman,,-1,021.050.0114x142,2021-04-27
3296,Angela,Wilkins,franceswilliams@gomez.com,88,135-132-0819,2024-09-12
1116,Alexander,Smith,patrick16@hotmail.com,999,8574397017,2025-05-09
1003,James,Cunningham,ukim@gmail.com,-1,564-740-3499x175,2024-01-12
5759,Ashley,Watson,rebecca23@perez.com,89,861.253.0724,not available
6286,Christopher,,montgomerysarah@brown.info,88,181.473.5022,2020-09-16
3053,Travis,,phamtroy@jones.com,-1,(582)244-8038,2024-01-22
2249,Jill,Curtis,leslielong@gordon.com,999,250-135-1456,2024-01-15
1003,Jonathan,Lane,nicole36@daniels.net,-1,,2024-02-10
6932,,Sanders,,999,+1-947-714-3034x58514,2024-09-28
2520,,Conley,,999,,2023-02-09
8754,Adrian,Compton,huynhmeghan@ward.com,86,010-227-0688,2023-12-17
3847,Stacy,Hayes,traviswalker@mcclure.com,48,+1-972-245-0387x8710,2020-08-16
8687,,Velazquez,zharrisgmail.com,41,391-199-3492x4065,2024-05-27
2778,Victor,Warren,istewart@gmail.com,999,861-053-7308,2021-05-27
7173,Edwin,Webb,morenojonathan@yahoo.com,999,905-203-1518,2024-08-28
1768,Alan,Brown,qheath@garcia-smith.com,999,2949048885,not available
9922,Tammy,Jones,ajenkins@thompson-thomas.com,49,+1-153-554-9291x998,2022-01-21
9917,Robert,Brock,ghicks@gmail.com,999,(652)506-0144,2022-04-16
4930,Deborah,,megansherman@garcia-boyer.net,-1,(328)622-7575,2024-06-14
8230,Joseph,Johnson,davidanderson@yahoo.com,-1,(889)533-2859x35578,2024-10-24
6421,Kent,Luna,cwilson@gmail.com,66,8927903731,2020-11-29
7585,Brian,Schultz,thomas70@odonnell.net,18,(551)488-6035x5103,2024-12-16
6396,,Jones,berryterri@miller.biz,48,454-896-8648,2022-04-10
9799,Martin,Davis,cassandraking@adams.info,56,(805)863-6000,2023-10-25
3870,Robert,Cantrell,evanssandra@evans.com,45,757-952-6088x8828,2025-02-22
2250,Julia,Trujillo,ian46@roberts.com,70,082-817-6767x496,2023-05-28
2675,,Schmidt,tsmith@ray.com,20,(671)967-1184x5699,2024-08-20
6798,Robert,Evans,phillipssheila@lynch.com,999,1288248664,2024-08-03
2357,,Foster,,999,(152)733-3324x8931,2022-11-10
1161,,Lopez,andersondanielle@garcia-russell.com,-1,001-313-482-4876x864,2024-05-18
7238,Stephanie,,mannchristina@rodriguez.com,999,,2023-11-23
9251,Bryan,Thomas,deannaduncan@sanchez.org,35,001-737-383-8129,2023-03-02
7921,Steven,Gregory,,21,1414756956,2024-11-21
1560,Derek,,josephbaker@gmail.com,-1,832.439.0517x5165,2021-07-30
1243,Sarah,Reyes,sanchezdustin@hotmail.com,999,017-345-9771,2022-04-17
8822,Brent,Jennings,vlawson@phillips-armstrong.com,-1,+1-074-101-6998,2022-07-25
1294,Julie,Zimmerman,stevenflowers@yahoo.com,999,959.359.7241x828,not available
1003,Cristian,Roberts,samuel59@yahoo.com,86,,not available
3531,Jesse,Manning,jjohnson@yahoo.com,999,(373)974-5858x5441,2021-09-01
1003,,Wright,gbanksyahoo.com,999,275.161.6072x30245,2021-02-20
6849,Kara,Morgan,jcarter@yahoo.com,-1,001-463-405-5637x437,2021-09-21
4067,Zachary,Nelson,todd42@hotmail.com,999,389-411-9036x3871,2023-01-06
5897,Lee,Brock,lsmith@yahoo.com,-1,001-484-020-7355x703,2022-09-06
2051,Tristan,Palmer,,-1,269-499-9486x920,2021-01-23
9371,Angela,Davis,thompsoncasey@yahoo.com,43,883.227.9065x34915,2020-08-13
8277,Dylan,Simmons,roy13@lopez.com,999,+1-803-360-1309x78696,2023-03-31
9333,Julie,Long,leebrian@hotmail.com,49,+1-068-475-8861x957,2024-02-16
4598,,Weaver,wanda47@hart-fritz.net,77,839.318.3015x68643,2020-10-15
8865,Richard,Luna,laura27@scott.com,-1,0424481927,2022-08-10
6335,Kevin,Booker,millerkayla@gmail.com,40,+1-136-095-0664x95755,2022-01-05
7532,Isaiah,,crivera@baker.biz,-1,(838)432-2789x713,not available
7047,Thomas,Watts,jtaylor@washington.com,49,311.070.0288x3296,2021-10-02
1021,Margaret,Quinn,tzhang@davis-shaffer.com,-1,3891406839,2020-12-11
9173,David,Campbell,,51,7223301728,2022-08-18
3194,Vickie,,,16,224.165.5761,2023-10-17
5849,Michael,Norman,,64,001-630-189-9316x84703,2024-05-20
4693,Gina,Hunter,sanchezgary@gomez-chavez.com,-1,+1-077-884-8373,2025-02-20
1003,Terri,Clay,ericaphillips@yahoo.com,34,(914)950-6068,2020-11-17
7682,Richard,Mueller,joe27@yahoo.com,23,001-100-283-5843x86021,2024-07-05
9433,Andrew,Sanchez,,28,001-707-559-4180,2024-11-09
2497,Richard,Miller,shawnhess@gmail.com,78,(101)969-9827,2024-01-30
4796,Carmen,Baker,,-1,(860)522-5559,2022-10-09
5695,,Allen,kelliprice@may.com,-1,6728965643,2021-01-30
3989,Kevin,Perry,svasquez@yahoo.com,999,(257)661-4646x86499,2023-12-29
5262,Charles,Ali,escobaralex@hotmail.com,999,3074532524,2023-08-17
5839,Jose,Manning,phamscott@yahoo.com,25,954-613-8108,2023-01-25
3188,William,Hart,vasquezmichael@gmail.com,999,1514254835,2023-12-25
1003,Tiffany,Nichols,megan96@sosa.net,-1,913-455-6720,2023-01-06
6984,Jennifer,Dorsey,stephaniewood@blankenship.com,999,(895)923-7446x94895,2024-05-01
9178,Christine,Mcmahon,lramirez@mckinney.info,-1,,not available
5164,Jonathan,Jackson,mark79@terry.com,999,,2021-01-05
1003,Brandon,Alvarez,ramirezsonya@hawkins.org,39,550.993.6073x557,2020-07-18
9395,Brenda,Summers,hbarrett@patton.com,999,685-952-0341x173,2025-02-05
5096,Tyrone,Valdez,rsummers@yahoo.com,999,188-570-7219x3572,2023-01-31
3355,Christopher,Rogers,,-1,+1-556-335-1134x48216,not available
9839,,Trevino,anthonynorton@yahoo.com,51,236.593.8233,2021-01-04
1334,Rebecca,Kelly,patricia83@bullock-jones.org,-1,+1-121-936-5033x91013,not available
6849,Carol,Davis,starkbecky@hotmail.com,999,001-292-697-7720x9799,2023-07-27
2365,Danielle,Boyd,zdeleon@stone.com,999,001-359-627-4905,2022-01-13
8851,Andrew,Garcia,carolyn93@yahoo.com,56,,2022-09-05
2819,Christopher,Maxwell,elizabeth51@taylor.com,-1,166.639.3627,2021-07-17
3271,Tabitha,Garcia,tweaver@yahoo.com,-1,462-486-9620x03027,2021-01-18
5773,Angela,Nguyen,justinwhite@stevens.com,-1,293-123-5004x7674,2025-05-21
7501,Joel,Bryant,peternunez@gmail.com,-1,810.558.8478,2023-03-29
6034,,Hill,dana41@yahoo.com,999,(054)771-6160x9989,2025-04-27
8102,Jackie,,williamstodd@hall.com,999,591.319.0805x5263,2024-12-27
2310,Julie,Callahan,lboyd@boyd.biz,68,8745535906,2024-03-21
2029,Anthony,Kramer,xmichael@arnold-cabrera.com,-1,271-918-7227,2024-02-07
6872,Jessica,Hamilton,ericaguilar@yahoo.com,78,863.990.8638x15681,2024-10-20
2315,Michael,Clark,michaelfuller@yahoo.com,999,+1-708-725-3481,2024-06-16
8909,Michelle,Martinez,leewalton@gmail.com,999,528-089-8497,2024-12-06
3871,,Tucker,fernandobowen@vance.biz,-1,802-413-2340,2022-02-27
8520,Sergio,,oduke@martinez-wright.com,-1,(066)202-3197,2020-07-14
1153,Luis,Stewart,ipooledelacruz.net,40,441-203-2606x7023,2024-06-26
9598,,Green,martinezbrendan@hotmail.com,999,+1-620-686-6664x96776,2023-09-30
9343,Samantha,Booth,iangeorge@yahoo.com,79,251.013.0622,2025-02-20
6663,Nicholas,,ledawn@hotmail.com,-1,001-582-978-2603x132,2024-04-22
4676,Grant,Gilmore,ochoasteven@yahoo.com,-1,,2023-03-03
6382,Christopher,Holder,lanecarmen@gmail.com,16,5137313997,2022-08-30
3442,Diane,Stewart,roachpaul@sims.biz,55,001-030-424-6638x172,2024-08-06
8862,Andrea,Bryant,,67,7508966361,2025-05-03
5421,,Johnson,billyrodriguez@hotmail.com,999,367.246.8466x7561,2021-11-06
9320,Robert,Jones,mendozaduane@yahoo.com,76,+1-720-463-3190x1929,2024-07-04
3879,Michelle,Ford,ufox@gmail.com,-1,338-435-4529,2021-08-20
6577,John,Smith,butlerkimberly@potter.com,75,194.760.4224x57918,2023-11-10
1003,Donna,Preston,vthompson@yahoo.com,999,+1-562-860-9794x87941,2024-05-14
3636,Chad,Jackson,nicholasbarnett@hotmail.com,999,303-501-8596,2020-11-12
8398,Debra,Lynch,jefferyoneal@smith.com,-1,+1-122-742-5303x8052,2020-06-05
1003,Roberto,,aaron68@hotmail.com,35,001-778-338-3550,2023-10-24
8518,Melissa,Ho,mrodriguez@hunt-jordan.com,999,(753)901-6001,2021-03-27
3640,Kevin,,richardshaw@elliott-mack.com,82,001-811-364-9291,2022-05-12
9927,Zachary,Shah,justinaguilar@khan.com,999,001-359-687-0913x64643,2022-10-08
2220,John,Brewer,thomas90@mcknight.com,-1,143.124.8772,2020-06-27
7020,Kimberly,Taylor,kgardner@davidson.biz,-1,7025597758,2021-07-20
4013,Jimmy,Perez,dsandoval@gmail.com,-1,001-478-418-1166,2022-12-06
1828,Joshua,Hall,angelicanelson@yahoo.com,-1,265-300-3240,2022-08-04
3678,Robert,,pearsonfrancis@perez.com,40,256-647-0301,2024-08-16
6108,Damon,Mckay,jdickerson@simmons.com,999,(480)802-8769x9376,2023-01-20
5846,Brandon,Brooks,,18,+1-083-820-0922x98656,not available
3491,Lisa,Trevino,cainhaley@arnold.net,25,168.955.6479x9485,not available
2096,Gregory,Sanders,,-1,444.434.2181,2023-06-20
1801,Luis,Richmond,dharris@gmail.com,22,228-772-5385x931,2024-01-06
3957,Michael,,brittany29@hotmail.com,-1,+1-271-717-4895x27281,2020-08-20
3985,Jessica,Jones,ewoods@ali.com,-1,376-985-3925,2023-01-10
8824,Kenneth,,joybrooks@kaiser.org,-1,749-853-9074,2023-05-02
2441,Dana,Thornton,davidhurley@gmail.com,-1,175.129.9146,2022-11-10
8030,Jacqueline,Griffin,,999,5926852276,2023-07-04
1326,Karen,Williams,mmorris@yahoo.com,999,(557)810-8723x9461,2024-09-03
5288,Heather,Harrison,meganrobertson@gmail.com,999,,2020-11-13
6889,David,Thomas,moodymatthew@gmail.com,999,(386)570-7912x8231,2024-06-06
2008,Alisha,Holmes,baileysandra@rowe.com,10,(306)693-2775,2022-12-18
8394,Matthew,Hubbard,kelleyheatherwoodard.com,-1,219.224.8214,2021-07-02
2724,Danny,Thomas,christopher10@byrd.com,-1,001-962-370-5466x598,2025-01-15
8694,Thomas,Roberts,mvincent@yahoo.com,999,1681283901,not available
9455,Amanda,Gamble,elliottsarah@hotmail.com,-1,413-061-8189x11771,2021-08-02
2154,Gregory,Gonzales,wwebster@washington.info,-1,(206)380-6393x8893,2023-09-10
8037,Hannah,Moore,melaniehorton@hotmail.com,999,(831)105-2429x070,2022-03-13
9350,,Melton,bishopbradley@yahoo.com,22,+1-340-748-4924x4619,2022-06-29
3889,Victor,Walker,brucejackson@wallace.org,47,(156)720-0640x863,2023-12-20
9429,Wesley,Mcdonald,meagan17@yahoo.com,38,139.483.7098x361,2022-07-18
5276,Carmen,Cooper,bensonfrank@yahoo.com,-1,+1-240-788-6998x5703,2023-11-28
6189,Brittany,Greene,bford@jackson.com,74,+1-416-914-4140x8417,not available
2785,Joe,Wilkins,vmosley@hicks.com,79,,not available
9002,Denise,Peterson,dgutierrez@gmail.com,-1,536-747-5435,2021-06-11
9629,,Pennington,royandrea@simpson.com,-1,761-410-4782x708,2025-04-06
2611,,Ward,thorntondylan@yahoo.com,83,,2022-12-21
9008,Erin,Martin,clinton93@hotmail.com,18,(358)733-4734,2021-12-26
1003,Eduardo,Edwards,,999,001-577-068-9191x55657,2023-03-09
4116,Daniel,Frazier,martinrobin@hotmail.com,15,(632)916-6196x676,2020-11-03
8260,Alexis,Johnson,everettamy@gmail.com,57,317.365.9890x27038,2024-10-07
3070,,Jones,kmccormick@davila.net,-1,,2024-04-22
4821,Gary,Richards,rickyandrews@hayes.biz,-1,932-213-7263,2023-09-18
8940,Samantha,Simpson,wrightcassandra@haley-henry.info,999,(516)683-4973x927,2025-01-02
5246,Michael,Decker,ssalazar@garrett-cain.com,999,(124)542-5517,2022-03-14
7018,Nicole,,jesse00@reyes-hernandez.info,-1,001-349-295-8381x7679,2024-07-12
6697,,Hunter,jane64@allen-shaw.biz,-1,(927)556-9900,not available
1084,John,Collins,ashleymills@howard-jackson.net,-1,136.491.4185x8256,2023-11-26
8198,Allison,Johnson,torresstacy@gmail.com,999,215.779.7288x3330,2024-07-08
3159,Hunter,Lee,lopezjulie@hotmail.com,-1,001-623-456-9550x4724,2022-04-12
1003,Ana,Gallegos,fisherjeffrey@yahoo.com,-1,+1-260-054-4191x81324,2021-07-23
6779,,Kim,newmanmichael@patel.org,81,(228)789-3914,2020-11-08
4960,Jeremy,Jones,acollins@hotmail.com,-1,001-401-867-2870,2021-07-03
2596,Abigail,Donaldson,tylerlewis@yahoo.com,999,(928)782-5210,2023-05-25
5641,James,Booker,john58@gmail.com,999,853.333.4190x56538,2022-10-23
7317,Shawn,Whitney,xwalker@yahoo.com,999,6392653088,2023-01-03
7704,Tamara,Phillips,mark41@hotmail.com,52,435.587.1534,2020-11-11
5702,Danny,,amyscott@carter.org,-1,1772795875,2024-09-07
7559,,Palmer,anthonymiddleton@gmail.com,54,(444)206-2278x60561,2022-07-23
3173,,Osborn,timothy81@winters.info,-1,+1-249-867-7727x28409,2023-11-22
7890,Vicki,,michelle66@gmail.com,-1,001-338-199-5761x81142,2020-06-17
1128,Michael,Ellis,patelrichard@yahoo.com,999,+1-207-394-7272x262,2022-07-14
5786,Stephanie,Brown,llawson@hotmail.com,15,(424)672-2794,2021-11-02
8295,Jacob,Cole,peterbarnes@clark.com,999,,2023-10-11
7780,Heather,Lee,toddhernandez@good.com,999,+1-659-471-8812,2022-02-10
2302,Cathy,Taylor,kmorris@elliott.com,999,,2022-10-29
8694,Lauren,Kim,dfrench@compton.com,85,(002)596-6570,2024-11-20
1003,Angela,Wilson,elizabethevans@peterson.com,-1,8340345726,2021-12-13
9357,Tiffany,Johnson,clarkrhonda@yahoo.com,78,327.009.1320,2023-07-25
6340,Latoya,Hernandez,thernandez@hotmail.com,-1,,2025-02-04
5968,,Payne,nbradley@cruz.org,999,218-295-4186x646,2023-02-16
5875,,Russell,ybright@hotmail.com,999,+1-489-462-8759x977,2024-01-22
7728,Luis,,hodgesgina@gmail.com,81,001-727-892-1682x0055,2022-07-04
8378,Steven,Butler,cpriceyahoo.com,27,001-155-366-7925,2020-11-18
8840,Jennifer,Roth,duranmeghan@hotmail.com,999,,2022-10-17
3876,Richard,Mcknight,stanleykevin@romero-smith.com,-1,+1-795-573-7090x5750,2023-02-23
3678,,Eaton,millercindy@miller.com,-1,497.347.2486x1077,2021-08-18
9892,Christina,Townsend,,61,001-000-388-7654x1664,2024-02-27
7239,Lance,Mays,charlesharris@gmail.com,999,,2022-10-23
9916,Kyle,Murphy,taylor38@gmail.com,999,001-196-456-9821x89861,2022-01-27
7602,Lucas,,,77,001-841-407-5807x137,2023-05-08
7184,Joel,Lowe,victorialee@yahoo.com,999,(630)055-3198,not available
8148,Amanda,Wagner,eperez@stevens-peterson.info,-1,666.170.4530,not available
1003,John,Savage,,51,,2023-08-13
8736,,Kaiser,lynnpatricia@newman-payne.com,999,2478874395,2025-02-16
8790,Jasmine,Rivers,jennifer73@bernard.info,999,,2022-05-08
3041,,Scott,michaelsmith@gmail.com,999,577-572-2277,2025-01-09
5676,Eric,,stacey82@wilson-rivera.com,-1,365.915.2419x4546,2020-08-09
9784,Robert,Flores,iwilliamson@yahoo.com,999,9300660432,2022-04-28
5187,Karen,Brooks,freemanbrian@cline.info,-1,(122)914-3531,2023-03-08
9784,Aaron,Brown,caguilar@gmail.com,66,,2022-03-17
9795,Holly,Hernandez,jamespowell@gmail.com,-1,001-715-503-5126,2021-09-23
2282,Daniel,Johnson,davidmoorehotmail.com,-1,(605)437-4471,2020-11-16
9536,Hayden,Garcia,mariecarpenter@yahoo.com,18,001-257-983-0933x9232,2021-02-24
7250,Ann,Ramos,hannah09@farrell.com,999,(824)364-1943x90633,2025-01-28
5510,Kimberly,Holmes,,67,+1-660-472-0423x989,2025-04-21
4435,James,Schaefer,kgross@lopez.com,-1,001-775-402-5174,2022-11-06
4011,Samantha,Foster,kelly38@clarke.net,999,698-903-7116,2023-04-16
1265,Christopher,Garcia,hallrachel@butler.com,33,050.004.1894,2023-12-29
1019,Jeremy,Smith,santosgene@hall.com,999,025.223.5615,2020-12-10
8288,Heather,Johnson,debrabradford@holland.org,-1,(920)101-8433,2024-08-07
4030,,Smith,qorozco@gmail.com,-1,+1-466-064-3482,2022-07-23
2307,Lacey,Barton,donna93@gmail.com,-1,859-266-9072,2023-03-01
6780,Karen,,raymaureen@chen.com,-1,848.406.9872x349,2023-04-23
2319,,Hill,changvalerie@gmail.com,-1,277.674.8079,2022-12-25
4806,Shelly,Anderson,jeffery42@yahoo.com,-1,778.142.6080,2025-04-18
7703,Andrew,Humphrey,kimberlywilliams@yahoo.com,70,1169235427,not available
9425,Benjamin,Webster,williamschristopher@hardy.info,-1,(124)606-7315,2021-03-19
1003,,,josehines@tucker.info,-1,001-401-930-3012x10751,2024-12-05
7215,Dawn,Williams,shanemoran@hotmail.com,999,001-654-003-2461x0287,2024-08-01
6085,Jason,Snow,madisonclark@yahoo.com,-1,009-751-9592,2023-11-16
3675,Cassidy,,melissamckenzie@lee.com,999,825-954-9384x436,2022-01-28
6066,Scott,Rivera,jarmstrong@gmail.com,999,+1-183-540-2114,2022-10-08
8709,Brittney,Simpson,jessica93@yahoo.com,53,(420)339-3005x09580,2020-07-16
3829,William,Sanchez,hallcody@yahoo.com,999,(894)558-7799x4950,not available
5846,Lisa,,,-1,+1-079-693-3379,not available
3359,Jessica,Chan,phillipschristopher@yahoo.com,999,653.208.3518x55825,2022-09-08
1758,Debra,Morris,gjenkins@hotmail.com,999,442-761-2965,2024-11-16
6354,,White,mitchelljon@gonzales.biz,999,814.048.1008x58105,2024-01-09
2862,Matthew,,mitchellgregory@gmail.com,10,(124)388-3161x5559,2022-06-18
7271,Joseph,Kline,ohall@cooper.com,-1,779-708-9955,2021-07-18
3061,Douglas,Wilson,lisa86@spears-johnson.net,999,577-472-3171x1588,2025-01-07
9493,,,,999,405.457.8859x7947,not available
6324,Caitlin,Watson,nealelizabeth@estrada.net,999,7161761474,2022-04-09
4008,Paul,Nixon,wangchristopher@stanley.com,-1,471.460.9570x11281,2023-04-14
8808,Brian,Kelly,wcampos@hotmail.com,-1,,2025-01-19
4149,,,fjohnson@richardson.com,-1,323-238-6471x949,not available
1624,Amanda,Rodgers,mcdonaldcharleshotmail.com,999,+1-251-737-3638x814,2025-03-23
9892,Cynthia,Pham,janet70@martin.com,-1,552.256.0371x5364,2021-03-03
4596,,Bird,glennclark@murphy-white.com,55,+1-498-163-1909x724,2024-09-13
7581,Brandi,Taylor,waltoncatherine@yahoo.com,999,001-086-756-6217x793,2021-09-29
5333,Jessica,,,-1,768.403.1163,2021-02-08
2336,Michael,,,49,859-402-6435x077,not available
5768,Samuel,Luna,lsmith@hotmail.com,50,001-321-270-8107,2025-02-17
4806,James,Clark,shawn35@hotmail.com,-1,534.823.8718x18494,2020-07-01
1003,Kevin,Mullins,lauraking@gmail.com,15,(604)629-8194x615,2020-08-31
4870,Tiffany,Kramer,joannethompsonhotmail.com,85,,2022-08-24
3802,Melvin,Holt,,68,,2020-08-11
2846,Sarah,Wise,ptucker@rhodes-boone.biz,-1,(418)802-2900x797,2022-09-18
2615,Donald,,kfrye@bender.com,999,+1-002-962-0454x3488,2024-08-01
9371,Jose,Stewart,elizabeth67@hooper-powell.com,-1,,2022-03-03
1003,,Wang,dudleysara@dodson.net,999,001-184-217-0292,2020-09-03
2294,William,Evans,amaxwell@yahoo.com,999,,not available
5991,Misty,,millsdarrenrodgers-mcdaniel.com,15,001-307-040-1930x27415,2021-07-08
4707,Kelly,Martin,oreed@rosales-martinez.com,999,(236)071-3473x36996,2022-07-19
6878,Lauren,Fischer,kimberlyward@gmail.com,999,384.115.5515,2024-03-27
8879,,Thomas,christophernguyen@gmail.com,999,(910)240-4055x081,2022-11-19
5673,Maria,Lane,aaron44mclaughlin.com,-1,001-361-945-5531,2020-12-01
6097,Tracy,Guzman,watsonderek@wilson.info,-1,934-519-7153x4082,2023-09-10
3856,Robert,Santana,anthonyrogers@gmail.com,-1,487-263-0653x25278,2024-11-16
8363,Gregory,,jennifermitchell@richardson.com,37,(495)264-5950,2024-02-06
1003,Dawn,Davis,jeremy71@gmail.com,-1,+1-063-557-9504x6686,2024-11-26
7497,Monica,Bailey,kimberly14@swanson.com,38,(800)494-5016x2943,2023-06-22
2599,,Velasquez,jennifersanders@hotmail.com,-1,,2021-07-15
6968,Judith,Lee,ahuff@rivera.info,999,,2020-11-07
9000,Destiny,Kramer,eyoung@hotmail.com,999,001-977-223-3859x937,2021-11-22
1297,Latoya,Munoz,,999,001-626-573-0426x51021,2023-09-25
9054,Charles,Duke,sleedavis.com,-1,257.049.2419,2020-08-15
5100,,Sanchez,smithhannah@gmail.com,-1,+1-325-780-8910,2023-01-11
5288,Jonathon,Mckinney,xpalmergmail.com,45,875-551-0362,2023-01-22
3345,Timothy,Carter,omedina@hotmail.com,-1,(411)574-3860x84063,2021-06-30
2944,Christina,Phillips,john68@bradley.com,-1,3798081861,2023-01-20
8480,Clayton,Alexander,nicolelopez@hotmail.com,-1,+1-015-413-8489x77922,2023-10-14
6941,Linda,Bell,wcastillobaker.com,-1,274.899.9491x272,2022-12-08
9246,Robert,,qbrown@turner.com,999,603.549.0430,2021-01-25
7234,Stephen,Smith,anthony90@hotmail.com,37,185.111.4864x17157,2022-01-18
2724,Michael,Barrett,reevesjessica@gmail.com,999,6503434149,2021-10-30
8270,Ryan,Bernard,trevor81@hotmail.com,999,+1-455-551-6221x78734,not available
8689,,Hammond,wperez@gmail.com,21,+1-626-166-6258x42893,2022-09-06
5187,Brianna,Campbell,eric35@franklin.com,29,+1-248-168-2855,not available
2210,Anthony,Stevens,,999,,2022-01-20
5741,Matthew,,,19,024-895-6121x2614,not available
2285,,Ross,ashley14@hotmail.com,37,+1-618-662-3996x366,not available
5389,Frank,Blackburn,,86,601-340-9678x750,2022-08-24
2989,Douglas,Lyons,kferguson@yahoo.com,-1,+1-176-131-9031x98725,2024-01-15
7813,Gerald,Boyer,psanchezgmail.com,-1,870.430.7232,2024-11-02
8111,,Singh,kim93@knight.com,14,,2025-03-06
5116,Thomas,Weaver,zhart@jennings-pollard.com,-1,8472071116,2025-05-26
1006,Christopher,Barnes,johnmarquez@chen-stuart.com,999,,2023-02-05
4446,Nicholas,Stanley,wrighttammy@gmail.com,999,(312)365-8661x794,2023-09-07
3913,Rebecca,Walker,davidgordon@payne.info,15,(190)599-5794,2024-02-23
1500,Kristin,Johnson,aaron94@hotmail.com,63,(274)352-0968x2795,2021-01-26
5246,Don,Burton,blanchardmichael@morrison.com,999,+1-636-816-1193x4013,2023-06-26
1003,Matthew,Scott,jennifer30@hotmail.com,48,507-653-1441x503,2022-12-29
5635,Leonard,Bradford,duaneburgess@schultz.com,999,(656)190-3028,2022-06-05
5758,Andrew,White,ufernandez@snyder.org,-1,,2021-12-14
7219,Kenneth,Johnson,msmith@gmail.com,999,,2024-11-26
4981,Christopher,Phillips,kellywheeler@williams.biz,-1,3509326049,2021-07-05
5888,Christopher,Mora,jonessteven@yahoo.com,999,865.896.7744x966,2023-03-24
5799,Kevin,Price,carrollshawn@gmail.com,-1,382.797.0962,2024-01-26
7023,Sheri,,rosetraci@yahoo.com,999,(367)435-8952x19442,2021-04-11
6379,Carrie,Martinez,rosekathryn@mitchell-bruce.net,53,086.438.9865x7855,2023-09-17
1649,Katherine,Hernandez,dkane@gmail.com,-1,279.167.4711,not available
6427,Maurice,Thompson,jenkinsangela@hotmail.com,-1,001-548-750-2754,2023-02-10
3984,Carrie,Goodwin,wperez@salazar.com,13,+1-342-654-8796x137,2024-08-20
5511,Michael,Osborne,loganwilliam@yahoo.com,999,+1-829-669-2172,2020-12-01
8603,Travis,,jamieboyd@yahoo.com,-1,001-020-187-7935,2023-07-26
2181,James,Lamb,christina84@collins.com,999,638.708.3036x313,2024-12-23
7140,James,Ramirez,rachel25@yahoo.com,999,963.111.5127,2023-06-02
8192,Hailey,Mcguire,hessjohn@hotmail.com,999,865-854-9732x6288,2023-01-10
3492,Heather,Mitchell,,59,,2020-06-06
2612,Heather,Wright,,999,896-516-5308x1060,2020-12-20
2197,Stephanie,Taylor,ryan52@yahoo.com,999,070-512-0745x221,2021-01-30
1055,Kelly,Dunn,waynemejia@yahoo.com,-1,507-868-6441x67959,2023-04-09
2662,Kenneth,Wheeler,vleon@hotmail.com,999,+1-682-838-5588x667,not available
2647,Kevin,Robinson,njones@yahoo.com,-1,+1-660-000-1740,2021-06-25
4512,Rachel,Pearson,xmartin@hernandez.com,-1,294-131-3862x262,2021-08-15
2952,Rebecca,Roberts,patricia45@hotmail.com,999,142.533.8415x0068,2024-01-29
6854,Deanna,Smith,jessicajohnson@parks.com,-1,+1-898-491-7896x2786,2021-05-25
4203,Dwayne,Richards,stevenwatson@gmail.com,999,119-035-1701x9995,not available
3375,Richard,Howard,,999,+1-119-898-5688x4708,2021-03-01
8162,Daryl,Kennedy,timothymoon@henderson-santana.com,-1,710-156-0428,2023-12-11
7329,Dawn,Calderon,harveysean@hotmail.com,-1,+1-184-808-4192,2021-12-23
3144,Christine,Jones,jglover@hotmail.com,999,001-366-876-0191,2023-01-11
9489,Mary,Wiley,zvalenzuela@yahoo.com,999,+1-961-819-5251x48864,2023-03-07
4290,Jennifer,,robert86@gmail.com,51,,2022-06-06
3620,Angel,Blackwell,howellhaley@mann.com,-1,8193754913,2022-07-14
7079,Gary,Meyer,velazqueztanya@hotmail.com,-1,+1-321-116-2213x363,2020-08-10
3555,Samuel,Jackson,rebeccadoyle@randall-anderson.com,-1,831.354.9283,2020-11-14
1003,Monica,Jennings,leblancann@mccarthy.com,65,6093507598,2024-08-07
6967,Rita,Davis,sweeneydanielle@jones.org,-1,684.012.6235,2024-12-13
3296,Joshua,Harris,barrbrianhotmail.com,23,001-198-531-6393,2025-01-26
4638,Kirsten,Trujillo,perezmichael@chavez.net,-1,844-419-1548x46742,2024-08-02
9255,Martin,Davis,isandoval@yahoo.com,-1,548-226-6845x972,2023-06-22
4926,Cheryl,Ramirez,kwalker@gmail.com,999,(443)461-0754,not available
5820,Lawrence,Ross,garrettsherri@yahoo.com,31,678.435.2993x508,not available
4336,Tara,Walsh,oowen@hotmail.com,-1,764-209-0690x507,2021-12-21
4314,Bryce,Paul,jbrown@hotmail.com,-1,882-440-3826x217,2024-10-10
1900,Brian,Ellis,joneswilliam@hotmail.com,-1,+1-583-333-4492x532,2022-02-24
4926,Alex,Compton,hjohnson@yahoo.com,17,(881)407-3254,2025-02-26
8838,Patricia,Hamilton,destiny37@yahoo.com,88,(232)909-7276x6342,2021-04-01
4552,Daniel,Collins,,13,,2022-08-24
9701,Jasmin,Garrett,rbennett@hotmail.com,47,793-441-8800x1544,2023-02-19
3593,Ryan,White,xmcintosh@hotmail.com,19,001-603-873-1122x39270,2020-11-18
9492,Ashley,Walton,erica82@anderson-johnson.com,-1,500.252.4296,2021-12-13
2795,Henry,Griffin,kevin83@lawson-anderson.biz,999,,2021-07-18
1003,John,Gutierrez,juan68@gmail.com,999,+1-567-578-4705x4774,2023-06-21
1639,Robert,Mccarthy,codom@buchanan-carpenter.org,48,792.474.9349x6545,not available
7748,Patricia,Curtis,,55,099.113.5005,2021-07-30
8031,Cynthia,Barrett,,999,+1-230-523-7381x5189,2020-08-14
7048,Brian,Cunningham,allen93@meyer.net,999,+1-790-485-7016x36420,not available
6452,,Gomez,amandashaw@henry.info,34,001-823-718-9763x8357,2021-06-13
7217,Kelly,Ramsey,virginia69@cole-spencer.net,999,(958)999-5003x16503,2022-08-15
2238,Susan,Boyd,,23,380-342-7487x122,2024-10-09
7616,Melissa,Bradshaw,keithhardy@johnson-taylor.org,30,962-460-1078x0592,2021-06-25
7056,Ricky,Gonzalez,sharonhunt@sheppard-hamilton.biz,-1,(928)834-3895x4148,2020-07-21
9589,Elizabeth,,gchambers@cannon.com,85,9408729725,2024-12-09
2813,Phillip,Roberts,jerrystephenson@owen.com,-1,9214191545,2020-12-02
7112,Bonnie,Smith,ricky90@payne.org,999,700-101-8086x60790,2024-09-18
1165,Michele,Cuevas,david83@harris.biz,-1,+1-052-457-6257x78344,2022-03-26
1001,Rhonda,,osmith@patton.net,-1,+1-727-282-3626x629,2021-03-24
1451,Teresa,Jackson,brandonwise@rogers.com,37,429.435.2956x858,2024-05-27
9380,Katherine,Floyd,monique99@hotmail.com,-1,647-045-6782,2025-06-02
3291,Laura,Lopez,lisa66gmail.com,999,968.300.0810x0340,not available
7911,Gabriella,Nunez,joseph10@yahoo.com,-1,607-511-1056x451,2022-04-06
9531,Stefanie,Solomon,nicole75@yahoo.com,44,001-049-279-0078x62325,2024-09-02
6819,John,Callahan,tylerjackson@cook.info,999,(265)565-2009,2020-11-22
7297,Matthew,Wolfe,crystaldunn@cain-perkins.com,999,001-558-294-0398x47809,2023-04-07
1714,,Holt,nancydavis@mcintosh.org,999,,2025-03-22
5873,Dennis,Richardson,,-1,001-161-820-1622x2633,2022-01-06
5026,James,Wells,qgreen@yahoo.com,65,+1-796-485-3682,2024-06-19
4987,Jacob,Nelson,vdoyle@jones-welch.biz,-1,828.596.8554x48814,2021-07-04
6323,Dan,Nelson,jeffrey38@gmail.com,999,721.883.8180x762,2024-09-19
9823,William,Lutz,asnow@macdonald.net,999,(195)214-3344x885,2023-01-23
1003,Rachel,Little,careyheather@gmail.com,45,,not available
3367,Kelsey,Myers,andrewjackson@yahoo.com,-1,(682)268-1858x12445,2024-07-21
5779,Jacob,Cole,jackjames@yahoo.com,-1,606-447-4715x656,2021-07-08
4580,Denise,Meyer,jennifer16@lang-nelson.biz,-1,750-701-4570,2023-11-08
1733,Todd,Bates,frederickcampbell@hotmail.com,54,+1-268-741-6391x0421,2021-12-28
2788,Susan,Bennett,gbowman@gmail.com,-1,001-175-365-8566,2023-11-27
1866,Michael,Richards,michaelhale@hotmail.com,999,(222)088-7764x999,2024-09-07
7322,Caitlyn,Zavala,hudsontiffany@yahoo.com,19,5246727450,2025-04-13
1334,Luis,Burnett,urogers@gmail.com,999,,2020-07-18
9603,Zachary,Navarro,zimmermanedward@barnett-hill.com,-1,513.569.1102,2022-01-23
7162,Devon,Nicholson,alicia00@gmail.com,-1,795.808.9420x26126,2024-12-08
1003,Megan,Miller,cmacias@gilbert-klein.com,999,5325573089,2023-01-23
5489,Kristin,Werner,laurabell@yahoo.com,999,001-628-842-5464x06211,2023-05-11
5631,,Black,henry09@rodriguez-rivera.com,999,937-633-7532x051,2023-06-26
3419,Steven,Harper,tbrown@gmail.com,-1,+1-136-027-4665x799,2021-07-03
2779,Brenda,Taylor,fsmith@howard.net,-1,(343)442-7096,2020-11-08
4437,Edward,Hays,garrisonstephanie@ryan.net,73,004-315-2586,2024-03-25
1003,Matthew,Smith,,-1,(217)616-4467,2021-07-11
8355,James,Stephenson,,29,001-158-839-6042x47560,2022-08-25
3295,Lori,,kimberlybailey@ortiz-chavez.com,28,023-644-1136x76896,2024-06-21
5235,Amanda,Richardson,dherrera@gordon.net,87,(601)280-7150x663,2023-12-14
7766,Christopher,Marshall,gthompson@warner-ross.com,999,,2020-07-05
9544,Susan,Rodriguez,annette47@taylor.info,-1,+1-497-745-0132,2021-05-27
7393,Charles,Tucker,thompsondavid@price.biz,-1,+1-090-207-6343x12984,2023-07-28
7032,Michael,,vjones@hotmail.com,-1,593.112.7074x260,2021-04-06
3820,Thomas,Wong,samantha92@patrick-griffin.com,999,001-243-758-0189,not available
4447,Deanna,Santos,bryan41@jimenez.com,-1,2878232545,2020-09-15
4038,Robin,Tucker,nstephenson@gmail.com,-1,001-203-553-0866x30033,2024-07-23
2692,Austin,Hendrix,youngnathan@yahoo.com,999,,2024-10-17
3244,Christopher,Silva,,-1,048-194-6316x1849,2021-03-08
5717,Kristen,,vincent49@bell.com,999,,2022-02-19
5319,Jeffrey,Baker,xblake@gmail.com,17,959.151.2713x2685,2022-01-17
8678,Troy,Baker,fosterjennifer@yahoo.com,999,(724)915-2855x63668,2020-10-12
2106,Eric,White,smithheidi@foster.biz,65,745.711.6530x72825,2021-04-26
8881,Jennifer,Hawkins,matthewkinghotmail.com,999,568.661.4695x4572,2021-01-10
7006,Christina,Mcintyre,efox@gmail.com,999,+1-844-851-4993x9296,2022-10-10
6046,Cody,Buckley,kpadilla@flores-cooper.com,999,+1-630-409-6959,not available
3472,Rhonda,Carrillo,johnathan01@jenkins.net,18,001-937-252-1856x7820,2024-11-09
4225,Kylie,Jones,cainderrick@hotmail.com,999,(138)949-3935x20089,2021-07-24
8296,Joseph,Davis,davidking@garrison.com,-1,837.511.7573x09966,2021-04-25
5942,Nicholas,Sparks,bwong@mullins.org,-1,631.419.0630,2023-03-27
1003,Jose,Perkins,joshuaboyer@yahoo.com,999,(819)896-6503x334,2020-10-31
6194,,Peterson,sarah19@andrews-lewis.info,999,(805)793-9122,2020-10-20
5061,Amanda,Bailey,patricia16@bruce.com,999,(570)243-3587x8211,2024-03-27
8274,Stephen,Richard,jtrangmail.com,-1,112.823.0339x21652,not available
4813,Ronald,Figueroa,nicholshaleyhotmail.com,999,468-014-9264x6182,2022-03-25
4769,Michelle,,,999,,2023-02-12
7712,,,glassamy@yahoo.com,999,,2022-09-02
7897,,Meza,jameshernandez@gmail.com,999,173-746-3800x9737,2025-04-30
3115,Leonard,Contreras,troyhinton@le.com,999,6396495580,2025-05-26
5311,,Johnson,lindseysanford@ruiz.biz,-1,+1-142-683-8080,2022-08-23
8728,Monica,,duffydonna@gmail.com,999,001-799-751-3883x5602,2021-12-14
5808,Amber,Sherman,emily23@tucker.com,999,,2022-11-16
3121,Emily,Nash,perezrobert@jenkins-gibson.com,-1,(723)353-3895,2023-08-30
5446,Sabrina,Wade,tannerconnie@robertson.com,-1,456-857-4678,2022-07-11
1315,Larry,Carter,ashley83@gmail.com,-1,+1-787-333-5522x80874,2024-03-23
6538,Anthony,Short,kristychen@gmail.com,62,,2022-01-28
3026,Jacob,Palmer,hmartinez@west.biz,31,(178)597-7169,2023-11-07
9319,Rodney,Roy,kevinjensen@campbell.com,999,187-954-9875x92056,2025-05-07
7107,Lauren,Taylor,kristinamata@gmail.com,89,(221)531-2618x96374,2024-01-17
2390,Kevin,Wilson,,-1,(201)481-3407x2798,2024-01-22
1453,Tiffany,Jones,oorr@hotmail.com,41,406.027.7953,2022-02-05
8862,Brendan,Combs,cynthiafowler@gmail.com,10,(480)405-0141,2025-02-26
9211,Jackie,Long,williamstaylor@hotmail.com,-1,472-167-1293x988,2022-04-27
5657,,Clark,nataliejennings@chavez.com,999,(649)528-5695,2024-01-24
9266,Stacy,Clark,vhunter@monroe.biz,80,657-625-0467x4821,2020-07-01
5941,Cheryl,Carpenter,rjackson@rodriguez.com,999,6584634578,2024-08-24
9310,William,Green,schmidtjames@hotmail.com,-1,+1-779-959-4747x742,2025-02-12
9171,Deanna,Russell,scottmichael@yahoo.com,29,+1-095-372-5856x5260,2024-12-09
1142,,Hanson,peterdean@yahoo.com,-1,+1-296-213-0574x382,2024-10-06
1910,Joshua,Murray,ywalker@smith-moore.org,-1,,2022-08-11
2057,Matthew,Garcia,zacharycohen@bridges-lynn.info,-1,+1-091-984-8233x93355,2022-11-17
7390,Rebecca,Wright,,999,+1-972-142-6742x88936,2021-08-16
9966,,Torres,lovejustin@hotmail.com,67,(461)365-9981,2024-06-20
1003,Rebecca,Rowland,kgonzalez@gmail.com,86,061.514.9617,not available
9500,Melanie,Hall,kathrynlee@hotmail.com,-1,254-478-2765x92153,2025-02-08
2783,Matthew,Wallace,rogeranderson@yahoo.com,999,(422)030-7330x891,2022-12-14
9036,Natasha,Day,smithjustin@obrien.com,999,+1-857-577-7014,2022-09-02
7561,Richard,Smith,wrightrebecca@wilson-sanchez.com,88,596-975-7334x0650,2021-07-06
1271,Isabel,Gilmore,dcortez@patel-thomas.info,83,001-773-413-2113x8044,2021-11-25
3989,Diana,,sullivanshelia@travis.com,999,+1-518-057-7571x43793,2022-04-22
3389,Julie,Thompson,brittany67@patterson.com,55,001-010-261-7112,2024-04-18
5775,Susan,,oandersen@gmail.com,999,001-128-790-7087x7697,2021-09-03
1273,Jesus,Fields,,999,,2022-08-04
3553,Robert,Williams,alyssajackson@carr.org,82,,2022-04-07
2362,Tamara,Berger,codytaylor@spence.biz,999,025-209-2772x6037,2023-09-15
4403,Stephanie,Burton,phillipsjessica@allison-ruiz.info,999,+1-713-704-1044x1071,2021-06-27
5241,Dawn,,thomasalicia@roberts-armstrong.info,10,+1-263-338-3474x9133,2020-08-21
3006,Jonathan,Solomon,wbrooks@martinez-ortega.com,73,681-904-5368x13231,2022-02-21
4425,Colleen,Johnson,dbruce@hotmail.com,999,8304395923,not available
7207,,Petty,danielchristopher@ferrell.org,81,145.106.1474x634,2022-06-29
7055,Alyssa,Rodriguez,,65,001-800-826-9385x0543,2022-04-17
1384,David,Rios,dennis97@yahoo.com,-1,(623)922-2950,not available
9127,Dawn,Stewart,michael56@henry.com,20,+1-082-215-9307,2021-04-05
2750,Luis,Fischer,christianstewart@yahoo.com,999,001-187-737-3353x295,2022-08-13
3868,Debbie,Johnson,gmcdonald@gmail.com,-1,9447069540,2021-04-28
5978,Maria,Zamora,,999,(256)015-3772x783,2022-10-20
5280,Anna,,kdavis@hotmail.com,999,(112)238-0862x496,2024-09-11
8391,Jessica,Valencia,kirbyselena@hotmail.com,999,001-173-080-6664x827,2021-07-02
7614,Laura,Brown,andrewspencergmail.com,64,+1-893-823-2338x2746,2024-09-02
8578,Tanner,Davis,lauren30@romero-ramirez.com,999,(435)789-2839,not available
1981,Robert,Mitchell,ryanrichardson@gmail.com,68,001-382-360-6980x042,2023-12-24
1003,Brandi,Davis,allenyang@yahoo.com,999,095.990.6979,not available
4735,Anthony,Perry,katherine36@taylor.com,-1,305.950.4548,2022-06-21
7134,Lacey,Reynolds,danieljacksongmail.com,-1,454-347-8124x21734,2025-05-18
3469,Craig,,james77@barnes.com,-1,001-477-222-9995,2021-02-03
2532,Nicholas,,whitelindsay@gmail.com,49,194.799.2880x2474,not available
5595,Karen,Brewer,simmonsjoy@gmail.com,77,+1-768-928-7926x42069,2022-03-31
4746,Jack,Young,patricia61@davis.com,74,072.099.0994x73697,2021-01-23
6224,,Stein,ostanleyrichardson.com,-1,+1-019-110-1092x33583,2023-04-01
1003,Brett,Nichols,miguel55yahoo.com,-1,(601)472-5606x58371,2020-06-09
2365,Latoya,Miller,christopherlloyd@yahoo.com,999,629-397-6817x92051,2024-10-04
6188,Darren,Gonzalez,diazerica@hotmail.com,-1,(406)463-0855x9300,2022-06-06
2192,Nicholas,Johnson,rubenhernandez@hotmail.com,-1,215.256.7362x69989,2021-02-22
8373,Lisa,Terry,wilkinscarolyn@gmail.com,-1,(045)756-0523x540,2020-08-26
3529,Alison,Turner,andrewhoward@anderson.com,999,001-164-473-8205,2023-01-14
2201,Leslie,Travis,brooksangela@hotmail.com,999,478.266.0350x3394,2023-09-29
8539,William,Dougherty,operry@cox-simmons.com,999,,2023-09-25
8436,Kelsey,Sims,mstephens@gmail.com,999,682-196-0546,2022-02-09
9532,Jessica,Anderson,elizabethturner@colon.com,-1,222-756-6356,2022-12-08
2585,Maureen,Browning,,999,330-811-3620,2021-09-26
1003,Ashley,,apope@cortez.com,-1,(136)081-5781,2023-05-08
2523,,Williams,brianking@hill.com,80,,2022-05-29
9834,Shawn,Cobb,cristina88@chavez.biz,-1,011-001-1670x66457,2021-02-05
8216,Rebecca,Medina,elliottaaron@yahoo.com,36,431-834-3153x881,2023-07-08
6659,Maria,Beck,william96@gmail.com,999,550.811.0069,2023-10-07
9260,Brian,Castro,vancekyle@mercado-frost.com,999,001-495-494-4163x4807,2023-02-10
5842,,Williams,tcook@yahoo.com,-1,661-588-6632,2020-07-03
4666,Jennifer,Clark,,86,001-182-567-9596x2405,2022-07-01
2944,Damon,Obrien,ymoore@hotmail.com,-1,,2023-10-06
9044,Veronica,Simpson,portermatthew@yahoo.com,999,(903)553-3791x950,2023-09-21
3332,Barbara,Adams,phillipsadrian@yahoo.com,76,,2023-01-02
3119,Lisa,Martinez,lesparza@gmail.com,-1,001-339-294-4251,not available
6002,Julie,Ellis,cameron16sweeney-johnson.com,28,001-104-343-1090x370,2020-07-10
3464,Samuel,Jones,moyerjoseph@jenkins.com,58,+1-485-916-5460x3754,not available
7716,,Moore,,58,501-470-1796x5367,2022-05-09
8279,Devin,Torres,aaron30@hotmail.com,38,(853)780-5804x7262,2021-05-05
6082,Alan,Baxter,timothy76@gmail.com,60,5843571510,2021-03-23
9690,Summer,Johnson,nboyd@hotmail.com,-1,778.707.7740,2024-11-15
5752,David,Arnold,michaelhawkins@hotmail.com,52,678-428-6745x793,2025-01-15
7284,Jared,,erin22@martin-cook.com,999,001-102-180-3713x6650,2020-07-26
4482,Monique,Hudson,smithchristopher@gmail.com,-1,564-947-1964x1701,2025-01-16
9097,Christopher,Smith,gmullen@yahoo.com,-1,001-072-094-3718x3773,2024-01-05
4104,Yolanda,Sampson,tyler63@hotmail.com,999,(650)991-0900x783,2020-08-31
8573,Diana,Levine,kristina07@hotmail.com,999,(649)296-5254x02578,2023-04-11
9959,George,Kelly,stephanie98hotmail.com,999,968.035.3799,2022-12-13
8490,Randy,Collier,,84,9254371467,2022-09-01
1003,Kim,Torres,jessica66@gmail.com,999,+1-721-973-9337x8105,not available
2828,,,,15,(648)683-9499,2025-03-16
5604,Bryan,Conley,vicki55@yahoo.com,-1,2452581746,2024-04-06
3770,Becky,Johnson,amystevens@hotmail.com,-1,689.016.5147x00729,2023-02-09
5933,Donald,Barrett,,-1,206.183.0562x28720,2022-09-12
1206,Mary,Mitchell,bakerjustin@gmail.com,17,325-786-1617x30721,2020-08-08
3575,Christian,,ivan36@yahoo.com,999,(584)200-3702x8441,2024-01-20
4212,Maurice,,cbecker@gmail.com,-1,453.841.0521x4411,2023-07-30
7410,Nichole,Miller,laurie06@mason-savage.org,-1,693-045-6439x520,2021-07-28
6997,Lindsey,Morrison,simsleroy@yahoo.com,999,,2024-02-10
1561,Tim,Delgado,ellistroy@yahoo.com,999,,2020-07-13
8310,,,tina37@robinson.com,-1,001-705-949-9216x34004,2024-09-08
9157,Matthew,Mcmillan,,999,046-565-3821x0665,2024-01-17
1003,Christine,Bailey,jonesjeffrey@clark-poole.info,-1,555.767.5134x89526,2022-08-16
8538,Wesley,Anderson,sharonwalker@webster.info,16,+1-347-921-7363x3290,2022-08-21
6037,Patricia,Rogers,,60,001-308-893-2588,not available
9238,Steven,Bruce,webbdenise@monroe-brown.com,-1,,2022-01-20
3041,Kimberly,Thompson,ronaldrivera@gmail.com,85,+1-839-721-7873x83900,2023-07-05
5529,Kevin,Greer,martinezanthony@yahoo.com,999,001-116-263-1268,2022-05-11
6866,Katherine,Padilla,,-1,001-322-820-0627,2022-07-07
9897,,Mccarthy,bennettjoseph@luna-carroll.com,24,(175)450-0578x6539,2025-05-06
3909,Arthur,Love,jamesgordon@yahoo.com,-1,4515047725,2020-12-29
4440,Heather,Smith,frederickrhodes@hotmail.com,999,791-836-2551x26226,2021-08-07
5142,Dennis,Walsh,mmorgan@cochran.net,999,(765)656-0332,2021-11-28
8900,Michelle,Johnson,walkerruben@martinez-garcia.net,-1,246.238.1436x855,2021-04-01
5718,Arthur,,jacquelineflores@yahoo.com,-1,264-112-2647,2024-02-29
9012,Mary,Harris,barbaralam@hotmail.com,63,001-993-094-2605x5827,2021-02-20
3585,Eddie,Carter,steelecharles@horton-freeman.com,-1,(942)436-6649x38571,2024-06-16
1144,Danielle,Parker,hsweeney@hotmail.com,45,+1-098-004-4450x6183,2023-10-16
9352,Peter,Wilcox,mmunoz@gray.biz,42,434.185.3944,2021-08-05
1003,Desiree,Gallegos,joshuasteelemiller.org,53,173.648.3060x69665,2023-06-29
9828,Alexander,Johnson,amanda54@gmail.com,-1,(984)702-5429,2022-09-21
9302,Donna,,ianguerrero@doyle-robertson.biz,67,189.920.7401x685,2021-05-07
5530,Jesse,Mckinney,marcus68@armstrong-vaughn.org,-1,+1-990-317-9794,2023-03-09
9882,Linda,Smith,wrightcraig@yahoo.com,-1,194.447.2894x1758,2021-07-17
4851,Barbara,Wilson,,34,001-133-001-8146x8987,2023-12-09
9786,Joseph,Phillips,waltersderek@malone-miller.com,-1,(724)924-8829x58395,2023-11-23
2473,Emily,Rodriguez,meganwilliams@james-brown.com,999,244.225.5003,2024-07-28
6967,Erica,Bryan,shaunellis@hotmail.com,-1,664.534.5956x0293,2020-09-12
7396,Joshua,Dougherty,mark35@mccarthy-collins.com,76,4075596729,2024-07-03
3847,Dennis,Lopez,angela36@ruiz.biz,20,845-670-9197,2022-11-21
1900,Anthony,Carter,,-1,(618)665-1669x932,not available
2729,Tammy,,andrew32@hubbard.com,53,522.285.9957x3067,2023-06-12
3581,Shannon,Stafford,mreyes@hotmail.com,-1,(452)500-8627x2269,2025-04-22
2463,Keith,Turner,cbutler@gmail.com,-1,764-446-3074,2023-08-06
1003,Jason,,fuentescody@patton.com,999,+1-544-649-0853,2021-10-19
2681,Edward,Martinez,vjones@braun-davis.com,-1,3478427180,2023-05-01
3391,Brandon,Stewart,uwilliamson@hotmail.com,37,2745747523,2025-02-07
8051,Robert,Johnson,kristin48@hotmail.com,-1,+1-754-621-8589x6069,not available
1003,Henry,Lopez,pwillis@brown.com,999,001-598-080-1317x03622,2023-03-07
9530,Holly,Williams,bnixon@hotmail.com,999,135-906-9993,2021-07-28
7172,Meghan,Mathews,mary92@gmail.com,-1,055-877-1526x81227,2022-08-10
8349,Richard,,tpittman@gmail.com,40,875.637.0597x35046,2022-07-06
4086,Kathy,Hubbard,ryan87@carroll-smith.org,-1,(033)302-3220x567,2021-12-08
6335,Destiny,Adams,brenda75@hotmail.com,-1,+1-539-951-5494x6624,2025-01-28
2437,Elizabeth,Lucero,bmarshall@yahoo.com,-1,189.089.6326,2020-07-14
1408,Brian,Hernandez,garrisonjoshua@schroeder.net,-1,9539367911,2024-05-16
2699,Pamela,Rice,debbie10@gomez.com,-1,001-165-052-5443x9637,not available
5106,James,Hawkins,,13,,2021-04-05
4122,Jessica,Oneal,moranicholas@kelley.com,999,+1-237-035-3493,2021-11-06
4052,Juan,Baker,pwood@young.com,999,633-743-2695x095,2022-12-12
7392,Peter,Green,lowen@taylor.com,80,889-116-1616x38997,not available
5141,Shaun,Hebert,davistraci@yahoo.com,999,(583)351-5957,2023-08-21
1795,Christopher,Bowman,andersonsue@gmail.com,999,(375)128-5907x684,2022-04-02
2783,Ronald,Hubbard,dianatucker@hotmail.com,999,001-328-807-8488,not available
4862,Cynthia,Gonzalez,martinsteven@hotmail.com,79,331-283-5754x966,2023-08-02
3127,,,greenhannah@phillips.com,-1,,2024-06-21
6981,Scott,Anderson,brittany07@torres.com,26,+1-654-163-8106x978,2024-07-20
7536,Bryan,May,jwarren@carter.org,999,001-823-005-2558,2022-03-06
1003,Stephen,Moore,thomas09@yahoo.com,-1,(712)035-7843,2022-05-14
3531,Elizabeth,Campbell,rhonda98@perez.com,-1,,2022-09-25
8443,Harry,Alvarado,zwilliams@hotmail.com,999,,not available
1003,William,Gaines,cbender@mcguire-martinez.com,-1,+1-452-468-2257x530,2020-09-09
3747,Jesse,Brown,jeremyhamilton@skinner-aguilar.com,-1,001-488-725-5391x1211,2020-06-29
6288,Jeremy,Small,,48,+1-026-719-7200x621,2023-12-12
6518,Michael,Vazquez,joseph32@yahoo.com,-1,001-799-528-8856x44239,2023-05-21
5039,Anna,Simmons,goodmansandy@reed.biz,-1,(639)516-3257,2020-11-20
1270,,Fowler,jacobhaasgmail.com,-1,410-908-6058x9878,2021-07-02
2007,Joshua,Olsen,audreylewis@gmail.com,999,720-642-7781x24094,2024-07-17
1003,Felicia,Taylor,jessicajones@yahoo.com,-1,(347)222-2150x821,2020-12-05
3256,Anthony,Buckley,whitakerlinda@yahoo.com,-1,(064)262-8946x745,2020-10-24
4729,Cameron,Marshall,butlermichael@hotmail.com,-1,,not available
5244,Gabriel,Franklin,dianeortiz@hotmail.com,-1,216.975.3482x2991,2023-02-18
2641,Justin,Johnson,wesley43@hotmail.com,-1,(492)441-6704x780,2023-10-03
9701,Laurie,Horton,taylor52@anderson-thomas.com,-1,(116)498-6495x758,2023-04-27
1300,Whitney,Hays,wlarsen@morris.com,76,(149)686-4067,not available
6791,Jose,Skinner,danwrightgmail.com,41,178.734.8754x393,2025-04-10
8232,Hector,Rodriguez,wherrera@yahoo.com,-1,001-306-714-2786,2022-04-27
8414,Patrick,Church,yfry@gmail.com,999,001-106-000-4107,2024-02-10
1536,Christopher,Ford,tiffanymartinez@morris-james.info,44,209-972-1262,2021-08-06
1003,Alexis,Smith,aguerra@torres-rogers.com,999,+1-368-827-5501,2021-10-23
5341,Brian,,john95@moore.info,999,,2022-11-22
9734,Jonathan,Gonzales,yburke@yahoo.com,999,058.525.9611,not available
4006,Paul,,henrylauren@smith.biz,999,(802)232-0639,2020-08-10
8287,,Love,timothyallen@hotmail.com,-1,001-029-304-4357x262,2023-08-10
8687,Christina,Sweeney,sjackson@hotmail.com,88,001-759-869-4213x6001,2022-08-30
8153,Cheryl,Walter,,999,+1-612-672-5165x00615,2024-08-21
2264,Victoria,Smith,beckynixon@hotmail.com,-1,,2022-05-06
3154,Mitchell,Watkins,cynthiamendoza@sullivan-brown.com,-1,+1-022-740-9368,2024-05-14
9917,Heather,Escobar,john19@gmail.com,18,148.232.7586x572,2022-04-28
7318,Rachel,Bennett,tranjason@walker-smith.info,999,221.359.3613x42590,2020-12-22
3265,Jonathan,Taylor,amartinez@garrett-alvarado.org,999,(507)895-5480x9367,2024-05-06
9644,Veronica,Ferguson,daniel70@hotmail.com,68,065.875.9341x0630,2025-04-11
8522,William,Acosta,barbarareed@thompson.org,999,001-719-688-7522x977,2024-01-30
4223,Norman,Baldwin,robertsjennifer@hernandez.net,999,+1-558-464-8521,2023-10-28
2764,John,Bautista,rwatson@gmail.com,72,001-401-671-4444x8254,2024-09-20
8118,Michael,Bridges,seanhill@james-mosley.com,999,,2020-09-22
1074,Kevin,Willis,danielsmiguel@brown.info,-1,001-446-427-1329x7302,2020-10-24
7403,Tiffany,Ross,bsanders@stewart.com,51,+1-401-636-1008x47616,2020-07-23
1083,Jay,Smith,rhonda77@parker-evans.com,11,001-398-074-2082x7801,not available
9375,Dillon,Contreras,martineztravis@gmail.com,999,+1-045-928-3701x8073,2020-08-27
1451,Emily,Kennedy,laurenalvarado@gmail.com,999,446-789-5710x692,2021-01-14
1622,Tonya,Byrd,brandywhitehead@thomas-fisher.com,999,123-137-5561x57255,2023-04-12
3952,Emily,Alexander,whitebrian@hotmail.com,-1,,2024-06-27
6323,Sarah,Ball,lawsonangel@hotmail.com,46,086.310.1953x83487,2020-09-26
1332,Krista,Meyer,gregoryhenderson@gmail.com,-1,001-143-446-6471,2022-01-23
8644,Kathleen,,gjohnson@yahoo.com,999,001-320-156-8637x562,2025-03-29
1618,,Maldonado,armstrongpamela@gmail.com,999,8659578053,2020-12-01
8064,Cheryl,Cole,jeremy67@price.com,999,7970898579,2024-04-07
8862,Robert,Curry,kellygreen@hotmail.com,67,037.334.7971x40983,2022-04-12
6675,Dennis,Morris,hamiltonvanessa@hotmail.com,999,(018)110-0258x8029,2022-04-27
5437,,Smith,hortonangie@yahoo.com,-1,(553)780-2031x838,not available
2466,Larry,Mccann,eadams@hotmail.com,-1,001-050-664-9745x422,2024-05-02
4898,Edward,Wilson,gmolina@hotmail.com,999,,2022-11-23
5136,Peter,Taylor,sharongraham@gill.net,-1,(693)224-1365x66176,2024-01-11
9727,Brittney,Hayes,hawkinsmadison@brooks.com,14,382-263-0778,2023-10-03
5831,Gregory,Robbins,,17,001-022-090-0556x44592,2021-08-25
4574,Aaron,,,999,027-900-4243x467,2025-01-28
8797,,Martinez,smithana@yahoo.com,999,+1-453-397-9001x515,2025-02-28
2937,David,Newton,durancynthia@hotmail.com,-1,172-350-9274x4876,2025-03-05
1909,Pamela,Lewis,kirbysean@miller-diaz.info,62,(805)648-2696,2022-03-02
2615,Tyler,Barker,fcobb@richardson-moore.com,-1,(790)450-5668x893,2020-11-24
1764,Daniel,Davis,ewilkinson@gmail.com,999,4020010370,2022-11-03
2470,Ryan,Padilla,eric73@armstrong.com,999,001-326-236-8226,2022-07-14
9999,Carlos,Gibson,bcameron@gmail.com,85,(222)303-5209x796,2024-03-05
3647,Timothy,Stephens,petertorres@gmail.com,-1,001-615-243-6455x66007,2023-09-25
8543,Angela,Peterson,amandadouglas@morales.biz,-1,831.561.6376x021,2023-10-03
6236,Ashley,Anderson,ugarrett@hotmail.com,999,311.756.6744,2020-09-17
1113,Jodi,Anderson,sara07@hotmail.com,-1,550-257-9964x06840,2024-10-01
1582,Timothy,Sanchez,sarah14@phelps.biz,59,600-291-8750,2025-02-13
4355,Joshua,,kevinhoffman@scott.com,999,,not available
9924,,Wong,udaniels@hotmail.com,-1,,not available
8645,Kerri,Davis,,-1,4073505447,not available
8674,Daniel,,gjackson@jones.com,999,521.229.8803x788,2025-04-30
9577,,Smith,tiffanybean@maxwell.net,85,129-516-8965,not available
2911,Sarah,Fox,raydana@hotmail.com,999,001-176-245-3926x464,2022-06-15
5611,Christy,Day,,999,,2021-09-29
1842,John,Waters,chandlerheidi@gmail.com,999,830.403.3040x287,2023-07-02
9870,Jason,Hoffman,wigginsamanda@harris.info,999,+1-638-089-0568x44593,2022-10-09
2799,Melissa,Sharp,spencerkristine@gmail.com,-1,001-333-944-9170x00206,2024-09-15
8768,Christine,Freeman,anthonywood@gmail.com,-1,,2020-09-30
2253,Robin,Clay,,999,+1-154-243-7252x272,2021-11-29
1003,Andrew,Hunter,judith29@drake.com,25,+1-776-391-0726,2021-01-15
3425,Jose,Allen,agould@fisher.org,999,118.261.2725,2024-03-02
5459,,Coleman,hebertcarmen@collins-newman.org,-1,+1-669-983-0574x7640,not available
1358,Eric,Mccarthy,donna09@hotmail.com,999,+1-151-377-9575,not available
2483,Nicole,Hayes,david77@hotmail.com,46,(200)242-7413,2025-01-31
4668,Phillip,Santos,stantondonna@gmail.com,54,5193035710,2021-03-05
6189,Anthony,Tate,,21,133.894.0580x1509,2025-02-07
9684,Heather,Owens,walshjacob@villarreal-moore.info,999,001-466-760-8548,2020-07-07
1395,Alexis,Torres,richard53@hotmail.com,-1,+1-875-099-7477x9280,2024-04-18
5362,Travis,Allen,robertcrane@hotmail.com,-1,(824)827-2728x963,2021-07-14
3578,Jamie,Lee,,999,443.640.2071,2024-07-28
3707,Casey,,bakerpatty@fisher.com,999,+1-510-143-6917x501,2023-04-02
6248,Martin,Davis,paul97kaiser-jackson.com,999,,not available
3127,David,Elliott,pfernandez@yahoo.com,51,900-083-4208,2024-10-12
2401,Shannon,Jackson,smithtaylor@gmail.com,999,687-486-4394,2025-05-28
9092,Lisa,Smith,cmccann@robinson.com,-1,001-268-416-0330x84158,2023-08-18
1288,Christie,Yang,,999,842-059-1003,2022-06-26
1003,Paul,Reyes,,-1,(518)547-4788x50160,2022-07-04
4029,,Baker,richardsjudy@yahoo.com,-1,+1-959-993-1823x730,2022-12-07
6270,Katherine,Higgins,wmoody@jones.biz,-1,677-359-9441,not available
9896,Holly,Maxwell,joshuamccoy@yahoo.com,999,001-287-474-6948,2025-05-26
8710,Amy,Scott,kevin09@murray-hunter.com,-1,324-033-4182x027,2021-08-04
1003,Tracy,Webb,harry54@yahoo.com,10,921-474-8045,2023-07-23
1389,Keith,Bean,jeremygomez@yahoo.com,-1,001-836-331-8822x358,2020-09-29
4616,Thomas,Allen,khanalicia@gonzalez.com,48,278.687.0904x99934,2020-08-21
2402,Roger,Richardson,,-1,(362)408-4512x317,2020-06-05
6575,,Le,cole94@rodriguez.com,77,4943873182,2022-02-05
2697,Madison,Olson,adamscarol@cook.info,999,(004)245-3788x5258,2021-11-18
6396,Jacqueline,Jackson,erica06@yahoo.com,999,606.030.4260x999,2020-11-06
5778,Destiny,Lindsey,dcox@hotmail.com,56,+1-737-124-0121x9874,2023-11-23
9557,Olivia,Reed,,999,(374)180-6542,2021-05-03
2018,Craig,Maddox,cgarcia@santiago.com,-1,001-996-270-0480,2020-12-01
8776,Robert,Mcconnell,jefferytrujillo@davis-rivera.com,-1,(406)198-7803x899,2024-04-19
6229,Cheryl,Hudson,laurasims@yahoo.com,42,,not available
3849,Zachary,,sullivanlaura@yahoo.com,-1,710.273.2973,2024-12-02
4470,Rachael,,andrew26@ayala.com,-1,860-936-9882x11172,2023-07-29
1003,Maria,Marshall,nathan95@gmail.com,999,(925)004-9154,2022-07-12
3060,Tyler,Brown,ambergarrett@gardner.net,35,+1-722-995-0856x59386,2024-11-29
1929,Mary,Clark,hartbrandi@hines-johnson.com,18,(875)989-9697x88325,not available
1073,Mike,Daugherty,ramirezrobert@aguirre.net,-1,,2022-04-23
1862,Carrie,Fisher,,999,891.811.6119,2020-09-23
1092,Jessica,,pamela15@benitez.net,-1,,2023-02-10
8687,Austin,,cmiller@yahoo.com,999,(483)165-9239x481,not available
1003,Anthony,Willis,reneeorozco@gmail.com,999,551.592.7051,2021-08-06
1166,Caitlin,Bryant,tiffany47@mclaughlin.com,-1,5561696796,2024-05-04
9410,Jessica,Terry,breweraaron@parker-david.biz,-1,(821)439-4790x616,2024-01-18
8755,Jill,Turner,daniellerobinsonhotmail.com,46,858-325-1713,2024-02-06
8569,Kelsey,Norris,roachemily@tucker.com,-1,3528411827,2024-02-09
6543,,Gomez,davidroman@hotmail.com,66,4531564050,2023-10-18
6511,Michael,,,-1,001-219-483-9715x940,2021-11-22
6928,Valerie,Rios,juan70@hotmail.com,-1,561.892.5571,2021-11-06
5182,Heather,,rachel47@gmail.com,999,729-275-0319x526,2022-10-30
1909,,Gilmore,bernardcrystal@yahoo.com,12,+1-290-909-9779x799,2021-11-09
2875,,Higgins,sullivancatherine@yahoo.com,54,(107)175-1680x770,2024-12-05
7124,Jared,Rodriguez,christophermartin@gmail.com,56,001-539-432-4148x73363,2023-04-11
6911,Thomas,Warren,,-1,(564)158-4560,2022-05-21
2261,,Haynes,langbrandon@bell.com,999,(376)397-2933,2023-02-24
8604,Kimberly,Owens,michael55@wilcox.net,-1,699-071-6898x919,2022-07-10
7245,Elizabeth,Schmidt,rodrigueztroy@barrett.com,999,5899256950,2024-05-23
6913,Charles,Santana,,-1,001-327-470-8273x48758,2023-07-04
4226,,Singh,jill53@yahoo.com,999,130-506-0009x0291,2021-07-23
6602,Courtney,Hughes,jaredmiles@woods.biz,67,928-426-5595x605,2022-09-08
7154,William,Scott,martinvictor@gmail.com,999,(822)734-2783,2024-09-19
4979,,Thompson,,54,4880951793,2022-04-17
9963,Darlene,Moore,jensenbilly@castro.com,26,704-961-9003x41038,2025-02-18
3387,Robert,Parker,randall86@brandt-johnston.com,55,872.227.9828,2021-09-22
5326,Francisco,Miller,whitemichael@yahoo.com,-1,+1-438-876-6409x77097,2022-05-08
8264,Jerry,Meyer,lsmith@hotmail.com,-1,071.148.4592,2024-02-15
8297,,Keller,walkerdiana@hotmail.com,-1,449-517-8810x11993,2024-09-05
2105,Corey,Alvarez,kathleen52@mccullough.biz,35,+1-207-957-2235,2023-05-11
3107,Daniel,Marquez,eric45@hotmail.com,13,(796)061-7405x15549,2022-07-08
1510,Matthew,Trevino,tavila@miller-sullivan.com,38,001-927-104-2585x388,2021-08-13
1003,Barbara,Bell,,-1,+1-711-291-1610,2022-03-24
7862,Kimberly,Hamilton,nflores@lyons.info,68,735.320.5713x4277,2024-11-03
1515,Connie,Rivera,webbjoseph@yahoo.com,15,156-921-9036x292,2023-09-30
6836,Emily,Rhodes,nicole09@hotmail.com,26,,2023-08-23
3013,Amanda,Odonnell,orrlisa@perkins.org,-1,+1-988-495-0249x759,2022-07-30
2579,Patrick,Wilkinson,pcummings@barry.com,-1,001-330-684-7003x4566,2021-06-25
9995,Jared,,nicholasjefferson@bentley.com,-1,4185667382,2023-03-29
7185,Jessica,Taylor,hinesclaire@gmail.com,-1,+1-883-675-0643x886,not available
3946,Gregory,,,999,+1-418-137-1546x235,2023-02-14
1996,,Dean,rebeccaflores@yahoo.com,999,680.905.0771x55441,2021-01-28
8746,,Austin,marcjohnson@gmail.com,-1,001-740-612-8322x6306,2021-11-27
7395,,Evans,leviwilliams@gmail.com,-1,+1-110-159-3415x4170,2023-03-02
4519,John,Pena,bmartin@wright.net,-1,,2023-06-06
9655,Catherine,Edwards,jason75@yahoo.com,62,001-071-246-0354,2022-07-22
7235,Traci,Bradley,georgeevan@gmail.com,999,301-133-7214,2023-03-05
8513,April,White,heather06@gmail.com,999,355-086-1301x08222,2025-03-25
2818,Pamela,Moses,john93@yahoo.com,82,,2021-04-01
5246,John,Hawkins,gdayfoster.com,21,,2024-12-13
4025,Scott,,yortiz@gmail.com,-1,066.993.5504x4215,2020-07-11
7590,Sean,,moorewendy@yahoo.com,999,001-081-183-5199x928,2022-12-04
9740,Carol,Brown,,-1,+1-775-695-2223,2021-02-06
8775,Autumn,Morton,rodgershenry@johnson.com,-1,(807)463-5318,2025-04-12
1003,Madeline,Hartman,laura63@gmail.com,999,2603028174,2023-12-11
9575,Todd,Nguyen,kjones@gmail.com,30,001-397-093-3748x8633,2023-07-02
3497,,Brown,allisongutierrez@mata-miranda.org,999,+1-835-233-8997x807,2025-02-09
5430,Robert,Liu,coopermonique@hotmail.com,52,,2023-09-13
8555,Janice,Wood,thomasrussellpineda.com,999,(873)444-6819x099,2023-03-27
2386,Erin,Smith,,57,+1-726-272-4827x23107,2022-03-02
4683,,Henderson,ofreeman@hotmail.com,999,737-164-8468x45246,2023-03-10
8161,Jeffrey,Jones,michaelmedina@case-irwin.com,999,7964352593,2023-12-21
7049,Brittany,Adams,susanjones@campbell-mcgee.com,999,2080475907,2024-09-21
2359,Thomas,Stein,douglas01@smith-elliott.info,61,001-579-414-0488x4951,2021-03-16
7601,Patrick,Hansen,nguyenbruce@fernandez.com,-1,000-287-1775x0215,2021-06-17
1449,Ashley,Anderson,banksmichael@white-boyle.info,999,(591)199-6322,2025-03-22
4163,Christopher,,jennifer22@ingram-simpson.com,999,001-867-374-0263,2024-02-25
6834,Devon,,longthomas@alvarado-sellers.org,65,,2024-04-24
9375,Jeffery,Galloway,vwilliams@hill.com,999,177.647.6318x35749,2021-11-19
3634,John,Young,yalexander@combs-johnson.com,-1,,2024-03-25
8186,Daniel,Morrison,,999,+1-111-994-5711x22960,2022-09-18
9777,Carol,Thomas,susanrobinsongmail.com,999,(144)028-3579,2021-07-08
8816,Thomas,Chen,leslie24@rivera-allison.net,57,891-323-7316x20154,2022-05-19
8216,,Hernandez,ericksondustin@hester-roth.net,76,+1-340-958-0480x320,2022-07-23
6183,Robert,Carter,kirk15@gallegos.com,40,146.488.8359,2024-03-05
7291,Stephanie,Phillips,lindamurphy@hotmail.com,44,429.843.6971x39957,2021-06-13
2381,Austin,Meyer,cindy35@lewis.info,-1,861-771-1894x6444,2023-01-03
3776,,Morales,madison61@yahoo.com,-1,,2022-07-19
6403,Cynthia,Spencer,jodithomas@hotmail.com,-1,443-129-2854,2024-06-13
2499,George,Kennedy,hodgesautumn@gmail.com,999,001-675-483-8728x7773,2024-05-28
5355,Michael,Johnson,william49@jenkins.com,10,(339)913-0396x89443,2022-12-19
1959,Cynthia,Galvan,,51,565-599-8990x828,2020-07-22
8117,,Thompson,penawilliamhunt.com,-1,+1-335-714-0672x754,2024-07-23
1350,Allison,Castillo,skinnerjennifer@harris.org,999,543.510.1551x287,2023-10-19
9463,,Martin,rward@porter-lambert.biz,83,+1-647-041-7067,2023-03-07
5023,Robert,Gutierrez,nabbottcurtis.com,55,869.585.1807,2021-08-18
9136,Kimberly,Thomas,zacharyelliottdoyle-fox.com,-1,5188898831,2024-01-19
1003,Gregory,Clark,amber06@pollard.com,999,,2023-04-16
9315,,Caldwell,jrosales@gmail.com,-1,+1-326-832-6437x709,2025-01-04
2921,Alyssa,,andrew37@maddox.net,999,001-244-901-9659,not available
1003,Randy,Gibson,,-1,(170)437-8341x11218,not available
9898,,Stevens,,999,279-081-5405x4327,2025-03-10
5284,Joseph,Ramirez,ldavis@gmail.com,999,191.976.8628,2020-09-07
5853,Melissa,King,banksmarc@gmail.com,999,065-859-2269x8638,2021-01-13
5858,Aaron,Kelly,dbrown@leonard.biz,999,305.604.1256x66640,2021-12-29
8048,Kelly,,victorhernandez@campbell.org,-1,001-259-046-1226x41042,2023-10-16
7802,Jonathan,,nathaniel33@bolton.com,999,328-119-1985x808,2024-03-10
9687,Rick,,,33,(656)565-0204,2023-07-10
3043,Nancy,Robinson,russellkenneth@hotmail.com,999,395.760.6016x348,not available
8995,Kylie,Sanchez,mjohnson@gmail.com,18,001-221-882-7266x150,2021-12-20
1003,Evan,,brownkathy@hotmail.com,-1,150-645-9097,2021-04-12
5467,Hannah,Mcdonald,cbaker@yahoo.com,999,009-163-8029,2024-06-22
9908,David,Thompson,mitchelljames@faulkner.com,999,(260)977-7419x41868,2021-07-27
2497,Savannah,Taylor,tina72@vega-reyes.net,-1,+1-916-234-7520x2563,2021-11-02
5373,Tina,Davis,hwade@bennett-brooks.com,999,001-570-647-0249x9582,2020-06-29
5433,Jeffery,Davis,brianlove@rose.com,999,,2024-01-27
7616,Christine,Taylor,chaneymichael@gmail.com,999,4008333590,2020-07-22
1003,Denise,Charles,brenda27@gmail.com,38,+1-802-511-7811x110,2021-06-28
8466,Phillip,Crawford,tray@gmail.com,46,725.057.5879,2022-04-11
8217,Amber,Morgan,xstafford@phillips.com,-1,,2021-01-29
7809,James,Williams,wilkinskristine@salazar.com,63,845.755.4891x181,2025-03-26
7168,Becky,Rhodes,vgoodman@gmail.com,-1,+1-117-717-1673,2024-04-06
9329,Ashley,Mayo,zachary40@kirby-richardson.com,-1,990.137.9703x3933,2022-07-12
8053,Emily,Alvarez,,44,609-490-9326,2023-02-13
7748,Laura,Lewis,joshualarson@yahoo.com,-1,001-322-958-2971x753,2024-04-02
1003,Johnathan,,andrew64@yahoo.com,999,(695)049-0733x636,2020-09-27
8922,Todd,Baker,john78@yahoo.com,34,337.753.7133,2023-07-24
6592,Joyce,Barnes,andrew93@gardner.biz,-1,335-502-4579x56517,2020-12-16
3762,Richard,Hernandez,castroariana@andrade.net,-1,129-162-5532x3534,2022-08-05
2623,Anthony,Mcbride,ruthross@rodriguez.com,999,652-745-5922,2020-10-19
3453,Melissa,Campbell,daniel70@yahoo.com,999,133-699-3531x526,not available
2246,Ashley,Berry,xsantiagohotmail.com,-1,251-651-6622x5870,2025-01-13
7325,Richard,West,aaron51@gmail.com,16,,2021-03-11
2207,,Woods,mirandameyers@yahoo.com,999,858-291-8540,2024-06-16
8059,,Thomas,hortonlacey@hotmail.com,999,(701)796-1132x19355,2021-01-15
6682,Corey,,thomasregina@hotmail.com,61,001-076-282-8583x0430,2021-11-24
4094,Brenda,Wood,oconnellmolly@yahoo.com,-1,,2023-11-09
2824,Tamara,Walker,michael77@ferrell.com,-1,450.416.8059,2025-03-04
7332,Ryan,Gonzalez,ericawhite@crawford.com,12,,2020-08-29
8781,Javier,Howell,tflores@bell.info,-1,816.830.4588x30581,2020-11-14
9406,Amanda,Foster,qharris@hotmail.com,63,087-749-6398x98267,2025-05-19
3584,Daniel,Boone,sdouglas@hotmail.com,999,098.971.0762x99004,not available
7109,Stacy,Hansen,deleonantonio@yahoo.com,999,(065)031-5255x1908,2024-01-19
3521,Christina,Johnson,willie00@harris-garcia.org,-1,,2022-03-29
5063,Jason,Rodriguez,lisajackson@gonzalez.org,77,982-238-7531x34143,not available
8554,Shane,Shelton,ifitzgerald@ramirez-reyes.com,82,724.490.4090,2023-06-28
2366,Audrey,,,999,+1-132-493-8457x0624,not available
4723,Jessica,Stephenson,,999,(285)333-1630x21392,2020-07-30
9318,Alexis,Jones,,10,+1-830-144-9632x00636,2020-12-26
6116,Donald,Webb,carlosmanning@gomez.com,29,4901479939,2022-10-23
8990,Charles,Cochran,hpope@yahoo.com,56,492-756-1846x184,2021-06-23
6520,Timothy,Shields,emilysuarez@gmail.com,-1,(418)942-7043x785,2024-11-21
3071,Carol,Hansen,ismith@boyd.com,21,001-154-196-6341x7212,not available
9558,Eric,Krause,,-1,250.573.7211x1846,2022-11-29
1312,,Preston,meredith30@yahoo.com,999,845.843.1767x6399,2022-11-13
8285,Amy,Pierce,foxanita@hotmail.com,999,,2022-02-13
8978,Alan,Schultz,antonioramirez@holmes.com,74,(080)241-5079x2159,not available
4010,Mark,Collins,jeffrey86@houston.org,999,(629)144-4018x0912,2023-02-13
9033,Nicole,Edwards,carriedurham@gmail.com,999,001-680-924-3865,2025-01-09
9536,Nicole,Kelly,,-1,9305708944,2023-09-20
7520,Madison,Carter,jasmine04@hotmail.com,999,494.453.4171x55740,2024-03-17
1296,Stephanie,,sean24@gmail.com,-1,,2021-10-16
5806,Brandon,Smith,chayes@yahoo.com,-1,,2021-11-13
1016,Travis,Williams,phartman@roberson-richard.com,17,3973187571,2022-02-25
3366,Pamela,Tran,michellepowers@yahoo.com,999,531-583-4003,2023-11-01
2557,Karen,Roberts,xkemp@yahoo.com,999,550-657-9010x936,2022-07-24
1486,Lance,,torresbreanna@hotmail.com,-1,+1-647-813-6045x546,not available
2658,Jesus,Perry,cmcdonald@tucker.com,52,001-383-758-6108x20572,2020-11-26
4085,,Smith,antoniowilson@yahoo.com,49,6209563124,2021-01-16
2224,Tonya,Perez,anthony66@robinson.com,-1,(436)752-5920,2021-08-31
6542,Richard,Washington,joshuaramsey@yahoo.com,999,+1-253-374-0630x11150,2021-10-17
5323,,,usnyder@gmail.com,999,368-610-3806,2024-05-02
7310,Wayne,Roberts,jeffreylong@yahoo.com,52,747-648-7110,2020-09-16
5177,Maria,Collins,eric43@yahoo.com,999,001-536-311-6440x9978,not available
2051,Lisa,Black,williamrangel@gmail.com,999,332.487.7867x2433,2022-12-30
5893,Rachel,Turner,yking@yahoo.com,82,(083)086-3642,2024-12-08
4256,Wayne,Joyce,michael03@kemp.com,999,2217575165,2022-03-28
6899,Andrea,Palmer,,999,001-446-827-3990x32343,2021-01-07
6971,David,Rosales,,999,+1-413-723-9710x53398,2024-12-31
3228,Phillip,,ustewart@robbins-jacobs.net,999,5629268865,2021-09-07
1003,Lawrence,Ford,sheila50@martin.net,23,(619)761-6325x5258,2023-03-22
4238,Pamela,,jill71@barnes.org,-1,001-577-816-8673x69600,not available
7986,Charles,Callahan,rramsey@kerr-harper.biz,999,(272)692-9107,2021-06-05
7658,Glenn,,asolis@hotmail.com,999,+1-025-118-9663x759,2021-07-06
5838,Emily,Alvarez,eric28@hotmail.com,-1,001-886-226-4557x56391,2021-03-23
2153,Jennifer,Peters,michaelwilliams@yahoo.com,-1,107.333.5402,2024-06-27
1017,Mary,Romero,david54@fields-dominguez.com,-1,412.454.3757x573,2021-06-14
7853,Matthew,Bowen,lnewman@henderson.com,41,2664899888,2022-06-01
4551,Deborah,Anderson,qlopez@gmail.com,999,(610)700-5614x53015,2023-03-06
8086,Tonya,Gray,hwiley@gmail.com,-1,041.584.4318x006,2025-06-01
9963,,Lewis,jordanrowepope.com,999,001-272-186-5816x7579,2025-01-05
8543,Eric,Hines,laurieclayhotmail.com,19,211.857.4384x159,2021-02-03
2751,David,Perez,dillon00@gmail.com,45,001-901-624-0476x53976,2022-05-21
1003,Joseph,Rogers,sarahhebert@cole-parker.com,-1,176-412-0664x0874,2024-04-25
7826,Leah,,megan30@hotmail.com,999,582.081.7991,2021-11-03
6066,Lindsay,Jimenez,kennedyshawn@vega-shields.biz,-1,+1-393-971-2371,2022-07-15
1650,Harold,Mcgrath,julieaguilar@gmail.com,999,443.978.7994,2021-01-22
9626,Kristy,Moore,amanda17@hernandez.com,-1,261.603.5331,2023-05-04
7795,Marcus,Brown,allison40@gmail.com,999,001-836-895-6104,2022-06-19
8494,Jacob,Cruz,wardcathy@gmail.com,999,457-959-2635,2024-06-09
1003,Mark,Mcguire,michelerodriguez@acosta.com,-1,001-977-892-2120x3505,2025-01-09
5265,Leslie,Molina,reynoldsmelissa@gmail.com,66,(825)195-9407,2021-10-17
1003,Rachel,Medina,randy73@gmail.com,21,,2024-07-08
4388,Caitlin,Jones,tracy58@snyder-oneill.biz,-1,+1-146-335-2109x94424,2021-04-16
5700,David,Miller,amy24@strickland.net,10,+1-629-256-0845x554,2020-10-03
1559,Dwayne,,,-1,226.717.3271,2022-01-22
7637,Erica,Sanchez,ubeasley@hotmail.com,999,184.544.1279,not available
9844,Greg,Sherman,joseph40@black.com,-1,,2022-06-25
3624,Steven,Johnson,leepatrick@skinner-kaiser.biz,-1,001-072-575-2916x29628,2024-04-19
5817,,Burke,keith70@ramirez-summers.com,-1,200-193-1121x11294,2023-02-17
8624,David,Burnett,kimberly41@gmail.com,-1,001-057-240-8968x16879,not available
9792,Nicholas,Young,ronald17@yahoo.com,-1,(015)041-7014x1293,2024-03-26
9369,Curtis,Davis,jamiepadilla@villanueva.com,-1,(509)355-3706x2649,not available
1432,Christopher,Weber,,74,615.601.4668x791,2025-04-27
5606,Megan,Tanner,whickman@giles-ross.com,999,1278193928,2020-07-12
4964,Brian,Alvarado,harryjones@gmail.com,-1,001-893-396-4892x298,2021-06-15
3158,Kevin,Lewis,rachaeljohnsonhotmail.com,-1,(124)230-3963,2021-06-30
5732,Joshua,Duncan,brettbrock@gmail.com,38,916-249-2543x6001,2020-10-26
3872,Kimberly,Vang,brownlaura@kim-crane.info,999,001-591-151-1784x09379,2022-05-10
8655,Leslie,Snyder,vpowell@yahoo.com,999,(166)653-9537x7317,2025-05-24
8032,Robert,Morales,nlane@sims.biz,45,038-644-0926,not available
2653,Joshua,Edwards,lindseysarah@yahoo.com,999,503-076-2894,2022-11-23
2683,Richard,Walsh,bradfordjill@hotmail.com,-1,,2024-12-24
3223,Daniel,Gibson,sabrinahendrix@brown-payne.com,-1,(883)618-8096x81762,2020-11-05
8691,Trevor,Massey,,-1,101-893-7765x1146,2024-03-08
1613,Andrew,Bennett,jesus25@hotmail.com,-1,163-380-5738x9044,not available
5497,Wayne,Romero,wballard@edwards.biz,-1,780-119-8638,2021-02-20
9260,,Macias,spencemarvin@richardson-roberts.com,90,546-471-8760,2023-08-03
7297,Juan,Ruiz,tharrington@sparks-garcia.com,999,,2021-12-24
2222,Heather,Manning,atkinstroy@hotmail.com,-1,(527)447-7158x9696,2022-06-10
1003,Lisa,Harris,ashley17@guerra.com,25,,2022-10-24
5949,Darlene,,judyfinley@gmail.com,-1,514.646.5471x6366,2021-06-27
4559,Logan,Harding,jamesflemingsmith.com,-1,+1-880-486-4327x60411,2021-12-14
6782,,Clark,wilkinsondaisywilson-day.com,-1,001-014-386-2281,2024-07-09
8396,,Wagner,david87@hotmail.com,79,001-114-014-8735x2139,2025-01-03
4889,John,,edavis@king.com,999,403-510-2733,2024-09-12
3314,Shawna,Arnold,farmstrong@hotmail.com,34,001-892-554-5130x39880,2020-07-07
8152,Denise,Gomez,morrowkevin@yahoo.com,-1,753-547-9169x478,2021-12-03
2904,Kyle,Brown,sherribranch@gmail.com,-1,+1-316-205-8543x144,2025-04-16
8001,,Cross,jessica71@gmail.com,-1,414.308.0378,2023-08-26
1003,Craig,Bell,karicole@rivera.info,40,001-463-805-7448,2024-01-07
5077,Michelle,Campbell,paulbrown@yahoo.com,-1,322.933.1903,2022-05-14
3279,Amanda,Henderson,yhunt@gmail.com,37,,2024-07-06
2807,Colleen,Ray,bowensamuel@hotmail.com,-1,707-230-5033,2022-09-27
1003,James,Mayer,matthew59@spencer-richardson.com,-1,+1-658-203-9771x765,not available
6737,Valerie,Washington,carcher@moore.org,999,,2025-05-18
1042,Kevin,Mack,,999,(297)287-5848,2021-07-16
2268,Thomas,Hall,qaguirre@hotmail.com,84,(941)892-9834x97888,2023-01-19
5282,Jennifer,Brooks,matthewmendoza@torres.com,999,+1-837-035-5756x88262,2023-08-09
2283,Dominic,Smith,robleslance@ferguson.com,-1,(076)503-0226x8953,2024-07-22
6834,,,tinaellis@baldwin-ramsey.com,80,861-764-0075x964,not available
7544,Rachel,Carter,dwilcox@guerrero-richardson.com,-1,331.789.7973x94972,2022-03-21
6265,Nathan,Underwood,nrose@powers.com,71,(211)311-1980x92451,2024-12-16
6749,Michael,Adams,joannaford@yahoo.com,-1,505-291-0103x0052,2022-01-14
1050,Matthew,,nparsons@gmail.com,75,(799)246-0619x27719,2023-09-21
3991,David,Moore,bradwilliams@choi.com,60,904-068-3873x32335,2020-10-12
9324,Duane,Owens,barbermichael@hernandez-mcdonald.com,999,654.125.6056,2022-08-05
6369,Shannon,Hardin,kevin49@yahoo.com,23,+1-127-764-3551x47217,2021-07-31
8719,Kerry,,olivia93@case.net,-1,864.051.4018x89860,2021-12-05
9201,Kristina,Horn,kmorgan@ali-williams.biz,-1,(087)328-0010,2024-08-03
2915,Keith,Saunders,rsalazar@yahoo.com,999,001-002-422-3520x8085,2021-11-18
1003,Cristina,Davis,beanlindsey@pitts-lopez.com,-1,3381131218,2024-04-13
9526,Jake,Fields,hsmith@yahoo.com,999,(256)863-7152x48597,2023-10-05
7520,Lauren,Giles,,999,+1-679-404-3972x2470,2024-10-06
7983,Justin,Kelley,taylorlaurie@thomas.info,30,001-463-029-3959x7553,2023-11-25
6559,Jason,Moss,,-1,+1-850-569-2228,2020-07-15
7441,Danielle,Oliver,heatherjohnson@gmail.com,74,255.721.3418,2023-01-09
7877,,Thornton,lauriematthews@yahoo.com,999,641.719.7898x564,not available
5271,Randy,Brown,sarah28@yahoo.com,999,001-047-759-0121x21327,2024-06-06
9450,Leslie,Warren,anne88@yahoo.com,-1,(721)576-2368x77642,2020-08-10
9636,,Hines,ronald18@yahoo.com,999,,2020-09-16
1878,David,Harris,friedmanjessica@gmail.com,999,260.380.4831x1152,2023-06-15
1003,Eric,Wise,,-1,2671133484,2024-04-24
7176,,Richard,alexandrapayne@walsh-lawrence.com,-1,,2022-06-15
1003,Emily,,nicole23@mcgee.com,-1,437.604.1269x7753,2021-12-13
8401,James,,ledwards@yahoo.com,57,890.981.9959x162,2021-04-04
6424,Shelia,Medina,rhunter@gmail.com,999,+1-161-322-8535,2025-02-07
9461,Alan,Stewart,ubecker@jackson.info,89,363-629-8245x22001,2025-02-16
8693,Bryan,Cook,sarah78@gmail.com,999,(274)389-0146x89208,2020-09-23
8239,Dominic,Tran,yguzman@yahoo.com,999,0471642018,2021-03-29
9539,Andrew,Mitchell,christopher20@gmail.com,999,(769)347-9367,2021-12-30
3830,Angela,Henderson,ljones@reid-wolfe.com,999,884-308-1748,2024-05-01
7145,Beverly,Mcdaniel,vmiller@gmail.com,15,410-289-9001,2021-06-29
9180,Chad,Grant,jennifer93@yahoo.com,72,,2020-07-08
6377,Anita,Graves,joshua09@lee.com,-1,9790193827,2022-02-13
2020,,Holder,ahoward@yahoo.com,45,(186)293-7730x513,2024-10-15
6919,Lisa,Garcia,tracey00@gmail.com,83,256.364.1979,not available
6017,Charles,Gray,,999,817-661-4377x825,2021-01-30
1322,,Carroll,ecastillo@porter.com,78,(900)277-4553x72118,2020-10-25
5131,Caitlin,Gomez,hstark@simpson-walters.net,-1,089.749.0295x0845,2021-09-07
2640,Pamela,Kelly,mark06@hotmail.com,-1,(587)696-0747x94359,2023-10-12
2483,Amy,Johnson,stephanie14@gmail.com,999,+1-240-518-1955x457,2020-08-07
8981,Melody,Lucas,mariahartman@cook.org,-1,+1-292-292-7112x3666,2023-06-04
4499,Andrew,Velazquez,,48,493-287-4030,2022-07-03
5499,Jose,Williams,amandagray@gmail.com,999,620-477-9856,2025-04-22
6712,Ashley,,angelagutierrez@yahoo.com,54,682.858.0849x9812,2023-01-20
8562,,Jimenez,rebecca95@hotmail.com,-1,6054636184,2021-07-29
8471,Robert,King,lisa99@hotmail.com,-1,001-754-604-0311x97302,2020-10-09
5089,Teresa,Roman,nicolewright@gmail.com,999,(484)832-5089x8670,not available
4046,,Robbins,wilkersonpatricia@phelps.info,15,(360)718-8515x5780,not available
1271,Ashley,,laurenadams@hotmail.com,-1,409-452-4841,2023-12-05
8182,Travis,Dean,adamsstephen@hotmail.com,-1,+1-141-712-8006x5351,2024-12-13
1396,Mercedes,Gallagher,saunderspaul@gmail.com,999,7156434024,2023-08-07
9122,Lauren,Barrera,jamessmithhotmail.com,-1,(706)980-0737x95159,2024-08-01
4735,Andrew,Hawkins,charlessanders@hotmail.com,83,(590)430-1927x339,2020-11-24
1579,Carmen,Saunders,nbradley@flores.com,999,513-259-4379x1456,2021-03-25
3753,,Wright,qlee@norman.org,27,428-906-0257x065,2025-02-15
6904,Laura,Wright,,87,(897)693-4073x8834,2022-12-18
4259,Kimberly,Banks,amandayoung@barker-gay.com,34,7750468291,2023-05-18
6553,Kevin,Bruce,,12,,2024-09-20
5905,Howard,Mitchell,webstermark@gmail.com,999,(135)794-4047x25707,2024-11-21
3701,Rhonda,Osborn,brownerika@hotmail.com,13,3889006157,2023-01-12
1003,Madeline,Heath,williamwilson@gmail.com,-1,001-958-680-3230x31735,2022-04-16
7029,Kenneth,Reeves,jdaniels@gmail.com,-1,721-269-7429x235,2024-07-01
3627,Carolyn,Floyd,sharon00@palmer.com,-1,001-401-524-4581x8175,2021-07-30
3406,Tyler,Gentry,crystal59@hotmail.com,40,,2024-08-27
5965,Rodney,Thomas,grantmitchell@page.biz,60,+1-116-368-6088x0473,2025-01-10
2502,Bruce,Sellers,katelyn63@gmail.com,26,,not available
6977,Timothy,Crawford,ashley78@schneider.com,-1,(157)099-7402,2021-03-03
5278,Cynthia,Maynard,jeffreygrimes@ward.com,999,(803)729-0207,2023-04-04
4639,Matthew,Hernandez,batestaylor@hotmail.com,-1,523.144.6237x512,2020-12-25
1497,Mark,Bowman,jacobsonvincent@sherman.com,81,013-619-3168x66785,2025-01-23
4160,Angela,Mullins,hjackson@hotmail.com,999,+1-482-226-8430x96646,2023-07-30
6249,Rebecca,Chavez,veronica71@miller.com,999,914-966-3429x140,2024-07-05
5256,Hannah,Arnold,iellis@rodriguez-jackson.com,87,+1-326-953-1617,2023-01-18
8389,Joseph,Robinson,tina34@ward-wright.com,-1,914.949.1452,2025-01-06
9235,Joy,Calderon,daniel93@gmail.com,999,,2023-05-15
2691,Nicole,Ramirez,ngriffith@fowler-johnson.net,999,273-579-0224x0776,2024-07-01
7201,Jason,Mccarty,,-1,(183)882-9453,2023-01-15
2462,Patrick,Powers,,41,854-448-8887x6054,2020-11-01
2493,Jennifer,Atkins,brownnicole@estrada-noble.org,999,317-617-1567,not available
1572,Jacob,,kaitlyn73@bauer.info,54,(063)548-9064x49297,not available
1185,Chelsey,Lopez,deanna51@hotmail.com,999,,2022-08-16
1003,Brandon,Sanchez,,14,1454508149,2021-09-05
3205,Robin,Arnold,adamsalice@gmail.com,-1,+1-175-378-3886,2024-06-29
7999,Daniel,White,owelchgmail.com,50,(305)036-5728x02304,2023-06-19
3896,Debra,Richardson,gregmontes@yahoo.com,999,921.358.1748,2023-07-29
2848,Wyatt,,cheryl32@hotmail.com,-1,096.756.8753x1058,2024-07-20
5808,Carlos,Walsh,burkesamantha@jenkins.com,-1,190.018.5072,2024-05-05
2327,Nicholas,Ochoa,kendrabarrera@gmail.com,19,(948)987-9415x988,2020-08-31
1594,,Thompson,marynelson@sanders-anderson.org,999,001-245-036-2773x59899,2024-09-28
7958,Stephanie,Mitchell,mezamichael@vazquez.com,-1,290-973-2702,not available
1003,Scott,Leblanc,pittsphillip@sutton-peck.com,75,0282661350,2022-07-07
2064,Ryan,Smith,carlmoore@gmail.com,86,+1-193-789-9928x1094,2022-04-12
3863,Michele,,jessica39@osborne.com,28,,2021-11-30
2533,Kevin,,swansonmason@wilson.net,39,001-004-529-8857x98837,2022-02-26
1588,Wanda,Baker,caroline73@gmail.com,-1,001-980-370-4380x2036,2023-01-19
1003,Rebecca,Nguyen,tnelson@yahoo.com,999,2654211376,2021-05-30
9021,Alexandra,,fmarshall@yahoo.com,59,+1-492-247-2165,2022-06-11
8098,Micheal,Harris,tracyanderson@lucas-cruz.org,-1,,2022-09-16
4652,Nicole,Harrison,blakenathan@brown-hinton.com,-1,,2023-09-18
6275,Kathleen,,kayla20yahoo.com,999,286-769-4654x44927,2022-09-15
6225,Shawn,Trevino,imiller@peterson.org,-1,+1-767-791-3079x903,2022-07-19
7875,Jennifer,Myers,vthomas@hotmail.com,89,(705)641-8633,2022-06-18
1003,Karen,Pierce,,-1,+1-949-856-0955,2023-04-01
4058,John,Mata,,-1,(033)351-1698x17789,2022-08-30
5787,Kurt,,oswanson@hotmail.com,-1,(789)516-0961,2021-03-31
9974,Jaime,Stephens,elizabeth09@yahoo.com,45,(530)349-4294,2024-12-04
8176,Tammy,Jimenez,michael11@hotmail.com,-1,,2023-12-01
2932,,,,999,5103418023,2024-06-27
7077,Angelica,,,-1,256.064.1912x61939,2021-04-15
9214,Morgan,Henry,ihoffman@hotmail.com,999,004.027.0655x32700,2024-02-12
1900,Gregory,Rice,hilllaura@yahoo.com,999,+1-465-520-0475x8201,2024-03-19
5194,Levi,Riggs,uhicks@hotmail.com,79,(830)589-0090x213,2025-04-19
3016,Greg,Fry,bradywebster@clark.biz,999,+1-457-507-8814x7055,2021-01-18
8450,Joseph,Martin,robert50@parker-hurst.com,999,162.406.2438x691,2020-11-25
9790,Hannah,Phillips,rodriguezdwayne@clark-russell.biz,999,001-436-464-4459,2022-03-24
5346,Sandra,Scott,vcrosbygarza.com,-1,(126)928-2839x9699,2024-06-16
3355,Cory,Lee,qschmidt@pitts.org,999,0715188711,2025-03-24
7520,Jerry,Martin,fpruitt@gmail.com,-1,(357)010-1490x2886,2022-05-25
7369,,,nscott@garner.info,37,(606)698-9058x0710,2021-02-18
9823,Sierra,Schultz,castrojeffery@morales-curry.com,40,001-359-799-6038x15963,2024-04-18
3982,Megan,Mitchell,davidburke@paul.org,-1,001-805-888-1579x70121,2024-06-21
3217,Jennifer,Rivera,ellismegan@morgan.com,-1,,2022-07-15
8030,Dawn,Fernandez,smaldonado@yahoo.com,999,001-369-238-3096x4886,2022-11-13
4696,Shawn,King,denise63@gmail.com,999,001-173-477-5394x8870,not available
9691,Taylor,Lawrence,ufitzpatrick@hotmail.com,-1,(909)950-9052x26562,2021-08-15
5897,Joshua,Johnson,wmcgee@hotmail.com,999,482.357.8009x1018,2021-01-05
1003,Steven,,williamskaren@gmail.com,999,270-467-8255x65070,2024-09-26
2774,Ashley,Wiley,rachel37@wang-velez.com,14,,2024-12-02
7271,Valerie,Garcia,tabithatucker@meyer.com,-1,,2022-08-20
3257,Mary,Merritt,zespinoza@holmes.com,59,202-114-6917,not available
3006,Melissa,Castillo,smithjennifer@hotmail.com,999,001-386-171-3816,2025-05-23
1557,Rachel,Smith,emily89@boone.com,-1,,2021-07-18
9697,Adrian,Grant,dwright@castillo.com,-1,001-117-555-6605,2024-07-19
4596,Holly,Jacobson,xmaldonadorichards.net,-1,+1-644-726-5414x576,2020-10-05
2322,Steven,Lynch,logan75@hotmail.com,60,150.757.5875x863,2020-10-27
9719,Cindy,Malone,cgrimes@yahoo.com,-1,+1-435-369-0978,not available
2665,,Gomez,benjamin52@gmail.com,42,+1-159-761-9993x489,2023-07-31
6588,Joseph,Hale,elizabeth25@barber-johnston.com,999,001-335-307-7174x98405,2024-12-12
1348,David,Cunningham,peter47@gmail.com,-1,,2024-09-20
4500,,,rodriguezjames@gmail.com,999,087-439-1949,2022-07-04
1152,Amanda,Krause,,67,,2021-07-06
9105,,May,tracy47@hotmail.com,999,(459)192-8784x91921,2022-05-24
5685,,Nichols,victoria64@yahoo.com,10,(552)495-6260x77679,2024-08-15
3581,Marcus,Hicks,humphreydavidmurphy.com,-1,001-901-497-3469x4795,2020-10-09
7169,Thomas,Weber,darrellraymond@yahoo.com,-1,001-428-358-9086x95781,not available
2338,Katie,Marsh,johnsonjohn@yahoo.com,999,+1-435-136-9594x73134,not available
7219,Martha,Miller,angela50@yahoo.com,999,001-899-378-9304x3407,2023-07-17
9418,,Petersen,barbaramcfarland@chambers-jimenez.com,28,+1-319-624-3625,2021-07-21
4983,Sara,Clark,taylorpeters@scott.info,82,(250)181-1873,2023-10-21
9874,Annette,Day,richardsoto@gmail.com,51,442.042.3216x4176,2021-12-14
2573,Judith,Cortez,victoriamorales@gmail.com,-1,(390)507-0062,2024-12-07
4707,Timothy,Bryant,kristinjones@hotmail.com,47,,2021-09-06
8109,Anna,Moss,floresmariah@hotmail.com,37,078.003.0559,2025-01-25
4554,Gregory,Cobb,,76,4820162780,2021-09-29
7817,Angela,Garcia,kramerruben@dean-smith.org,18,001-406-742-2214x82964,2023-08-15
8320,Heather,Blake,,-1,5509743341,2021-03-20
7147,Caroline,Watkins,kurtolson@yahoo.com,-1,(401)719-5798,2021-07-17
9621,Dennis,Underwood,ereed@johnson.net,999,+1-578-787-2964x235,2024-10-04
1003,David,Thomas,devans@reeves.com,999,001-313-947-8147x157,2021-08-23
5821,Randy,Lucero,cherrypatricia@allen.info,-1,091.602.3728x118,2022-11-21
3089,Breanna,Chavez,claytonlawson@yahoo.com,-1,(488)658-1138x3220,2022-11-13
5025,Susan,,duncanstephen@gmail.com,-1,(986)702-2690x03197,2022-03-26
9063,William,Walker,thompsondavid@mcbride-jackson.com,999,854.176.5707,2023-06-24
4758,Cheryl,Gray,garciaashley@gmail.com,999,(924)407-3196,2025-04-09
7628,David,White,alyssa16austin-parker.org,-1,,2021-07-20
3664,,Lee,jamesjackson@gmail.com,999,(191)133-6529x582,not available
8366,Charles,Hamilton,zallen@walker-hayes.com,-1,+1-683-267-9900x0962,2025-04-19
9825,William,Perez,andrew06@charles-howard.com,83,(151)438-1716x06602,2023-10-10
8802,Christopher,Carter,john11@hotmail.com,999,(368)080-5855x25918,2020-11-02
4785,Kendra,Watson,vlindsey@gmail.com,-1,,2022-08-26
1129,Sherry,Rich,,-1,053-656-9825x251,2022-05-21
5115,Maria,Cameron,conniehansen@wiley.com,59,358-234-5227x64659,not available
9198,Sarah,Oliver,rrodriguez@gmail.com,999,175.356.5610,2021-05-28
9177,Anthony,Hogan,cantrellandrea@hotmail.com,-1,952.302.5207,2024-05-17
7652,Dawn,Murphy,,-1,(513)813-2661x1632,2021-02-09
7689,Albert,Fleming,lisasexton@hotmail.com,38,,not available
3941,Randall,Henry,duartetanya@smith.com,49,(826)492-9200x1472,2023-12-31
9916,Christy,Ramos,nicole48@hotmail.com,81,201.715.2176x86766,2021-03-13
7873,Samuel,Davis,patelmaria@gmail.com,-1,001-598-576-6857x263,2023-03-19
2486,Joseph,Mercado,sburgess@foster.com,-1,665.220.9857x47429,2023-05-12
4703,Jessica,Johnson,patricia90@hotmail.com,999,(083)946-7857x3796,2024-07-22
2700,Jason,Garcia,kmyers@yahoo.com,54,303-533-4132x73090,not available
8804,John,Murphy,travisheath@ortiz-webb.com,999,330.653.7382x641,2022-11-08
3730,Kelsey,Nguyen,urollins@obrien.com,70,+1-023-521-4706x5437,2021-10-16
3789,,Zimmerman,sgonzalez@gmail.com,-1,272-277-0610x3229,2021-02-05
6349,,Brown,gregbutler@hotmail.com,-1,903-932-9843x00268,2022-09-27
3121,Justin,Mcpherson,cchurch@garcia.net,-1,+1-270-655-0082x553,2022-09-02
1003,Rebecca,Martinez,jonescarrie@krause-schultz.net,-1,,2022-12-01
6037,Danielle,Villegas,wrightcynthia@moore.com,-1,001-035-944-1871x415,2023-02-06
7683,Douglas,Wright,stevensjanet@hotmail.com,999,,2021-10-11
7408,Sean,Ramsey,,74,(957)079-0664,2023-04-30
4990,,Cooper,kimberlyfigueroa@jackson-ramirez.net,-1,336-186-8099,2024-11-14
4337,Joseph,Rivera,wongbrian@yahoo.com,999,861-037-8499x1066,2024-03-12
1003,Michael,Moses,albertdurham@yahoo.com,56,001-228-286-3022x855,2023-07-24
4801,Ronald,Greene,qmcdonald@jones.com,-1,197-225-4434x4089,2021-12-06
1371,Edward,Smith,tporter@gmail.com,999,+1-704-938-8760x487,2022-10-16
2876,Nicole,,kaguilar@hotmail.com,49,+1-828-311-0062,2021-01-25
3755,Rebecca,Morgan,robertbird@hotmail.com,-1,+1-993-159-6391x5334,2023-02-01
3139,Matthew,Perez,,87,001-143-974-7903x2973,not available
9429,James,Mendez,christopher17@gmail.com,-1,,2022-05-23
2063,Kevin,Cooper,halljames@hotmail.com,999,7331837247,not available
7768,Donald,Webb,robert60@mcdonald-beasley.com,-1,001-706-491-2600x747,2021-11-19
6246,Brian,Ferguson,nicole79@olson.net,999,331-023-5122,2023-04-28
9457,Nicole,Bryant,emily61@yahoo.com,999,697-629-9235x8933,2024-07-08
5823,Bradley,Rodriguez,lawrence96@brewer.biz,-1,270-793-6925,2025-01-10
2717,,Donovan,turneraaron@hotmail.com,33,418.547.5296,2022-10-21
4582,Christina,Lopez,billy54@gmail.com,-1,(686)012-4575x810,2020-07-19
1428,Katrina,Arnold,hlang@hotmail.com,999,480-538-1835x75616,2025-03-24
8935,,Gutierrez,nicole54@williams.org,999,+1-620-577-7126x8370,2021-09-20
2983,,Smith,amanda42@cain.com,-1,,not available
5022,Madison,,brianjones@hotmail.com,23,(513)170-8808x542,2020-10-29
5411,David,Smith,alexa62@yahoo.com,-1,(400)927-7525,2021-09-16
5446,Ariana,,davidwalker@munoz.org,-1,+1-140-441-1462,2024-09-06
8630,Brittany,Perkins,zrussell@cardenas-parker.com,-1,+1-647-179-4930,2023-06-15
9229,Chad,Gay,karentaylor@maddox-powers.net,-1,+1-597-793-7810,2024-04-13
9038,Jessica,Wilkins,jeremy06@gmail.com,-1,449-312-3835x464,2022-04-02
1226,Joseph,Christensen,,57,361.195.8940,2022-10-03
7652,Edward,Schroeder,csmith@hotmail.com,77,118.858.2387,2023-04-10
9537,Ashley,Walker,josechristensenhotmail.com,999,001-257-094-9193x75101,2023-12-05
3775,Zachary,Payne,hartmandonna@donovan.com,88,(514)065-2182,2023-01-26
1960,Cynthia,White,powerscharles@beck.biz,-1,+1-884-779-8157x14730,2024-05-20
6284,Wanda,Mcmillan,rlong@martinez.net,71,001-751-981-4255x968,2023-06-17
3302,Stanley,Harvey,,999,+1-672-114-7263x2627,2025-04-15
3836,,Mack,,999,+1-126-538-8652,2023-10-03
4239,Regina,Knapp,mjensen@hotmail.com,999,,2022-10-08
4702,Michelle,Gibson,lgamble@yahoo.com,999,4608365253,2022-09-06
1820,Marc,Diaz,ureeves@hotmail.com,-1,4099845461,2020-11-09
1003,Heather,Harrison,laurie86@brown.com,999,686.777.8007x46982,2020-11-23
4224,William,Pittman,erinmontoya@pittman-sullivan.com,999,(272)720-8613x24995,2020-08-15
3402,,Lee,sgilbert@leon.com,23,+1-921-331-8602x16408,2024-07-24
1164,Leah,Morgan,dkrueger@mitchell.com,32,614.093.3439x642,2023-12-23
4723,Richard,,oharmon@jacobs-hernandez.com,-1,(707)684-7630,2022-12-08
2637,,,justinsullivan@robinson.biz,46,001-538-922-8681x786,not available
1480,Miguel,Howard,johnhenderson@gmail.com,999,+1-681-153-4194x572,2023-02-22
2739,Fernando,,burtoncrystal@gmail.com,999,+1-871-515-9662x236,not available
5797,Michael,Reeves,ryan01@jones-simmons.com,999,(106)821-1507x117,2024-08-23
5782,Brittany,Reese,mpayne@reyes-johnson.net,-1,001-504-357-0887x1342,2021-01-31
1958,Martin,Moore,lwalls@dominguez.com,-1,001-419-632-5680x2404,2023-10-01
6611,,Dickson,youngsara@huffman.net,-1,,2025-05-22
6589,,Young,,999,+1-407-745-2819x023,2021-11-20
9027,Jason,,bgardner@jones-knapp.com,999,210-130-6638x5630,2023-04-19
6775,Dustin,Perkins,jasonhayden@hodges.com,999,001-190-679-7240x75347,2020-07-27
7044,Eric,Johns,dmiller@jones.com,-1,(469)027-1366x26424,2021-09-02
3427,Phillip,Boone,rsmith@barnett-hoffman.com,-1,105.974.5860,2024-08-01
8626,Joe,Garcia,gilesbrian@yahoo.com,63,,2020-10-27
1961,Diana,Norman,karina10@yahoo.com,46,,2021-01-07
8492,Elizabeth,Davis,jonathanowen@adams.com,74,830-666-1106,2020-07-03
4247,Alejandra,Walker,john73@yahoo.com,27,(935)534-5976x954,2020-12-19
9350,Caleb,Galloway,yorkdustin@hotmail.com,999,001-491-766-4494x83378,not available
3800,Christopher,Evans,matthew72@yahoo.com,-1,+1-379-972-4761x509,2024-04-21
2920,Crystal,Miller,,999,(931)256-2427,2020-09-21
3362,Gary,Chaney,ltorresbarnes-moore.net,-1,+1-033-446-9514x3947,2025-03-08
6832,Crystal,Warner,thompsonjason@pitts.com,82,001-695-852-1183x15296,2022-07-16
9618,Jessica,Jackson,martha84@bishop.net,999,+1-685-195-2648x19811,not available
7102,Jesus,Thomas,nmedina@hotmail.com,-1,(780)220-3145x9682,2024-09-05
2780,,Rodgers,jgoodman@nguyen-walter.info,76,136.042.5907x5777,2024-03-18
8601,Eric,Carpenter,esloan@yahoo.com,12,338-970-7068,2022-01-05
7252,Teresa,Stout,jenniferwashington@bates.org,33,+1-235-507-7996x4136,not available
2851,Mark,Ray,rdavis@harrell.org,999,,2022-02-22
2616,Earl,Torres,tarajohnson@robinson-hicks.com,-1,669.383.7394x7284,2024-03-31
4234,Alice,Dickerson,gregorykent@gmail.com,54,,2022-11-25
3115,Bethany,Deleon,jessicaanderson@yahoo.com,28,0727759570,2023-07-13
8908,Megan,Clay,ywilson@hotmail.com,999,540.274.3491x122,not available
6658,Angela,Smith,walterhartmiller.com,75,001-178-068-2517x87095,not available
1525,William,,joshuabrowngmail.com,-1,378.673.1118,not available
4669,Alyssa,Collins,,999,442-922-1280,not available
5081,John,Hodges,wpalmer@gmail.com,-1,957-397-1814,2021-12-23
9617,Ashley,Taylor,davidhorn@gmail.com,81,001-672-360-3159x15508,2021-04-08
5718,Lisa,Young,owhite@hotmail.com,999,,not available
1003,Logan,Stone,harrisjesse@williams.com,15,,2020-11-05
9038,Karen,Robinson,osbornedavid@yahoo.com,-1,739.019.1146x484,2020-06-02
2826,Kenneth,Hughes,lopezapril@yahoo.com,-1,,2021-05-13
1101,Charles,Barnett,johnsonjessica@garcia.info,-1,001-865-224-4128x964,2021-01-21
3783,,Adams,wwright@yahoo.com,-1,(377)501-8354,2020-08-29
7489,Brian,Johnson,kgibson@jones-hunter.com,-1,815.961.7892,not available
2070,Gregory,Alexander,carriebrewer@mejia.com,999,001-907-810-0373x048,2024-06-16
3845,Mary,Hamilton,,-1,001-542-230-5091,2021-06-04
7674,Richard,Warren,,12,025-965-9354x8048,2023-12-21
3883,Bryan,,phernandez@gmail.com,38,(913)044-5216,not available
7057,Debra,James,cummingsmary@gmail.com,70,877.232.0260x64738,2024-02-04
6236,Dustin,Griffin,youngmegan@jones-kirby.biz,-1,775.277.3900x58473,2024-03-31
6285,John,Johnston,humphreyjohnyahoo.com,999,+1-621-124-6679x5070,2022-05-14
4494,Amber,Everett,npeck@gmail.com,999,712-480-9149x5027,2021-04-22
4095,Jacob,Oconnor,hshah@hotmail.com,-1,515.663.8861x08806,2023-09-19
3583,Kimberly,Leon,ruizdavid@gmail.com,-1,995.358.4184,2020-11-18
1003,Erica,Jordan,justintapiayahoo.com,-1,026.620.1933x5450,not available
4097,Sarah,Holland,nicholasbell@hotmail.com,62,353.837.5229,2025-02-25
6228,Jonathon,,gmitchell@oconnell.com,999,001-284-017-6575x9137,2022-09-23
3091,William,Reyes,woodsbenjamin@obrien-adams.info,-1,977.177.3320,2022-02-19
4153,Carrie,Williams,hilljamie@maxwell-lee.com,-1,527-176-8239x72163,2022-05-29
8813,April,,eberg@hotmail.com,-1,001-883-776-4497x0323,2025-05-23
8791,Daniel,Beltran,paul90@gmail.com,999,487-900-2705x78714,2024-06-30
4075,Holly,Gray,jbutler@gmail.com,-1,001-957-868-1425,2023-07-08
5824,,Bell,vjefferson@gmail.com,38,5890660399,2023-01-29
5597,Linda,Miller,ysanders@gmail.com,53,+1-889-254-5452x52911,2024-07-19
9686,William,Holt,pjordan@hester.net,-1,883.127.5827x19339,2022-12-28
3542,Jason,Ramirez,ksmith@hudson.org,85,,2024-10-29
2164,,Bowers,toddhudson@garcia.net,84,001-448-718-3211x3355,2023-09-01
7731,Jason,Mcpherson,wclark@gmail.com,14,989.904.5962x9342,2021-12-27
9140,Daniel,Johnson,michaellynn@yahoo.com,85,6092827049,2024-07-25
7218,Thomas,Sims,dennispruitt@yahoo.com,999,001-381-555-0518,2024-11-08
2705,James,Meadows,dominic77@robinson-thomas.net,-1,(406)272-6345x951,2023-04-02
3934,Peter,,smithfrancis@warner.com,61,(662)915-4752x711,2023-11-12
9249,Haley,Johnson,butlerjasmine@smith.biz,37,(706)209-1236x81577,2022-11-27
4449,William,Clark,stonedeborah@gmail.com,84,887-110-5572x770,2021-08-08
5012,Sheri,Harris,qatkins@brown.com,999,247.600.4259x97738,2024-05-26
7486,Philip,,,44,(801)609-3452x528,2023-10-23
6203,Madison,Weeks,hlowe@yahoo.com,999,182-451-1279x426,2024-10-09
8142,Brent,Ray,jhorton@gmail.com,999,973-910-7642,2020-11-11
2966,Bridget,Davila,udavis@gmail.com,63,,2021-01-27
5017,James,Davis,vanessa92@gmail.com,76,267.005.6472x07277,2021-10-29
1335,David,Brown,aortiz@gmail.com,23,458.667.1731x2550,2021-04-09
8722,Tammy,Henderson,ndyer@gmail.com,-1,0256186100,2021-04-18
5206,Mark,,olivermaria@wilcox.biz,-1,421.380.8000x73745,2020-11-12
2287,Matthew,Perkins,deniseherring@yahoo.com,-1,,2022-05-25
8753,April,Gonzalez,william17@hayes.biz,13,+1-093-060-0963x793,2022-08-06
5796,Danielle,Ford,,999,155-451-8386x2491,2024-12-29
8351,Sydney,Strickland,timothybrown@hotmail.com,999,(566)871-4200x01997,2020-09-05
8466,Elizabeth,Smith,,-1,(990)489-9441x96984,not available
4267,Carolyn,,nguyenronaldhotmail.com,999,+1-471-661-2277,2020-06-20
2291,Nathan,Moreno,gloriawhite@jenkins.org,-1,727.543.4436x774,2022-11-03
4026,Tara,Wilcox,bradleyoneill@hotmail.com,-1,(375)732-1977x72288,2023-01-14
2769,Ryan,Johnson,,999,762-030-2602x54849,2021-02-26
5255,Paul,Rosario,maria40@martin.com,-1,188-443-0117,2021-07-07
1007,Corey,Friedman,vmarks@hotmail.com,999,968.776.8472,2024-08-21
4517,Sara,Grant,greenecody@johnson-hines.com,84,262-705-5214x33149,not available
8702,,Roberts,brandon98@hotmail.com,999,+1-125-766-3584x766,2023-03-17
6960,Pamela,Holmes,cervantesdavid@hampton.com,-1,+1-512-765-9929,2023-10-09
6484,Rodney,Kelly,zmurphy@yahoo.com,-1,(530)923-0145,2023-04-07
6505,Gregory,,pacosta@hotmail.com,-1,001-986-495-4020x194,2021-07-13
1185,Melissa,Sutton,stephanieevans@knapp.biz,15,+1-589-035-6440x5963,2022-03-05
1003,Patricia,Chen,coleblake@gmail.com,19,221-551-8660,2020-07-10
9598,Jonathan,Nguyen,maryharrismacdonald-clark.info,-1,(725)661-7419x924,not available
1003,Ethan,Ortega,bthomas@ward.info,-1,(034)491-5709x69397,2024-02-28
1380,Matthew,Howard,kimerin@gmail.com,-1,(327)031-4167x20863,2023-09-09
9462,Seth,Luna,matthew07@gonzalez-wagner.com,-1,853.670.1902x9442,2024-09-01
6422,Mary,Bartlett,gabrielburke@hotmail.com,999,970-998-5486x59988,2025-02-03
2895,Rebecca,Martinez,qbarr@nelson.biz,999,001-760-489-0501x961,2020-09-09
8894,Michael,Leach,ibrown@yahoo.com,-1,224-764-5777x94039,2024-12-31
7289,Reginald,Williams,michaelbrooks@hotmail.com,-1,333.816.7428,2021-01-23
5662,Elizabeth,Williams,ykrueger@gmail.com,999,433-485-4651,2021-02-08
7385,Melvin,Edwards,murphyricky@yahoo.com,32,(050)436-7533x11837,2022-07-08
4805,Monique,Stevens,shannonodom@miller-thomas.net,999,490.204.3419x6672,2022-12-04
2879,Kathy,Brown,davidthomasparks.com,18,398.539.4282,2020-09-28
5561,Tracy,Henderson,ephillips@wilson-vazquez.biz,32,1832015083,2023-12-12
2970,Carrie,,cohentyrone@davis.com,999,844.459.1354,2020-11-26
3653,Kara,Jones,,74,284.939.1583,not available
5311,Kevin,Mata,christophernguyen@yahoo.com,-1,5232978415,2024-09-29
4647,Kimberly,,lori00@woods-calderon.com,86,822.219.9957x78278,not available
8305,Michael,Peterson,onguyen@house.com,999,(859)286-1912,2025-04-24
4916,Megan,Howard,mwhite@yahoo.com,41,782.832.8959x2246,not available
6678,Laura,Rangel,summerskayla@arnold.org,999,(029)778-9079x10217,2025-03-26
3571,Carol,Strickland,henryjoel@baker-atkins.com,49,347.672.0858x440,2022-10-28
7318,,Jackson,mitchell36@pugh-galvan.org,32,+1-105-935-1304x8844,2024-04-14
1568,Sydney,Francis,ann24@jones.biz,999,+1-026-016-1532x4458,2021-02-27
3311,Shannon,Cannon,,999,001-557-360-4921,2024-08-02
1823,David,Smith,rogersstacy@davis.com,999,(213)293-0635x625,2023-12-03
3398,Thomas,Wright,gjohnson@gmail.com,-1,813-585-0051,2021-05-30
9209,Melissa,Parker,,999,(568)528-6653x688,2021-08-17
5281,Kirk,Soto,robert58@ferguson.biz,999,(464)750-9706x542,2023-04-18
9625,Ryan,Lamb,gravesvalerie@bryant.com,-1,825-421-4382x1185,2023-06-02
3771,Adam,Mendoza,,999,421-819-3302,2025-04-14
4266,Isaiah,Gray,robert58@gmail.com,999,,not available
8467,Tiffany,Simmons,gutierrezeric@thompson.net,-1,620-850-4974x57719,2022-01-22
8948,Joshua,Perry,,-1,556.890.9409x5335,2020-09-07
1792,David,Mason,barnesjamie@gmail.com,999,+1-040-631-6980x2519,2021-03-19
3381,Teresa,Smith,anthonyortiz@hotmail.com,80,3074416536,2021-08-06
5665,Richard,Williams,,999,437.324.8110x50037,2021-02-17
1365,Brandi,Adams,,79,(989)532-4228,2023-09-27
7322,Rachel,Reeves,rjohnson@morales.com,-1,+1-935-363-4301x0328,2024-05-23
2400,Diana,Perez,amybrewerrivera.com,999,,2020-09-05
2295,Sarah,Gould,jodirice@yahoo.com,39,189.991.9936,2021-03-23
8775,Nathaniel,Smith,andreaparks@shelton.com,999,(556)275-5089x3739,2022-08-11
6790,Victor,Kelley,rruiz@yahoo.com,-1,918-654-2415x14864,2020-10-15
7937,Austin,Mitchell,john48@gmail.com,63,,2020-06-26
7052,Erica,Nicholson,jholmes@henderson.biz,25,001-460-189-0008,2022-09-27
6287,Logan,Lowery,david29@reynolds.net,-1,412.936.3135,not available
5195,John,Murray,susan52@gmail.com,999,+1-349-741-7662x830,2024-02-16
3400,Ryan,Townsend,gayala@yahoo.com,999,931-347-4014x73177,2021-07-30
1276,Roberto,Morales,sandramalone@gmail.com,20,210.310.7104,2020-12-26
9950,,Gomez,qkeller@hotmail.com,999,+1-182-419-5494x2197,2022-06-10
9091,Daniel,Kennedy,riley58@hughes-smith.org,37,001-331-251-2704x4503,2023-01-11
5577,James,Terry,ysanchez@park.com,-1,001-000-386-6550,not available
9875,Jose,Spencer,wyu@sparks.net,-1,(180)239-0114x020,2020-08-21
3411,Darryl,Martinez,mendozadavid@gmail.com,10,,2024-11-19
4595,Lisa,Lamb,smithchristian@yahoo.com,-1,+1-463-348-9590x518,2021-10-29
3045,James,Garza,amanda54@grant.com,85,823-772-6283x45520,2024-02-27
6247,Daniel,Howard,teresakeller@yahoo.com,90,813.562.1299,2023-06-06
6808,David,Guzman,martintimothy@gmail.com,75,+1-972-197-8749x9358,2023-05-14
3313,Cynthia,Steele,bfrench@dunlap-nelson.com,999,(051)816-9689,2024-07-11
6216,Carolyn,Bishop,watsonchristie@hernandez.com,65,324.512.1004,2021-05-18
5901,Matthew,Ramsey,courtney50@hotmail.com,999,(561)573-6581,2023-04-30
5159,,Ho,kjohnson@clark.info,-1,877.776.9667x274,2021-04-25
3146,Adam,Rodriguez,singhadam@gmail.com,999,289-712-0460,2023-08-05
1115,Joseph,Wallace,nknight@hotmail.com,69,+1-133-359-4497x786,2025-01-29
3842,Cassandra,Monroe,angela01@guzman-blackburn.com,999,615.995.7071,2022-12-24
9022,Tonya,Barron,stokeselizabeth@yahoo.com,999,760.129.7141x98847,2024-10-07
1003,Cassandra,Hall,ybrewer@gardner.com,999,0605392967,2023-05-03
1003,Ann,Taylor,elizabethstanton@smith.com,22,,2023-03-17
8075,Rodney,Wilson,sandra92@hernandez-wright.biz,999,+1-228-056-3398x451,not available
7678,Michael,Lynch,fnguyen@hotmail.com,-1,+1-855-734-8382x421,2021-01-17
5123,Michael,Hamilton,hensleykelly@gmail.com,83,001-321-046-5633,2025-03-23
2328,Jack,Cross,pjohnson@reyes-sherman.com,-1,+1-708-448-5805x49377,2022-09-29
6363,,Riggs,heathann@gmail.com,999,(240)494-0285,2021-02-04
7066,Latoya,Miller,,999,,2024-01-28
9777,Jason,Matthews,mikewilliams@boyer.com,-1,+1-001-141-2202x1384,2022-10-07
8892,,King,maddoxanna@young.com,71,001-248-116-2064x50396,2021-01-15
8567,Anthony,,,-1,(300)437-1876,2023-02-01
6397,Alexander,Brown,timothy24@beck.biz,999,(291)469-6016x4966,2023-11-28
5726,Kenneth,West,tanyaedwards@parks.com,-1,+1-058-798-9161x565,not available
5475,Brian,Davis,ashley60@gray.com,-1,(646)231-1807,not available
2066,Laura,Smith,christophergarrison@gmail.com,999,363-622-5318x22015,2020-09-20
3912,Adam,Coleman,yrobinson@gmail.com,-1,+1-981-370-3303x68937,2023-11-30
9105,Rebecca,Kirby,cherylsmith@hotmail.com,999,451-333-9010,2020-10-19
1003,Amanda,Carlson,eduardo93@gmail.com,-1,001-152-641-4449,2022-04-20
7743,Denise,Payne,parkersarah@yahoo.com,50,740.281.5223x84826,not available
7926,Erin,Gutierrez,carrollalan@yahoo.com,38,959-491-1561,2021-01-23
7563,Cheryl,Reeves,sandrasmith@mccoy.com,83,001-983-388-9273,2021-01-01
6324,Amanda,Schmidt,peter66@webb.com,37,001-125-787-6171x3287,not available
1003,Brian,Ward,jonathanlewis@gmail.com,-1,262-790-0164,not available
1417,,Kennedy,bbanks@hotmail.com,999,001-045-286-4007x1868,not available
8437,Patty,Nguyen,justinsummers@gmail.com,999,095.818.3954x052,2025-05-02
6244,William,Garcia,sarahkent@yahoo.com,84,672-935-0492x24062,2024-12-03
7099,Victoria,Thomas,,999,(434)330-1458x2953,not available
3763,Tracy,Roberson,gloria87@gallagher-odonnell.com,18,001-344-857-9760x888,2022-07-27
6074,,Morrow,andersonkatrina@hotmail.com,70,354-503-4726x2874,not available
4222,John,Simpson,kinglisa@hotmail.com,-1,2534934523,2021-02-22
4021,John,Velasquez,kevin70gmail.com,999,478.315.6340x3965,2021-09-24
6814,Marisa,Carson,jason21@walker-cook.org,-1,,2025-05-05
5622,Calvin,Fuller,bradley46@yahoo.com,999,575-950-5537,2023-07-03
1003,Anthony,Golden,martinmichael@wolfe.com,-1,351.922.2832,not available
1936,,Horton,weberandre@gmail.com,999,292-602-0611,2020-08-03
5253,Stephanie,Ward,,999,001-196-866-9457x9866,2023-12-05
8860,Debra,,mlopez@brown-choi.org,-1,773.984.7594x253,2022-09-22
8926,Brittany,,jasonweaver@yahoo.com,35,(218)894-9693,2021-11-24
5298,Lisa,Haley,lisacoleman@yahoo.com,20,747-051-4869,2023-12-06
7559,Richard,,tylerhughes@yahoo.com,999,237.708.6666,2023-03-08
1003,Mary,Richards,kathrynlopez@boyd.net,-1,739.437.8044,2020-07-28
6728,Kathleen,Burns,drivera@gmail.com,999,520-552-1706x258,2021-12-02
3236,Donald,Carlson,adamwilliams@wright.com,-1,001-993-099-5865x012,2024-01-18
3555,Ronald,Parker,candice48@yahoo.com,-1,(504)985-9536x99265,2023-09-30
5264,Kelly,Guerrero,,-1,547.278.8421,2025-04-24
3019,Michael,Webster,garzagregory@mitchell.com,40,(131)114-8762,2021-06-29
6281,Angela,Gordon,doylepeter@yahoo.com,-1,(488)479-1126x92916,2022-09-25
1047,,Santiago,janemiller@gmail.com,999,+1-143-839-1010x054,2022-11-23
6459,Sara,Zamora,sarahjohnson@johnson.com,44,(582)161-7789x285,2022-02-16
7357,Michelle,,bartongabriel@larsen-davis.com,62,631.649.2193,2022-11-14
2666,Renee,Smith,,45,001-827-515-1169x73318,2023-03-22
1830,Marisa,Love,,999,506.845.5800,2023-02-03
8444,,Brady,william19@henderson-walker.com,73,(475)167-0706x989,2022-03-30
9463,Kayla,Jones,castilloeric@singh-cox.com,-1,001-552-912-7417x2807,2024-02-12
6158,Dan,Harris,daniel94@davis.com,69,170-112-4380x7031,2020-10-01
7082,Brian,Hensley,nathanielallen@lopez.com,28,424-191-5798,2025-05-06
9247,Rebecca,Castro,annelewis@york.com,999,+1-833-038-7679x670,2022-06-22
1078,Laura,Jackson,psmith@floyd.com,-1,(282)615-0974,2020-10-13
1472,Jeffrey,Becker,janet63yahoo.com,-1,+1-074-658-4001,2023-07-08
4602,Anthony,Reyes,williamjenkins@gmail.com,999,490-419-8866,2020-10-23
6119,Margaret,Thompson,,66,4801217684,not available
7599,Jeffrey,Adams,flynch@gmail.com,-1,,2024-07-03
1678,Tammy,Walker,yolandaterrell@gmail.com,999,(522)664-0730x686,2022-11-18
5904,,Escobar,rachelchavez@hotmail.com,26,001-516-809-2480x0023,2024-11-18
8756,Kim,Flowers,stevenedwards@cummings.info,81,001-475-135-2846x1305,2023-03-03
8752,Mary,Peters,powellphiliphotmail.com,999,001-715-871-3137x23109,2024-01-05
2020,Peter,Lucas,sfowler@hotmail.com,-1,+1-878-343-7563x447,not available
8813,Kevin,,,79,038-004-0348,not available
2303,Alicia,Castro,justin87@crawford-anderson.com,68,174.169.3079,2025-05-06
8495,Adam,York,kennethwyatt@johnson-navarro.com,999,303.410.3022,not available
8260,,Pratt,heatherscott@gmail.com,999,(336)719-2327x6977,2022-04-19
3384,Christopher,Schultz,lopezcarla@fields.com,-1,694-619-1375x489,2021-03-05
5914,Martin,Medina,timothy64@livingston.biz,999,+1-218-058-0828,2020-08-14
1067,Caroline,,zsmith@hotmail.com,68,001-450-133-1622,2023-07-06
9333,,,brownmicheal@yahoo.com,-1,747.279.5648,2022-08-09
5318,Alejandro,Buchanan,aaron52@yahoo.com,999,001-747-980-3644x61636,2021-06-09
9318,Jack,Mckinney,lewiswanda@yahoo.com,999,750.458.4206x28547,2020-09-10
2661,Edward,Burton,ysmith@gmail.com,999,,2022-12-05
4976,Katherine,Arnold,baileydavis@goodman-oconnor.com,43,(180)608-8074,2023-12-20
6720,,Olson,melissa17@yahoo.com,-1,001-672-757-9043x87419,2022-06-04
3772,,Bowers,melissa54@yahoo.com,-1,,2023-05-22
3395,Lori,Smith,doylebrandon@yahoo.com,-1,+1-206-846-5244,2024-08-16
9259,Brett,Brown,stacyjackson@smith.com,-1,863.606.5386x40422,2022-04-27
2300,Alexander,Ferrell,pweber@gmail.com,61,+1-816-925-9651x21672,2022-04-28
8168,Krystal,Jones,michael98@cox.com,-1,3709443679,2025-04-21
1003,Richard,Ayers,kristinrios@washington.net,26,403-823-5961x890,2022-05-12
8187,Sean,Ramirez,jamesharris@short.com,999,(358)850-9481,not available
5151,Kathleen,Roman,brendasweeney@price-brock.com,999,(283)831-8462x970,2021-03-26
6490,Kevin,Mullen,millsbrian@hotmail.com,999,,not available
1003,Dennis,Kerr,,87,+1-022-589-1279x531,not available
8056,Pamela,,fhawkins@yahoo.com,999,(863)166-4955x176,2023-10-31
3014,Melissa,Carter,marygarza@elliott.com,24,658-161-9310x9662,2024-01-08
5905,Phillip,Smith,oliviawalton@yahoo.com,999,001-339-370-2575x17336,2021-08-26
2635,Jose,Ellis,scottcummings@murillo-spencer.com,999,021.949.4027x04675,2020-07-27
4154,David,Foley,joseli@hotmail.com,-1,+1-338-452-8025x53714,2025-04-14
5739,,Moore,anthonyhayes@boyd.com,999,788-613-9433x1310,2021-05-06
3867,Ashley,Williams,emily40@alvarez-barr.com,-1,(506)945-5600x550,2021-07-09
2141,Sue,Carroll,samuellopez@yahoo.com,999,+1-210-574-5250x03944,2022-11-13
9163,Kevin,Mcdowell,mbaker@daniels.com,-1,+1-848-800-0047x643,2022-07-29
1910,Annette,Harris,howellmelody@yahoo.com,-1,235.137.7850,2021-11-30
1003,Brian,Harris,nharrismoyer.info,999,+1-877-744-8323x5403,not available
3764,Rebecca,Burke,areid@gardner-jenkins.net,58,995-195-4411x69615,2022-04-24
7191,Kelly,Quinn,harperwilliam@welch-villarreal.com,999,001-756-654-9190x518,2024-01-11
8698,Joseph,Martinez,rachael59@hotmail.com,999,(001)467-7859x1055,2020-11-10
7256,Peter,Thomas,ucook@gmail.com,-1,(829)256-6354x114,2023-03-06
1520,Frank,Hill,calebholland@yahoo.com,-1,(523)138-3191x341,2021-04-09
5366,,Perez,theresa56@gmail.com,-1,412-151-6581x9898,2020-06-10
4236,Randall,Smith,david72@yahoo.com,-1,076.966.1984,2022-04-13
1258,Rodney,Green,william59@olsen-patel.com,76,985-187-2712x2741,2022-01-07
2525,Lori,,clarkkaren@jordan-watkins.com,999,1837411419,2024-07-01
3141,Michael,Arnold,jwilson@mcdonald.info,-1,6945614224,2022-06-17
4522,Brandon,Taylor,martinezdavid@johnson-miller.org,999,(590)745-8732x161,2021-09-06
4013,Jeffrey,Clayton,travis99@moore-watts.com,-1,+1-730-289-9749x5355,2023-12-13
8843,William,Mullins,davismaria@yahoo.com,999,773.656.8955x786,2022-07-24
6136,Tara,Ortiz,cbenson@williams.com,999,001-228-920-9211x0947,2024-01-31
4103,Kendra,Liu,hsullivan@yahoo.com,999,001-214-134-0063x55117,2022-12-05
4066,Jessica,,,13,(859)627-7666,not available
1649,Thomas,Harris,darrell72@yahoo.com,-1,(529)728-4174x70065,2024-07-23
8936,Kyle,Campbell,christinewilliams@hotmail.com,-1,(917)469-7039x978,2024-08-03
1003,Carol,Roberts,richard96@hotmail.com,-1,366.297.5861x8604,not available
7693,Lisa,Jackson,lucasrachel@gmail.com,40,+1-159-413-5295x579,2024-01-18
3474,Amber,Brown,igutierrez@green-riley.com,999,+1-413-598-5551x34181,2025-01-13
4883,Brian,Clark,xmann@garcia.com,27,+1-634-248-0022,2020-06-13
3072,Brenda,Kaufman,sierra72@yahoo.com,-1,522-882-6824x3438,2020-06-09
1331,Gina,,combstammy@hotmail.com,-1,(881)276-5553x831,2020-12-17
5243,Courtney,Lozano,megan59@barker.biz,-1,897-816-5845,2021-07-30
8003,Danielle,Arnold,,999,7980957074,2022-11-09
3823,Christopher,Nelson,ucarlson@ruiz.com,-1,(664)749-7787x653,2022-05-20
6793,Yolanda,Rios,adavis@yahoo.com,999,,2023-11-10
3380,,Jackson,randallanthony@yahoo.com,83,001-481-361-7705x66003,2023-12-13
8100,Thomas,Moreno,longtimothy@gmail.com,35,+1-152-051-0841x2414,2023-08-29
1003,Teresa,Mcmahon,moorejulie@ford.com,19,445-253-6389x89024,not available
1756,Mark,Reyes,vicki51@ferguson.info,59,+1-941-125-5359x137,2023-09-14
7232,Carla,Moore,mitchellpitts@baker.org,21,+1-778-065-5053,2024-04-07
5889,Richard,,cooperchristine@wallace-burns.com,-1,+1-803-828-7789x413,2024-09-08
1049,Mercedes,Miller,,999,5019063716,2022-09-12
1863,Cindy,Baker,sarah77@hotmail.com,-1,(267)098-0951x75913,2024-01-10
3641,Mark,Larson,allenangela@thomas.net,-1,(731)226-7600,2020-07-04
5600,James,Hill,andrewsjulian@gmail.com,999,(213)812-2116x658,2021-12-06
5781,Chris,Thomas,joshua66@yahoo.com,999,+1-929-625-9714x95336,2020-06-08
1003,,Mahoney,hhubbard@caldwell.com,-1,(420)145-2391x61918,2021-03-11
6344,,Chambers,,999,(177)353-8429x63640,2022-01-27
8975,Lisa,Vasquez,richardsonelizabeth@gmail.com,999,+1-082-005-2649,2022-04-07
4818,,Ross,qdiazchristensen.net,40,629.285.9110x035,2025-03-02
8025,Daniel,Griffin,victoriacurtis@williams.biz,999,560-076-2374x18157,2023-09-26
7956,Marcus,Young,jessica33@fox.biz,999,(288)299-9370x8694,2024-04-03
6244,Samuel,Williams,longvictorhotmail.com,999,+1-029-717-1003x0205,2024-04-12
1228,Dakota,Clark,dylansawyer@mckinney.com,999,(568)039-9368,2023-11-03
1967,,Freeman,jennifer73@yahoo.com,999,132.490.4028x04403,2025-02-06
4778,Christina,Wagner,brett58@stuart.info,54,934.653.9221,2022-10-25
3739,Alan,Wolfe,annettesanderspruitt-mccarty.com,-1,+1-164-617-3542,not available
2847,Barbara,Fox,samanthaallen@hotmail.com,-1,(660)643-6803,2022-07-01
4350,William,Cox,philip59@hotmail.com,-1,024.096.2587x31311,2021-01-29
8023,Vanessa,Parker,,78,104.934.8915x8069,not available
1231,Jessica,Hughes,austin46@yahoo.com,999,988.787.3423x527,2021-08-03
1558,Kenneth,Mercado,mramirez@guzman.info,40,891-620-1871,2024-12-19
5809,Marissa,Moran,bakerjacob@smith-ferguson.info,999,+1-823-749-4387x3362,2021-08-06
8923,Roberto,Williams,matthewdickson@sanchez.com,-1,0466623864,2021-08-26
6046,Brandi,Gonzalez,ypineda@yahoo.com,89,001-858-704-7856x8580,2021-12-03
1297,Ashley,Jackson,,62,754.899.4169x56875,2022-11-14
1964,Crystal,Mercer,randyweber@hotmail.com,999,(617)852-6107x8023,2021-01-07
3143,Monica,,ygilmore@gmail.com,17,001-284-226-5940x789,2020-09-14
6906,Jennifer,Maxwell,barbara67@fuller.biz,28,143-348-8494,2024-10-14
5703,,Carter,smithjames@martin.com,81,414-962-1861,not available
7466,Anthony,Collins,cameron58@gmail.com,999,001-811-532-7162x434,2021-12-18
9246,Daniel,Martinez,dgriffin@yahoo.com,60,745.419.9341x1732,not available
2355,,Wood,nhuff@hotmail.com,999,+1-150-502-1182,2020-08-29
8199,Mark,Craig,heidi03@hotmail.com,999,+1-791-957-7514,2021-06-04
1003,Sara,Fox,frenchjames@flowers.org,74,835-272-7006x15113,2024-11-17
4066,Evelyn,Rowland,jgordon@gmail.com,29,001-873-547-1318x8569,2022-10-28
3093,Amy,Bernard,micheal10@williams-hunter.biz,71,3647317696,2021-11-21
1003,Jo,Holden,,-1,+1-003-986-4052x57043,2024-08-23
2938,Kayla,,tammy24@gmail.com,-1,001-602-321-2767x24410,2023-03-16
9921,Amanda,Fisher,jordanortiz@hotmail.com,999,817.977.4546x412,2025-02-21
7271,Kevin,Torres,fwallace@carter.com,28,857-188-7868,2023-02-15
2920,Claire,Thomas,njohnson@hotmail.com,999,+1-316-707-3320,2022-10-21
6194,Sarah,Kelly,suzanneochoa@holland.org,83,475-750-6331x32329,2024-04-04
8899,Christopher,Spencer,bradleyfuller@mullins.com,999,,2023-06-04
6707,Sharon,Larson,karenvang@hotmail.com,999,(060)947-6086,2024-03-19
2770,Edward,Hill,amandagreene@hotmail.com,999,4012958500,2024-09-10
1224,Elizabeth,Stanton,wphillips@gmail.com,26,793-888-9880x92039,2022-09-25
8361,Megan,Kelly,kristin24@guzman.com,64,,2021-04-29
7210,Danielle,Burns,padillamichael@simmons-schmidt.com,-1,5402049035,2020-10-26
3837,Brian,Nelson,vanceisabel@hotmail.com,37,+1-900-964-0990,not available
3107,Steven,Santiago,srobinson@mcmahon.com,999,001-686-425-7205x72448,2021-06-25
8909,James,Robles,ricardoandrade@hall.com,36,8267032646,2020-11-24
5927,Eric,,clayton24@myers-mcintosh.info,-1,136.529.5406,2024-05-19
2460,Catherine,Singh,coreydaniels@rios.com,-1,460.033.2381x55253,not available
9608,Marissa,Liu,austin88hotmail.com,999,179.566.8968x7492,2024-04-23
4649,Brad,Holland,nataliemiles@lewis.com,42,+1-313-401-1806x830,2021-07-31
1380,Sandra,Chase,burchtiffany@gmail.com,999,001-495-008-8812x7491,not available
3282,Maria,Oconnor,powellpeter@butler.biz,73,001-728-947-5013x208,2021-11-15
1297,Sara,Logan,smithbreanna@morgan-smith.com,999,044-880-3241,2024-07-07
1275,Jessica,Black,christopher08@shaffer.com,999,2712623596,2024-04-29
4316,Crystal,Powers,,32,001-973-191-8224x869,2022-06-19
4289,Loretta,Vang,pgomez@hotmail.com,-1,+1-574-148-7098x463,2021-05-02
5336,Jerry,Mitchell,sgutierrez@yahoo.com,-1,(762)771-7777,2024-02-18
8013,Anne,Miller,catherine45@harris.info,14,014-860-5445x282,2022-12-16
4135,,Friedman,xtran@gmail.com,999,956.740.0658x1880,2023-11-23
7373,Sharon,Hunter,zhamilton@gmail.com,-1,(850)108-5843x8202,2020-10-15
3121,Michael,Valentine,thomasluke@gmail.com,999,524.987.2427x4720,2023-03-03
1858,,Jackson,briangordon@hotmail.com,-1,001-639-849-1904,2021-05-30
7113,Joseph,Parker,adamdavenport@hotmail.com,-1,001-380-013-6547x530,2023-02-23
6758,Daniel,Myers,,-1,923-113-5883x78755,2020-06-23
1286,,Green,russellshelly@allen-peters.com,999,001-810-598-9041x0472,2022-01-18
3798,,Mendoza,spencerjulie@may-meadows.com,999,(496)238-2821x6927,2023-05-20
9775,Stacy,,joshuachen@sanchez.info,999,+1-842-767-1615x913,2023-04-04
5538,Luis,Harrison,raymond88@hotmail.com,22,(133)789-4431x3577,2022-09-30
4136,Eric,Arellano,pallengmail.com,-1,001-790-182-4342x90853,2025-04-18
2040,Martha,Johnson,,999,001-081-106-7418x3671,2022-08-30
2749,Anthony,Bryan,nicholasmartin@brown.biz,999,+1-322-596-0278x1046,2023-12-25
6594,Tyler,Larson,turnerjoseph@chapman.info,69,573-722-2634x128,2022-10-17
8687,Phyllis,Jones,christymyers@yahoo.com,-1,+1-885-022-4983x6756,2021-12-03
2539,,Brown,marcsmith@hotmail.com,-1,720-994-8411,2022-11-23
1098,Brian,,debrarusselljimenez.info,999,282.186.6523,not available
2407,Manuel,Hill,gonzalezkathryn@johns.com,-1,(426)627-0272,2022-12-07
7170,Daniel,Torres,,25,+1-723-354-6173x976,2020-11-07
2646,Mark,White,theresamayer@gmail.com,79,779-134-6205,not available
1400,Elizabeth,,huangkelly@conner.biz,52,232.379.6268,2021-11-17
4130,Mark,Cain,jennifer51@gmail.com,12,035-000-0589x789,2020-10-12
4207,David,Mcintyre,imccoy@hotmail.com,-1,747.542.8352,2023-09-12
8710,Martha,Watts,whernandez@gmail.com,-1,,2024-04-21
1672,Sherry,Bentley,marshmeagan@sullivan.com,-1,001-783-958-8735x53156,2023-01-29
3924,,Bowers,adamscynthia@shaw-shaffer.com,-1,969-736-6291x6468,2022-04-08
4660,Christopher,,ortegaaustin@scott.com,999,001-135-355-1187x207,2023-01-22
4829,George,Gibson,,26,458-089-5930x649,2024-04-13
9608,Amanda,Ramsey,,999,001-807-422-5740x13395,2020-10-15
1018,Victoria,Alexander,cwhite@gmail.com,999,9275016613,2023-06-30
8319,Kyle,Harvey,phickman@gmail.com,-1,,2022-02-25
3098,Jill,Arnold,,59,,2020-12-03
8388,Karen,,harrycastro@yahoo.com,999,001-805-950-1601,not available
4840,Debra,Ramos,ashleyknox@gmail.com,-1,341-247-3280,not available
9434,,,simmonsaustin@yahoo.com,51,326.552.5065x1171,2021-10-02
6923,Vanessa,Hudson,yreid@hotmail.com,999,815-167-5969x51391,2022-07-24
6773,Robert,Smith,juan98@jackson-smith.com,999,,2021-12-04
8110,Alexandra,Hess,kwatkins@yahoo.com,-1,9496792767,2022-10-12
8404,Erin,Harper,jessica01@webster.com,-1,(589)336-7953x350,2024-02-21
4219,Kayla,Mccoy,rebecca61@yahoo.com,999,,2022-02-07
3793,Stephen,Evans,cdavis@mcdonald-johnson.com,999,(248)673-4155x097,2022-10-19
9309,Jon,Byrd,crystalhooper@carpenter.org,76,001-190-183-9872,2023-10-22
2049,Joseph,Osborne,bmullins@walker.com,86,7761535744,not available
3913,Angela,Douglas,williamswilliam@yahoo.com,999,(831)541-1456,2021-07-21
1960,Carol,Perez,bruce36@hotmail.com,-1,441-131-9148,2021-01-13
8752,Barbara,Smith,katelyn66@hotmail.com,41,001-320-908-2664x728,2023-01-05
5669,Devin,Hamilton,jacobvega@rhodes-garcia.com,81,025.027.5183x17689,not available
5463,Christopher,,jrivera@graham.net,-1,269.924.9740x094,2024-01-19
6077,John,Vang,gloverandrew@gmail.com,-1,+1-135-873-3476x89905,not available
8409,James,Brady,jkelly@nash.com,61,(025)416-3499x77299,2025-04-30
6430,Timothy,Hodge,adrienne61@weber.biz,87,595-825-8521,2022-01-04
9970,Chad,Hartman,lisa20@gmail.com,49,+1-299-446-1644x92354,2021-12-05
2334,Rachel,Riley,esparks@lopez.com,999,,2022-08-08
7475,Natalie,Johnson,sanchezdavid@boyd.com,999,037.483.3850,2024-06-22
9590,Craig,,allenkeith@lopez.com,-1,001-687-629-8376x805,2021-11-17
9965,Danielle,Brown,,61,(457)605-5542x202,2025-05-14
5617,Amy,West,,40,747-680-3004x165,2023-04-21
3432,,Figueroa,deborah04@chandler.org,62,0325577124,2025-05-25
1208,Jody,Spencer,mark81@willis.com,-1,,2025-04-20
1719,Brian,Cannon,,51,,not available
4020,Patrick,Hendricks,dana68@yahoo.com,64,+1-163-730-2041x24446,2024-02-23
1077,Ryan,Brooks,allison22@mcclure.info,-1,+1-848-638-8483,2023-02-09
5447,Tyler,Beck,jose05@williams-smith.biz,-1,968-603-9197x80274,2025-02-07
1055,Corey,Montgomery,njamesclay-campos.com,-1,001-443-472-2856x9658,2025-01-15
5350,Jeanette,Cole,tristansmith@wells.com,65,+1-138-654-8060x90786,2021-10-24
2291,Christina,Cannon,okennedy@nelson.info,35,+1-253-789-8831x45874,2024-06-16
9110,Elizabeth,Andrews,,999,(365)559-0385,2021-06-14
5575,Justin,,michele65@alexander.com,57,(041)510-9306x36605,2024-09-30
3191,James,Flores,nathan75@hotmail.com,-1,(193)986-9161x64074,2022-07-20
8644,Adam,Horn,michael03@gmail.com,-1,(706)821-8049x559,2025-03-04
8095,Gina,Weber,juliehowell@cook.com,53,+1-447-533-1456x6830,2024-01-19
1622,Jacob,Smith,donna70mills.biz,40,+1-422-385-3500x48112,2024-04-07
2838,Douglas,Kemp,sandovalsara@hernandez.net,-1,875.361.7466,2023-09-02
5155,Olivia,Arnold,stephanie43@gmail.com,999,926.947.4483x60789,2022-07-28
9603,Tammy,,jacob29@riley-johnson.com,999,+1-746-547-0050x7195,2021-11-22
7443,Vanessa,Thomas,angeladavis@gmail.com,32,258-787-6924x00934,not available
9183,Andrew,Ramirez,dennisjames@gmail.com,73,(005)887-2698,2022-02-17
6753,George,Harris,jwalters@berry-smith.biz,58,849-219-7294x349,2021-04-15
2562,Sean,Cooper,hortonelizabeth@hotmail.com,-1,001-121-301-2008x932,2024-11-21
1003,Stacy,Gray,steven11@yahoo.com,-1,(437)778-8899x95478,2022-08-29
9107,Melissa,Ellis,kimmackenzie@gmail.com,999,488.474.7707,2021-03-05
2234,Larry,,rogercardenas@yahoo.com,-1,,2024-08-17
9531,Samantha,Manning,patrick30@hotmail.com,999,,2024-06-11
2100,Jason,Schmidt,micheal71@hotmail.com,999,(982)025-2194x2803,2021-09-26
3393,Thomas,Richardson,ymoore@hotmail.com,-1,022-341-7048x6052,2023-03-18
7854,Eric,Adams,jonathanvargasyahoo.com,-1,,2022-07-09
7845,Jamie,Alvarado,obrienjames@hotmail.com,999,019-686-6336,not available
3131,Melanie,,williamking@mills-beck.com,-1,2241142239,2022-04-24
1622,Lauren,Campbell,dawnjones@ferguson.com,-1,9338859573,2020-12-10
4160,Lisa,Hawkins,anthonymcdaniel@gmail.com,26,2495717022,2022-10-01
8743,Michele,Thomas,mooretonya@yahoo.com,999,213-891-4336,2025-03-18
9154,Larry,Singh,bowmanwilliam@gonzalez.biz,999,910-123-3065x944,2022-10-29
5036,Kelly,Lewis,vskinner@yahoo.com,999,+1-790-674-0512x5336,2022-03-20
1935,Chris,Foster,,-1,615.055.4547x7321,2021-03-10
4532,Ann,Larson,iatkinsonmcdonald.net,-1,001-413-393-6870x0414,2025-02-23
1008,Anthony,Knight,ruth91@hotmail.com,999,679-013-5977,2021-01-28
3205,Ronnie,Johnson,merrittjacqueline@gibbs.com,81,,2021-02-08
6558,Jessica,Lane,lindacurtisgmail.com,33,,2023-09-15
8281,Brian,Brooks,arthur12@yahoo.com,-1,667-149-7224,2021-05-14
4557,Lance,Porter,taylorjacob@yahoo.com,999,805-300-3293,2021-12-19
1003,Teresa,Kennedy,hernandezmary@hotmail.com,25,(233)107-2564x69026,2022-01-01
1652,,Weeks,qberry@hotmail.com,-1,(426)853-4574x28316,2022-10-30
6210,Timothy,Williams,meganperkins@yahoo.com,43,361.354.2508,2021-07-30
6922,Jillian,Scott,greenmichael@spencer-short.net,90,001-767-575-8618x36916,2023-04-29
3220,Sharon,Nelson,,73,(517)076-8547x12820,2020-11-15
1880,Robin,Pittman,lucas62@hotmail.com,74,241-553-1254x76071,2021-10-13
5239,Alexis,Mcgrath,qarnold@cummings-smith.com,75,944-028-0535,not available
1494,Bailey,Li,julie45@hotmail.com,62,577-260-6429x199,2022-07-24
2265,,Lyons,barreraamber@yahoo.com,-1,+1-186-984-9249x909,2023-10-12
8354,Nicole,Stephens,hbaker@hotmail.com,999,523.706.9216x365,2024-12-28
8954,Lindsey,Knapp,kathleen73@delgado.biz,-1,001-877-571-7677,2021-01-16
7042,Chris,Calhoun,nmatthewsclark.com,47,001-287-455-2965x77425,2023-12-20
2014,William,Jones,larry77@gmail.com,78,328.005.6535x4043,2025-01-19
6997,Patrick,Holden,mnorman@bryant.com,999,(535)583-2678x418,2020-09-01
6554,Nancy,Weber,uherrera@hotmail.com,18,(941)053-3982,2020-09-06
3343,Sabrina,Summers,tking@gmail.com,999,(551)468-2687,2022-04-24
4967,Michael,Jacobs,wflores@yahoo.com,-1,001-635-069-6827x21794,2023-04-19
3549,Jonathan,Nichols,franceshuber@evans-smith.com,70,813.601.1122x3983,not available
3028,Jonathan,Warren,gregory41thomas.org,18,974.708.6604,2023-12-02
9648,Robert,Wise,jennifer12@stephens.com,-1,762-389-6736x69426,not available
2737,Tiffany,Goodwin,sortiz@vang.biz,42,001-012-427-2927x982,not available
5298,Monica,Griffith,zsaunders@white.org,27,(255)428-1092x501,2021-04-13
7610,,Watts,stonederek@fischer.com,999,,2025-04-29
4956,Cody,Velazquez,heatherfranklin@combs.com,10,6458178005,2023-11-25
2878,Jenny,Greene,jason62@mcfarland-walters.com,999,+1-418-427-4114x959,2023-12-07
5850,Diana,Mcmillan,rrich@clark-anderson.com,34,001-169-561-3079x953,2023-03-06
2409,Barbara,Aguilar,tylerparker@yahoo.com,-1,(609)986-6762x88598,2021-08-29
9553,Desiree,Ramirez,tiffanyallison@king.com,-1,131-071-8211x132,2021-03-01
6810,Christina,Wood,,999,,2023-07-02
8333,Matthew,Nichols,,999,(497)151-9310x4349,2024-09-22
7829,Amanda,Scott,crystalsmith@yahoo.com,-1,157-859-2915,2023-11-09
7146,,,alvarezthomas@gmail.com,999,001-810-758-7236x3595,2024-03-25
1003,Shawna,Horne,tracybrown@flores-jordan.info,65,001-766-000-2741x538,2022-01-13
4139,Kathryn,Weber,karlaharrell@hickman.com,-1,0380127572,2024-11-21
7411,Billy,Dunlap,jonathan42@carson.com,37,695.935.0040x98690,2025-01-25
9520,Hector,Lester,jasoncollins@yahoo.com,999,,2022-09-15
8317,,Pierce,ochandler@meyers.com,-1,+1-457-092-8244x60435,2022-02-08
8411,Kevin,Leonard,martinezbrooke@gmail.com,999,(784)963-9693x46782,2024-09-21
7809,,Weber,,-1,2826772226,2024-01-06
5835,Sara,Patterson,thomassamantha@edwards.com,67,+1-344-566-4446,2024-07-24
5458,Veronica,Meyers,delacruzamy@hotmail.com,32,001-041-772-7324x72677,2025-05-25
4472,Lisa,Huang,ydelacruz@hoffman.com,999,,2023-03-04
1124,Roy,Pena,owebb@yahoo.com,999,(174)762-5494x2601,2022-11-12
4801,Jennifer,,amberburton@contreras-reyes.biz,-1,+1-850-516-9561x376,not available
9466,,Herring,eholmes@yahoo.com,-1,+1-870-311-5009x52745,2022-04-09
9433,Susan,Rollins,michele97@gmail.com,67,001-432-138-2209x294,2025-03-12
3004,Frank,Powell,darrylking@yahoo.com,-1,+1-730-066-7197x3065,2022-03-31
8173,Tyler,Smith,bellsarah@yahoo.com,-1,+1-309-020-5995x895,2022-10-18
1682,Elizabeth,,orrrobert@yahoo.com,999,(579)484-2464,2021-12-19
4482,Dawn,Allen,brandylong@warren.net,999,064.067.7721x89135,2024-08-24
2344,Olivia,Edwards,sandra85@jimenez-daugherty.biz,-1,187-181-9437,2020-10-29
3881,Tiffany,Fox,jbaxter@novak-meyers.net,999,+1-216-085-9802x239,2023-04-10
8323,Courtney,Donaldson,mfields@gmail.com,999,789-049-6200x68493,2021-01-24
9758,Vanessa,Todd,wmoore@price.info,-1,(345)436-9937x8928,2021-02-12
8660,Bryan,Parsons,amandalee@gmail.com,57,724.812.7233x66744,2022-11-03
1107,Kenneth,,solisbrian@moore-mullen.info,999,001-102-603-4739x7478,2022-09-29
1003,Sydney,Mendoza,ana68@yahoo.com,46,(363)640-5109x2002,2021-04-16
2232,Nicole,Russell,christopher08@allen-campbell.com,999,119.820.5675x2898,2024-11-25
7293,Michelle,Jordan,,-1,087.515.6178x4632,2025-01-16
9345,Michael,Wilson,,-1,(277)490-2896,not available
7046,Kevin,Hutchinson,stevealexander@yahoo.com,999,001-460-694-0376x1104,2022-09-20
7700,Joseph,Newton,gomezbrady@gmail.com,46,396-653-6713,2021-03-08
4745,Colin,Jacobs,karadavis@torres.com,90,+1-127-617-6836,2025-03-26
7226,,Boone,zli@wilson-norton.com,-1,247.460.5808,2023-07-03
6685,Stephanie,Jones,alexandercaitlin@gmail.com,55,+1-914-849-0157,2023-07-25
5243,Scott,Lane,stephensonjoseph@noble-powers.biz,28,+1-827-623-8432x231,2024-01-25
4185,Anthony,,katelyndavis@yahoo.com,61,435-221-2453x0287,2021-07-07
2726,Tiffany,Moore,ericmccarthy@morrison.com,56,400.627.4523x470,2023-12-22
7351,Joshua,Torres,courtney18@gmail.com,-1,,2021-05-15
2735,Jennifer,Suarez,kayla53@hotmail.com,-1,850-787-1969x6983,2023-05-01
5891,Charles,,joshuawilkinson@hotmail.com,50,534.082.2684,2021-03-06
1587,Billy,Butler,wsmith@zimmerman.com,82,,2022-07-29
7347,Tyler,Brewer,victor35@fox.net,22,(512)267-8434,2023-01-10
6945,Thomas,Owens,katrinasimon@charles.com,10,+1-455-699-2286,not available
6849,,Long,caseybarnett@hotmail.com,-1,720-139-2098,2023-02-24
3715,Stephen,Burke,jacob16@montgomery-gilmore.net,999,964-843-8899x404,2021-11-30
5246,Jared,Barker,perrysamuel@gray-bennett.net,74,(635)177-0357,2024-04-17
9879,Virginia,Miller,charles07@lawson.com,-1,+1-790-061-8102x6070,2024-11-25
6830,Meagan,Berry,sandra77@paul-jacobs.com,999,(305)503-0658,2022-09-01
1003,Joseph,Brown,wleblanc@hotmail.com,999,+1-266-307-7159x05858,2022-12-06
5396,Randall,Carter,natalie59@lambert.com,-1,884.419.7662,2024-02-27
9491,Debra,Johnson,nathaniel36@gmail.com,999,121.816.9760x30442,2020-07-05
1561,Jessica,Holland,courtney75@hotmail.com,24,(189)199-0545,2025-05-30
4256,Jeffery,Moore,michael69@hotmail.com,15,293.846.8839,2023-07-01
7779,Jessica,Mason,debbie47@yahoo.com,999,001-204-939-5591,2020-08-12
6523,Amber,Alvarado,dbaldwin@fisher.com,999,001-299-553-7357x87587,2022-03-25
2288,Lawrence,Johnson,julia81@johnson-kennedy.com,55,626-310-5233x861,2022-05-03
1813,Randy,Potter,omathis@smith-brown.info,999,035.104.0237,2022-03-16
1906,Michelle,Martinez,,-1,+1-299-547-9533,not available
5848,Felicia,Jennings,millermichael@gibson-obrien.com,999,(344)237-6988x2587,2021-09-13
1812,Laura,,jerry63@moran.net,-1,8034710003,2022-02-09
7639,,Craig,willie54@gamble.com,-1,5086944470,2022-11-12
1247,Jeffrey,Torres,pgibson@johnson.com,53,,not available
3603,Shannon,Marshall,kyle25@yahoo.com,18,758.146.4787,not available
7378,Lori,Allen,lowemelissa@avery.com,-1,067-383-0339x6692,2024-09-09
3828,John,Hall,pgonzalez@hotmail.com,-1,6663182065,2023-04-18
1473,Regina,Stevens,xbrooks@sanchez.com,68,(646)496-5838x00264,2021-11-21
4535,Randy,Gonzales,april62@hotmail.com,999,143.096.1960x2296,2020-10-07
6515,Richard,Lutz,jwilson@yahoo.com,89,,2021-10-11
3159,Kristen,Miller,garciachristopher@gmail.com,999,101-117-4127x2090,2024-01-25
6297,Jennifer,Peters,juliecrawford@fleming.com,77,(938)625-1213x266,2025-05-08
9243,Christina,Thomas,hansencesar@thomas.org,999,001-897-753-7226,2022-11-24
2822,William,Villegas,vcastro@hotmail.com,999,888.285.0989,not available
8900,Brandon,Huff,dsanchez@hotmail.com,999,186.429.3474x2297,2020-06-08
7057,,Jones,revans@hernandez-nguyen.biz,71,2729481796,2021-09-22
4908,James,Kelley,taylorrachel@yahoo.com,-1,244-584-9197x15561,2025-01-26
6642,Barbara,Adams,nathaniel87@yahoo.com,13,832-515-4932,2022-01-14
8662,Jeffrey,Pierce,brownsharon@smith-sharp.com,-1,837-604-2775x1871,2022-03-21
4352,James,Warren,davidgibbs@yahoo.com,999,136-703-9431,2021-05-07
1003,Diana,Whitney,gbrown@gmail.com,999,001-673-148-7566x52145,2024-05-28
6991,Eric,Hodge,christine68@davis-phillips.com,-1,+1-126-489-9799x262,2024-01-10
8759,Andrea,Young,,-1,8667428775,2020-08-02
8185,,Rogers,nancywilson@higgins-patel.com,999,041-346-6101,2025-02-20
4255,Curtis,Jones,pcarpenter@torres.com,60,(656)263-0077,2024-12-24
2603,Christopher,Mendez,,999,,2025-03-15
2959,Rebecca,Spencer,colekevin@yahoo.com,20,647-833-2821x9330,2023-08-06
4077,Andrea,Miller,hansonbrandon@hotmail.com,-1,080.184.4706,2024-12-06
6706,Michael,Greene,xwest@hotmail.com,-1,(237)795-3434,2021-02-07
4009,Jennifer,,julie75@yahoo.com,47,954-400-5770,2020-07-07
7394,Ann,Diaz,wcalhoun@gmail.com,-1,001-506-841-4484,2025-04-05
4956,Jennifer,Scott,gutierreztimflores.com,63,246-460-4192x34280,2023-05-05
1578,Lauren,James,amandawright@yahoo.com,999,001-481-522-4451,not available
5521,Regina,Cox,sshepard@gmail.com,34,2946416582,2024-02-08
3097,Larry,Taylor,kendracole@benson-morris.com,-1,,2021-02-18
9585,Courtney,Bates,andrew57@howell.com,15,791.436.4483x60265,2023-03-01
4162,Pamela,Thomas,washingtonarthur@stephens-jenkins.net,999,(547)014-9121x04178,2023-07-10
2473,Elizabeth,Black,tuckersean@gmail.com,999,+1-989-370-4186x6094,2021-07-18
5454,Robert,,patricia97@thompson.biz,14,973-737-2313,2024-06-14
8148,Andrew,Schroeder,melissa53@hotmail.com,68,534.493.3865x66519,2024-01-14
3074,Amy,Warner,,74,001-383-389-2494x6785,2025-03-17
9873,Sharon,Delacruz,hsmith@brennan.com,-1,+1-376-258-6614x84537,not available
1485,Maureen,Johnson,lucaserik@hotmail.com,999,072.591.8988,2023-10-05
7720,Robert,Bryant,montgomerymichael@hotmail.com,999,(732)349-3378x752,2021-01-15
9084,,Dennis,robinsonadrienne@erickson.com,999,,2022-02-21
9047,Rebecca,Jones,mark48@gmail.com,-1,067.589.5921x95846,2022-04-11
5437,Patty,King,dickersonstephen@hotmail.com,39,413.197.6115x99246,not available
7109,Erin,Figueroa,dmolina@hotmail.com,999,,2021-05-26
2718,,Neal,cookecurtis@moyer.com,999,684.666.2727,2024-04-18
9647,,Page,,23,442-571-9959x7369,2020-08-26
9972,Kelly,Ross,ilozano@tucker-wade.com,-1,9229973250,2021-10-13
1003,Karen,Wilson,daniellebrown@yahoo.com,999,(172)151-4941,2021-07-21
2490,Brittany,Mathews,thomasjulia@wagner.info,38,+1-402-216-8213,2024-12-28
8200,,,heather69@young.org,999,(519)979-9316,2023-11-19
1002,,,jsmith@gmail.com,59,001-261-776-4245,2022-06-23
9470,Michael,Nelson,,50,(872)402-1003x31309,2021-08-02
5454,Eric,Tran,heather11@hotmail.com,-1,+1-555-149-3377,2022-09-20
1003,,Long,maciasjeff@cox.com,-1,(198)942-1162x65241,2024-01-05
1634,Rebecca,Jones,byrdwendy@hamilton.com,73,+1-648-795-7808,2023-11-30
3333,April,Navarro,zhughes@love-thornton.com,999,829.177.6925x96547,2020-08-27
4539,Jeremy,Foster,melissa48@moore.com,-1,667.353.6663,2021-03-05
6130,Paul,Jackson,gillespieandre@gmail.com,999,0215873151,not available
5899,Chad,Garcia,cherryjames@jimenez.com,26,435-904-8724,2023-02-14
7806,Andrea,Gould,,12,(318)575-1188,2024-11-17
1252,Samuel,Lee,carriehensley@yahoo.com,999,248-240-4337x5539,2022-02-21
6147,Kenneth,Adams,hbrewer@washington.com,-1,001-023-527-5520x55779,2022-11-23
9315,Nicholas,Murphy,angela09@gonzalez.com,-1,759.485.8882x6991,2025-04-09
8196,Elizabeth,Orr,gtorres@hotmail.com,999,(908)021-8225,2023-01-06
7596,,Atkins,,999,001-449-206-5297x846,2022-12-11
4307,Sandra,Davila,jacob81@hotmail.com,-1,+1-953-828-2022,2022-02-16
5974,Noah,Nelson,,31,203.388.5964x50689,2022-09-08
3446,Kristi,Lewis,lindaochoa@hotmail.com,999,896-784-0972,2023-03-23
4875,Kathryn,Washington,donaldperez@hotmail.com,78,(126)347-8372x7100,not available
5188,Wendy,,patrickmegan@gmail.com,39,(920)832-6998,2021-05-08
9087,Adrienne,Brooks,abbottstephanie@paul.com,-1,3922576128,2020-08-26
8351,Ralph,Wilkins,georgeevans@miller.net,-1,583.012.5212x918,2020-06-10
4401,Heidi,,xmclaughlin@baker.com,-1,+1-251-348-2235,2020-12-20
4357,Natasha,Vasquez,jacobsjames@gmail.com,999,678-022-4239,2022-07-20
6272,Kimberly,Snow,alexistucker@gmail.com,-1,001-232-739-6117x7319,2024-05-31
7145,Brandon,Johnson,ashea@yahoo.com,-1,(196)817-4423,2021-12-04
8080,Scott,Harper,cookkayla@yahoo.com,999,558.791.0260,2020-12-28
5381,Kimberly,Cooper,wpearson@yahoo.com,-1,+1-402-281-7638x7103,2022-03-14
6007,James,Hale,arthurmartinez@perez.org,66,563.270.0173,2023-04-10
1118,Becky,Rodriguez,lopezamy@hotmail.com,999,(169)374-2218,2023-04-25
1823,Jasmine,Gilbert,qarnold@lee.net,999,(527)522-4310x805,2022-08-04
4241,Wanda,Palmer,hduartehotmail.com,-1,766-036-7516,2022-04-20
8371,Bradley,Lynn,rebeccafuller@harvey.com,-1,,2021-07-28
7333,Steven,Logan,brittany72@gmail.com,-1,(567)978-5877,2023-02-22
4173,Whitney,Wright,,999,574-321-4956,2021-04-04
1003,Kyle,Watkins,,-1,010.144.3784x3306,2023-03-10
4178,Dawn,Rodriguez,zramirez@hotmail.com,-1,+1-193-020-7986x733,2023-01-22
5585,Tracey,Duran,hannahmyers@hurley-dominguez.biz,999,001-699-936-5447x300,2021-04-14
1725,Cristina,,tammyware@yahoo.com,66,,2021-06-06
4777,Nathan,Parrish,annenewman@ramirez.org,33,409-895-3417,2024-03-30
8423,,Vang,colonmargaretgmail.com,-1,081.127.2162,2023-03-02
1562,Nathan,Compton,griffincasey@hotmail.com,-1,560.861.2211x243,not available
8395,Kimberly,Gray,harrisanthony@yahoo.com,-1,(576)812-8248x8978,2024-03-13
6973,Debbie,Barrett,perezroberta@yahoo.com,-1,667-895-4974x53650,2025-05-31
5552,Andrew,Butler,johnsontoni@yahoo.com,44,001-861-935-8998x2253,2021-12-20
3475,Savannah,Spencer,michael43@gmail.com,999,001-749-707-1034x3944,2022-09-22
8426,Victoria,Sellers,ellismonique@medina.net,-1,(137)765-1730,2022-01-11
6768,Thomas,Jones,esalinas@burton-stevens.com,-1,+1-257-052-8619x4597,2021-01-19
2863,Megan,Miller,spitts@hotmail.com,-1,,2020-12-20
3026,Jennifer,Washington,,999,(656)634-5278,2024-01-09
6823,Christopher,Jones,schmidtmichael@gmail.com,53,,2023-04-16
8028,Cassandra,Lamb,johnsonpaul@hotmail.com,999,+1-496-947-9138x6138,2022-12-25
8186,Carol,,sandraluna@hotmail.com,-1,505.696.1084x2755,2022-05-05
9428,Kayla,King,jackie12@stephenson.com,999,(573)750-7583,2024-03-06
8576,Cynthia,Ward,luke99@rhodes-christensen.biz,-1,+1-977-497-0012x68178,2021-09-30
2537,Brett,Adams,brian17yahoo.com,-1,(480)125-4824x134,2024-08-30
3450,David,,autumnwright@nguyen.com,-1,001-608-491-8060x15357,2024-06-10
1295,Jimmy,Miles,melissamurphy@mitchell-roy.com,999,(687)856-3697x3320,2022-03-01
8790,Ronald,Barajas,unewton@clark.com,-1,(410)823-0756x077,2025-04-29
3663,Ian,Brown,rhodeseddie@gmail.com,-1,(775)015-9695x66165,2021-04-23
7976,Christopher,Gentry,matthewalvarez@james-kennedy.com,87,001-163-985-8304x39096,2024-06-06
8091,,Carney,martinjennifer@johnson.com,70,7793041743,2021-11-27
9427,Guy,Smith,jamesmoreno@conrad-flores.com,999,108.054.9009x8501,2023-01-07
6568,Michael,Collier,christopher21@martinez.com,999,790.996.6172x39562,2023-01-18
3262,Robert,,,-1,601-087-0506,2024-12-13
1029,Timothy,Pace,joyce23@holt.biz,999,207.375.1535x38237,2025-06-01
2842,David,Hill,frederick56@murray.com,81,734-796-1425x01920,2025-01-16
7226,Dakota,Larson,kylemorris@gmail.com,48,251.407.6670x2814,2020-08-04
1800,Shelby,Lopez,hstokes@yahoo.com,-1,300.603.4118x12004,2024-09-26
7207,Shelley,Hernandez,hudsonjeffery@gmail.com,-1,,2024-12-06
8492,,Flores,phillip89@lara.com,-1,661.474.5167x76494,2024-01-30
6524,Kristen,Taylor,kristinaallen@gmail.com,999,001-557-094-4881x7186,2023-07-15
9199,,,joshuagreen@black.com,-1,438.648.8412x395,not available
8071,Jack,Howard,,87,(327)701-2215x34778,2020-09-05
4460,Sandra,Young,susan43@gmail.com,45,604.230.5151,2024-07-29
6355,Andre,Lane,ucortez@hughes.com,999,001-480-245-0935x74255,2024-03-21
7667,Javier,Thomas,goodmandeborah@lowery-mcbride.com,26,(180)738-8972,2025-01-01
5841,Jennifer,Crane,jeffrey87@lopez.info,-1,396-340-0348x939,2025-04-14
9633,,Bailey,samuel68@watson.biz,-1,447-822-8754,2022-06-03
9978,Amy,Chavez,awolfe@yahoo.com,-1,856.973.7456,2024-10-18
5542,Katie,,tammyriddle@yahoo.com,37,7039377342,2025-01-04
6382,Joanna,,murraygina@gmail.com,75,+1-048-476-2954x6176,2021-12-13
3178,,Ramos,,999,,2023-10-05
2949,Sally,Anderson,chasepatricia@murray-braun.biz,-1,001-133-568-1712x2260,2024-07-24
1869,Jamie,Brown,michellehanson@carr-lutz.com,-1,001-636-184-0595,2021-07-11
2737,Kyle,Wilson,daviseric@lawrence.org,24,+1-727-547-9944x01626,2022-01-18
1610,Ariel,Patterson,,999,,2023-08-06
7298,,Price,andrew44@gmail.com,-1,324-381-8980,2022-01-31
2298,Daniel,Jones,jamessmith@clark.com,999,(904)714-1006,2022-09-09
7864,,House,stephanie26@yahoo.com,36,+1-736-881-2121x0790,not available
9411,Mario,,kevin93@hill.com,-1,001-236-674-1953x111,not available
9976,Larry,Cole,knappcatherine@williams-guzman.com,11,485.807.3685x387,2023-02-16
1059,Warren,Kelly,meredithferguson@gmail.com,-1,357-567-1851,2021-08-23
2228,,Evans,levyashley@williams-harvey.com,-1,001-926-987-1335,2024-11-20
6731,Larry,Valencia,jenniferharmon@parker.org,10,001-397-184-0812x23085,2022-11-12
7179,John,Obrien,denisewilson@wright.net,50,726.851.9121,2024-01-30
4498,Nicole,Taylor,jordanpatricia@yahoo.com,79,(885)607-9708x17821,2022-04-15
8041,April,Williams,larry98@lawrence.com,-1,242-418-0198,2021-07-02
8111,Sara,,ccox@gordon.com,82,+1-859-047-1232x52029,2025-01-02
6009,Kayla,Potts,tanya68@hernandez-payne.org,-1,040-825-6717,2023-10-09
6624,Jacqueline,Graves,lindseylewis@mclaughlin.org,-1,293.949.4720x69286,2021-06-20
3152,Ashley,Cole,johnathan61@yahoo.com,999,(018)884-2592x879,2024-12-19
6135,Sandra,Cline,greenerebecca@braun.net,999,748-274-8369x2034,2024-12-07
1017,James,Wagner,larrycurry@armstrong-johnson.info,-1,(478)953-0270,2023-07-25
9016,,,lcallahan@morgan-huffman.com,999,495-803-6788x33811,2022-08-19
5561,Heather,Scott,sarah17@gmail.com,-1,001-297-695-7039x669,2024-05-09
1003,Yvonne,Vargas,beverlyclayton@hawkins-villarreal.info,999,690-636-8031x89022,2021-10-25
2886,Hunter,,catherinenavarro@miller.com,999,434.760.0134,not available
2714,Anthony,Taylor,amy17@hotmail.com,-1,354-840-9648,2024-12-21
4437,Natalie,Velasquez,bassanthony@ward-carroll.com,999,001-398-479-8108,2022-04-26
9621,Eric,Hamilton,sfernandez@yahoo.com,999,+1-498-398-2802,2023-01-05
7698,Lisa,Peterson,mariaramos@davis.com,-1,,2024-08-24
2452,Derek,Hopkins,sarahbridges@brown.com,999,001-534-710-2958x106,2023-05-13
4735,Stefanie,Russell,tony88@howard.com,999,570-383-3272,2023-05-05
3163,Linda,Howard,steventodd@jackson.org,88,(188)888-7864x03221,not available
4152,,Robinson,todd23@gmail.com,39,087-216-0135,2022-02-14
2031,Christine,Brown,lucasteresa@gmail.com,999,(188)015-0375x9330,2021-06-04
8768,Krista,Buckley,uosborne@good-anderson.com,999,001-750-662-4330x72767,not available
3910,William,Washington,lopezbonnie@hotmail.com,999,6001642788,2020-07-08
6227,Ronald,Jones,michael85@higgins-ellis.com,999,,2021-02-09
1003,Chelsea,Ashley,hmiller@espinoza.org,-1,,2021-09-19
8690,Claire,,karenreid@kirk.com,999,231.361.3982,2024-04-20
3028,Kyle,Mendoza,rhensley@gmail.com,999,001-532-484-5125x902,2022-05-29
1503,Candice,Graham,mirandabonilla@wilson.com,40,338-031-1954,2024-08-12
3381,Zachary,,,85,7480341487,2023-09-24
1642,Jennifer,Maldonado,cheryllewis@mitchell-nelson.com,-1,229-043-9741x2552,2024-10-18
2890,Mathew,Meyer,bsmith@suarez.com,-1,962.901.0940,2020-06-02
8579,Jose,,thomas89@yahoo.com,-1,(337)325-7266x88593,2022-03-07
5508,Jade,Meyers,scamacho@brown-young.info,89,001-733-962-9148,2023-11-29
6937,Natalie,Ryan,sfisher@fletcher-ochoa.com,-1,001-624-606-0152x64646,2023-08-18
4514,Laura,Burch,lauriekerr@cruz.biz,999,(885)369-1467,not available
5258,Tara,Cummings,faithshelton@anderson.com,-1,302.899.9912x60555,2025-03-11
5951,,Moody,simssteven@hotmail.com,28,,2023-09-05
5719,Ashley,Hayden,cynthiadavis@hill.org,-1,+1-303-214-4157x91381,2023-11-29
1152,Leah,Mckinney,mchen@russell-cohen.com,999,001-988-730-0064,2020-06-14
9061,,Huang,tylerarnold@davidson.net,-1,+1-050-460-1176x4427,2020-09-27
7765,Timothy,Jordan,allenrussell@parks.com,40,419-542-8224,2023-08-14
5635,Brian,Carter,royhayes@gmail.com,-1,240.616.4130x12541,not available
2619,Adrian,Lane,cynthiawright@meyer.com,999,001-459-972-4997x79645,2021-12-20
6514,Ricky,Hudson,zgilbert@summers.org,34,144-434-6032,2022-12-03
3095,,Reeves,cmurraygreen.info,-1,+1-212-739-2965x9047,not available
2324,Stacey,Thompson,angela25@yahoo.com,69,,2021-04-21
3638,Lawrence,Wallace,adam28@moore.com,63,3249330688,2022-07-07
5181,Thomas,Lewis,,-1,+1-854-780-3314,2021-01-18
2163,Emily,Vargas,ccochran@gmail.com,14,001-471-801-3658x04721,2024-01-26
3454,Jennifer,Gomez,stevenbrown@yahoo.com,-1,299.941.6577,2023-04-14
9850,Keith,Miller,vrodriguez@gmail.com,999,,2022-04-15
7962,,Jones,boconnor@hotmail.com,999,(077)016-3924x40115,not available
7487,Kimberly,Harrington,bvalencia@jackson.com,25,,2021-11-24
6186,Kayla,Green,jennifer36@yahoo.com,999,011-060-9277,2022-05-06
6100,David,,lozanojackson@yahoo.com,-1,,not available
9619,John,Torres,willisbrittany@hotmail.com,-1,(749)760-1416,2021-08-24
9113,Thomas,Brown,curtisbullock@gmail.com,-1,9503945233,not available
1902,Crystal,Hartman,hicksjane@yahoo.com,81,549-309-8825,2020-11-26
5985,Beverly,,leahryan@yahoo.com,-1,,2024-10-28
7817,John,Cruz,billy94@gmail.com,-1,,2021-01-26
8932,Mary,Rogers,bradley47yahoo.com,75,001-595-018-0485x886,2023-08-28
4650,Jeffrey,Sims,jwallace@noble.info,88,569-259-5664x434,2020-11-27
5057,Jared,Mayer,fmendoza@elliott.org,25,+1-414-267-7529x496,2021-12-31
9676,Jeremy,Parker,ramirezkaren@gmail.com,20,183-730-5579x861,2024-12-01
3395,Eric,Newman,,999,496-999-2367,2021-12-27
7513,Courtney,,bendersteven@yahoo.com,-1,001-211-208-3414x01243,2023-07-03
8991,Thomas,Luna,mrichmond@hotmail.com,87,0823927088,2021-04-09
7702,,,jasonaustin@yahoo.com,-1,,2022-12-20
6890,Olivia,Johnson,phillip14@hill-mercer.com,-1,001-142-187-6781x552,2021-09-10
6945,Mary,Lewis,nicole74@gmail.com,-1,030-506-0810,2020-09-24
4145,Patricia,Khan,arodriguez@serrano-robinson.com,-1,118-925-9745x130,2022-12-13
9360,Alicia,Arellano,deleonnathan@farmer-reeves.com,62,,2023-09-22
4034,,Frye,tamara39@west.com,-1,(616)362-9195x47588,2024-10-12
6145,Jerry,Thompson,robertakaiser@gmail.com,67,4809107671,2020-08-05
2223,Brian,Brown,,19,,2022-11-13
9240,Brooke,Acevedo,sandramartinez@gmail.com,26,0289988512,2023-10-01
1901,Andre,Dalton,,999,001-168-182-5087,2021-03-13
8583,Anthony,Navarro,ggarrett@yahoo.com,-1,682-623-3658x4836,2024-12-12
8701,Stephanie,King,juanjackson@yates-vega.com,999,001-136-242-7791x19768,2025-01-18
3960,Diane,Hayes,herreradiamondgrant.com,-1,+1-943-035-2360x832,2021-06-28
3858,Janet,Taylor,uwashington@garrett.org,-1,483-417-1080x189,2021-04-30
1003,Richard,Hernandez,sara27@schultz.com,60,,2024-08-24
5306,Rachel,,lindsay62@rangel-bender.com,67,(070)727-5484,2024-10-15
7681,Anthony,Wagner,jadeevans@rice.com,999,001-352-972-5878,2025-03-24
1407,Phyllis,Thomas,zkline@hotmail.com,-1,6993717096,2023-08-06
6941,Mike,Nelson,jennifer80@yahoo.com,52,(609)361-6779x06684,2022-01-24
8893,Jacob,Duarte,kristyfisher@hotmail.com,11,(821)075-6070,2021-07-03
7804,Nancy,Turner,coreyrandall@hotmail.com,-1,001-529-504-6665,2023-09-21
2582,,,mbecker@johnson.com,48,001-638-086-6463x32568,2021-06-04
1606,Jeffrey,Lowery,nelsonnicholas@mason-ramos.biz,999,(254)758-2227,2024-05-08
9990,Matthew,Pitts,kennethnelson@chase-pacheco.net,-1,930.392.3652x78180,2022-09-26
5040,John,Davidson,hunterlewis@morales.com,-1,069-748-2031x78685,2021-07-02
6347,,,mortoncrystal@chapman-nguyen.com,67,001-301-211-3866x257,2023-08-15
6523,Melissa,Wiggins,kevinmartinez@ramos.info,-1,,2024-10-26
2580,April,Hancock,barbaraadams@hotmail.com,999,6342515184,2023-08-11
4401,,Castro,mwright@yahoo.com,-1,,2020-08-25
8451,James,Bowen,michael60@yahoo.com,-1,,2023-06-21
2565,Christina,Reilly,manningnicole@douglas.com,43,(638)873-5432x1906,2025-04-14
7075,Christina,Mendoza,jennifer79@gmail.com,-1,+1-725-097-2589x35815,2021-02-14
9909,Tara,Warren,walkermelanie@woodard.net,999,769.319.8822,2023-05-15
5190,Melanie,Olson,annegomez@williams.com,999,,not available
3523,Jessica,Chandler,,20,1003341325,2020-11-05
8287,Brian,Riley,zrogers@hughes.com,-1,001-780-916-6350x1758,2022-10-30
9298,Luke,Neal,phillipsdaniel@gmail.com,42,(281)167-8909,2025-05-11
2229,,,henryteresa@gmail.com,70,001-751-776-6124x3252,2020-09-27
7648,Brian,,mcdonaldshannon@anthony.biz,90,(357)443-7650,2024-11-30
4955,Rachel,Ramirez,jamesgarcia@gmail.com,-1,+1-353-264-7776x511,2024-10-18
9722,Ronald,Beard,wilsoneric@yahoo.com,-1,+1-482-785-6925x0787,2023-04-12
6819,Jean,,oconnorpatricia@gmail.com,-1,095-411-7679x18588,2024-12-27
5257,Kenneth,Buchanan,juansmith@yahoo.com,999,001-206-550-2719x307,not available
6703,Anne,,jeremiahbutler@johnston-rojas.biz,-1,+1-516-262-9645x40110,2024-12-14
5164,Dawn,,arnoldjustin@yahoo.com,78,(383)832-6356x1294,not available
2400,Lisa,Smith,jamiesilva@gmail.com,-1,661.975.1964x2863,2020-08-16
7682,Aaron,Harding,lindakaiser@hotmail.com,-1,,2022-01-30
6526,Samantha,Perry,grahamkaren@carney.net,999,,2025-02-08
5341,Angela,Alexander,collinsnancy@yahoo.com,999,724.102.7445x821,2024-12-25
2385,Lawrence,Merritt,,45,247.951.4145,2024-05-31
3698,Brittany,Turner,samuelhess@gmail.com,69,001-876-280-7240x30735,2024-07-30
1579,Michelle,Gutierrez,linbenjamin@kelley.biz,76,,2021-10-27
3036,Amanda,Cabrera,lparks@mills-gibson.net,999,220-577-9637x74756,not available
4465,Nathaniel,Wilson,,33,001-954-171-8899x5650,not available
5325,Nicole,Frazier,mariasharp@hotmail.com,-1,,2024-07-18
6590,Deborah,Wilson,robert89@hotmail.com,20,(028)992-4326x31027,2024-03-09
8565,,Odonnell,jeremy70@yahoo.com,-1,+1-362-591-2828x54533,2023-11-25
4632,Douglas,Shepherd,,88,001-437-347-5135x73494,2022-09-13
2554,Tiffany,,donaldbanks@brock.com,-1,001-916-226-0011,2023-07-19
4788,Juan,Hernandez,khernandez@yahoo.com,-1,+1-226-328-1000x77323,2022-01-28
8797,Danielle,Roy,,59,001-962-051-4758x0500,2023-06-16
1120,Clifford,Young,dennislevy@gmail.com,-1,557.065.0474x6559,2021-01-20
3959,Michelle,Martinez,stephensonvanessa@gutierrez.info,999,001-415-657-7137x881,2024-09-21
5011,Connie,Good,sbowen@gmail.com,999,860-329-5151x40502,not available
5073,Sherry,Taylor,,84,(053)371-1031,2021-10-23
6482,Paul,Peterson,johnthomas@king.info,-1,+1-304-549-5907,2024-04-16
9770,Susan,Potter,ahernandez@harris.com,999,,2024-10-11
2550,Mark,Jones,tbaldwin@wood.com,38,,not available
4981,Robert,Johnson,hartmanjames@johns.com,999,+1-246-541-6954x254,2024-03-29
4755,Danielle,Miller,sullivantaylor@gmail.com,-1,+1-698-256-3630x76394,2024-07-27
9384,Corey,Bryant,rrobertson@yahoo.com,26,858.245.6863,2023-04-17
6483,Katherine,King,eatonsylvia@yahoo.com,-1,022.083.2643,2024-09-28
2565,Samantha,Ramos,tperry@carpenter-perez.com,999,610-974-2741x9871,2021-12-25
6420,Sheri,Morales,ahayes@parker.biz,78,,2020-06-07
2208,April,Brooks,franklindavid@gilmore.com,86,001-683-157-8776,2022-05-16
3148,Colin,Scott,vanessawilliams@ellis.com,-1,030-459-2151,2023-08-19
2256,Eric,Christensen,schmidtdavid@evans.org,999,(479)361-3612,2023-11-12
3176,Jeremy,,brandon53@lopez.net,44,,2024-03-27
7822,Annette,,fanderson@leon.com,25,,2021-03-28
8611,Billy,Bowen,ucarroll@dunn.net,-1,548.008.2392x8522,2021-10-22
8670,Christopher,Simmons,christopher74@hotmail.com,47,001-138-891-2881x0988,2020-09-17
7855,Francisco,Nicholson,orrtravis@davis.info,86,,2025-04-04
3717,David,White,scott57@yahoo.com,-1,(490)687-3024x4663,2022-07-15
5298,Jeffrey,Holmes,mcampbell@gmail.com,-1,538.778.9000x29276,2023-05-07
8158,Christine,Armstrong,jordanjohnson@alvarez.com,999,+1-697-514-1288,2021-03-28
2293,Donna,Green,anthonyherman@gmail.com,14,,2023-11-06
9235,Michael,Reyes,,-1,(257)958-6457x04578,2025-05-02
7990,Stephen,Vincent,enelson@curtis.com,27,329.660.2166x22934,2023-04-20
3769,Gregory,Mcdonald,matthew19@hotmail.com,-1,309-323-8302x128,2022-10-01
1760,Richard,Terry,moyerrobert@gmail.com,999,7054499692,2022-01-24
3309,Dennis,Alexander,xbecker@stewart-herrera.biz,-1,(227)902-3824x8203,2021-01-29
5666,Andrea,Rodriguez,ebush@yahoo.com,-1,969.005.6609x99703,2024-11-28
3016,Nicholas,Williams,,999,936.120.6904x103,2021-06-09
3202,Nicholas,Yates,,-1,,2025-02-09
4199,Sheila,Jones,robertsonashley@hotmail.com,85,(431)248-2507x9761,2023-03-26
7730,Kent,King,donald65@roman.com,87,001-342-031-5091x66909,2024-09-16
4730,Tara,Turner,mariah89yahoo.com,999,,2025-02-08
3189,Matthew,Walters,ftanner@lewis.biz,999,(572)451-6083,2023-06-07
6477,Janice,,,86,,2025-02-12
6077,Vanessa,Allen,kevin00@gmail.com,-1,001-714-687-5462,2023-09-24
6039,Jennifer,Davis,amanda73@hotmail.com,999,906.921.3454x7973,2021-10-07
4516,Paul,Wolf,stacey72@hayden.info,66,179-724-0556,2021-09-22
3747,,Gonzalez,shaffermary@hotmail.com,-1,039-718-1477x655,2021-06-18
2799,Linda,Porter,andrewdavis@yahoo.com,999,499-124-2751x702,2022-07-08
3534,Jennifer,,upineda@harrison-bush.info,999,001-184-984-6185x62089,not available
1798,Brittney,Wise,qwright@hotmail.com,999,001-306-455-9840,2024-10-08
9378,Mary,Henry,paul57@henderson-watts.com,21,,not available
4181,Bryan,Jimenez,millermargaret@wagner.biz,-1,001-073-355-2238x816,2022-06-14
9084,Michael,Gilbert,kevinpope@sandoval.com,999,001-674-752-8063x9404,not available
2835,Eric,Stone,warrenmary@yahoo.com,-1,2188112360,2021-12-07
1003,Sheri,Bailey,jhill@aguilar.org,20,133-444-9152x07573,2023-11-11
8424,Erik,Bass,conniebarnettnguyen.com,999,001-376-030-0540x19945,2021-01-06
9110,Victor,Burton,nicholas66@salinas.com,999,274.204.7932x41094,2025-02-24
1443,,Rodriguez,marisaali@yahoo.com,999,001-432-603-7524x69096,2024-09-26
3748,Jessica,Joseph,allenwilliam@mccormick.com,-1,042-861-0359x48481,2020-09-19
2176,Tami,Moore,wmorris@garcia.com,-1,+1-050-135-3045x02244,2020-10-24
4993,Sharon,Garrett,simsjonathan@gmail.com,999,001-542-417-9208,2020-10-25
5353,Stacy,,cherylduncan@gonzales.net,65,001-931-320-5898x5495,not available
3204,Angela,Dean,garciajames@gmail.com,-1,,2020-12-01
8926,Ronald,Steele,lwallace@scott.com,-1,331-964-7959x77562,2024-11-13
2427,Emily,Banks,,-1,001-954-403-4725x92523,2023-04-19
4087,David,,danderson@yahoo.com,-1,330.463.4347,2022-09-21
8346,Andrea,Burton,dustinortiz@mann.com,999,(215)981-1006x8787,2023-08-17
7809,Jennifer,,ynewman@hotmail.com,999,001-169-815-9896x3946,2024-09-16
4833,,Gallagher,amygraves@hill.biz,90,(145)824-2739x7505,2024-12-14
6391,,Montgomery,stevenjohnson@yahoo.com,999,(375)823-4608x819,2024-09-21
3360,Paul,Green,blanchardhaley@hotmail.com,11,,2024-07-22
5818,,Rosales,sierramays@yahoo.com,999,137-253-5420,2025-01-26
8632,Derrick,Key,jared10@gmail.com,43,+1-258-405-7466x77693,2020-11-24
3601,Brett,Porter,klinemelissa@hotmail.com,999,527-803-3761,not available
2365,Gregory,Morales,danaperez@carr.com,67,,2021-08-25
8888,John,Bartlett,lleach@gmail.com,60,+1-485-088-6375x06059,2023-01-04
4306,Larry,Mccormick,jefferypollard@gonzalez.com,-1,,2023-10-30
4001,Allison,Fisher,,-1,001-132-347-7051x347,2025-01-22
1008,Heidi,Hughes,denise33@tyler.com,89,293.919.6023,2025-02-25
4446,Troy,Perez,amanda14park-duncan.com,-1,4379025631,2021-08-12
9264,Erica,Clark,whitneyspencer@lewis.net,999,0058324894,2022-07-14
2138,Erin,,danielpayne@gmail.com,77,306-917-6666x2058,not available
6275,Alicia,Carrillo,isaiahstewart@obrien.com,50,737.571.0960x231,2023-09-11
5110,Lauren,Hughes,robin15@wright.info,34,536.410.5994x16686,2020-10-09
5212,Jason,Wagner,marywilson@baker.com,-1,001-588-103-1201x9620,2022-08-01
1444,Stacey,Davis,samantha58@solis.com,999,489-771-3312x02100,2023-04-05
2535,Robert,Johnson,cunninghamrobert@yahoo.com,73,,2024-08-12
7163,Paul,Rush,susan34@hotmail.com,999,641-675-5954x315,2021-05-01
7080,Lindsay,Garcia,ushort@rogers.net,42,949.042.7638x12880,2022-08-11
5486,Andrea,Martinez,heathersalas@hotmail.com,52,8748835268,2021-10-31
2727,,Santos,cynthia54@yahoo.com,999,(845)384-5663x097,2025-03-21
4879,,Wells,dustinmalone@hotmail.com,-1,7205144031,2022-01-20
2604,Brian,Calderon,gabrielle78@hotmail.com,999,(361)285-6884x25209,2022-03-21
2642,Keith,Jones,tcampbell@franco-montgomery.net,999,+1-308-349-4770x62795,2022-04-09
2248,Evan,Bennett,lgriffith@yahoo.com,-1,1490379367,2024-09-05
2152,Ray,Johnson,thomas72@gmail.com,55,307.249.2931,2020-11-17
3823,Rebekah,Black,leachdarren@gonzalez.net,61,064-597-9745x886,2023-08-12
7253,Martha,Taylor,zwhite@yahoo.com,84,2211406632,2024-03-02
1003,Mitchell,Pierce,,32,705-279-6035,2020-09-09
2918,,Curtis,foxbrian@hotmail.com,999,5137352177,2023-04-06
2834,Christopher,Smith,harriskiara@evans.com,26,(687)582-8744,2023-03-28
5863,,Harris,,999,339.636.7672,not available
2284,Tristan,Martin,tylerrobbins@english.com,11,001-869-811-6492x71950,2021-06-01
4098,Heather,Chang,lrobinson@fowler-carlson.com,-1,(480)982-8293,2024-05-03
5798,,Mann,mcdonalddiane@yahoo.com,-1,4756787341,2021-09-14
3789,James,Gibson,philipgarza@williams.com,-1,001-925-157-6151x00125,2023-09-28
3970,Dave,Ramos,lgonzalez@hotmail.com,19,001-783-199-5796x00685,2023-12-02
9402,Madison,Reed,heather42@yahoo.com,82,+1-184-198-6797x957,2021-04-19
9873,Eric,Thomas,mooreeric@jones.com,999,(618)471-3558x257,not available
6097,Amy,Ochoa,laura56@gmail.com,83,650.353.8564,2022-12-28
9328,Christopher,Ayala,fullermartinyahoo.com,-1,635.760.3353,2022-05-07
6075,Brandon,Wilson,jillfry@mcclure-dyer.org,999,001-441-249-1574x2117,2022-02-02
3227,Renee,Harris,ashley32@reilly-wallace.info,37,066.181.5792x09734,2022-10-14
1142,Thomas,Hess,debrabrown@perez-neal.com,999,001-153-494-6722,not available
3194,Shelly,Fernandez,jamesstephens@pierce.com,-1,455-537-9194x90866,2024-08-24
1003,Julia,Myers,gdunn@yahoo.com,-1,001-047-042-5825x1911,2020-06-24
3762,,Patel,kwatson@hotmail.com,999,(418)222-4239x1229,2023-10-08
6470,Michelle,Ramirez,robert82@yahoo.com,24,535-213-3124x7316,2024-12-21
8328,Todd,Brown,derekalexander@hotmail.com,66,,2021-04-22
1821,Ashley,,katelynstephens@baker-russell.com,999,638-811-0868,2025-01-14
6427,Alexander,,scotthernandez@yahoo.com,25,993.171.0192x016,2022-12-23
3105,Jennifer,Pratt,deannamarshedwards-phillips.com,62,001-155-406-0856x5161,2025-04-24
7866,Sandra,Garner,imitchell@wright.com,-1,+1-115-991-0731,2023-11-14
1887,,Sanders,timothy22@gmail.com,-1,001-999-398-6930x37521,2021-12-18
7927,Caitlin,Johnson,victorharris@buchanan.com,999,801.100.5247x91233,2023-12-22
9126,Carla,Zavala,russellclark@austin.com,-1,811.358.2498x8957,2021-02-14
1479,John,Holland,marcushodge@santiago-fuller.biz,999,189.541.7178x00966,2020-07-17
1250,Kristin,Nichols,bvaldez@hotmail.com,999,792-892-4473x7390,2020-06-02
6233,James,Murphy,hamiltonphillip@yahoo.com,83,(426)635-9641x15998,2023-12-08
1414,Emily,Franco,ugarrett@peters-richardson.org,-1,5816991395,2021-03-31
3510,,Yang,desiree93@yahoo.com,-1,001-634-074-4331x791,2020-07-24
4621,Nathan,,websterjoshua@gmail.com,-1,667-320-3444,2023-02-09
6407,Matthew,Rivera,stephanie89@clark.com,87,4781648780,2023-07-20
2575,Anita,Banks,seth50@richards-thompson.com,40,001-502-984-5333x5405,2024-10-23
8817,Jonathan,Ball,olsencathy@hotmail.com,76,105.125.7180,2022-10-14
4079,Curtis,Velazquez,vjones@gmail.com,74,,2020-06-12
8998,Heather,Vaughn,barbara43@reid-stewart.com,-1,+1-906-336-4226,2023-08-27
3260,Robert,Fox,joseph97yahoo.com,999,092-819-0374,2024-03-20
7186,Jeremy,Chambers,,51,(248)743-2036,2024-08-31
6563,Anna,Mora,,999,823.091.8183x651,2024-10-08
1003,Kelly,King,cooperbrad@gmail.com,-1,976.601.5836x5461,2025-03-15
9752,Nicole,Jackson,ldixon@williams-gibson.info,84,+1-956-582-0168,2023-08-15
3940,Dylan,Ibarra,sherryjones@gmail.com,-1,,2020-08-02
1114,James,Holmes,brookehansen@bradshaw-conner.com,22,(100)783-3436x247,2024-08-28
9975,William,Miller,rothalexis@hotmail.com,-1,223-931-4913,not available
9618,Michael,Hughes,marcus79@hale.com,999,784.615.7865x81182,2021-04-22
7473,Lisa,Smith,watkinsnicole@hotmail.com,999,+1-898-614-2970x89870,2023-07-29
7117,Scott,Flores,ksmith@brown.com,-1,,not available
9390,Julie,Harris,,999,001-700-668-5127x08627,2021-01-29
7354,Anthony,Cruz,ncoleman@yahoo.com,69,881.410.3803,2021-03-19
7998,Stephen,Griffin,elainemontgomery@thomas.com,13,515.044.4176,2024-03-23
8893,Michelle,Snow,allison69@macdonald-smith.com,999,001-861-369-1494x2984,not available
1003,Michael,Graves,katie32@yahoo.com,41,356-302-3138,not available
2492,Loretta,Patel,danielle63@parker.com,999,001-215-890-7991x16500,2021-01-09
8446,Michael,Jones,benjaminjeremy@bradley.com,999,860.809.8947,not available
6256,Anthony,Romero,nicole23@gmail.com,13,,2023-07-19
6453,Anthony,Green,,72,(533)027-2035,2020-07-16
7125,Stephen,Bennett,phunter@gmail.com,-1,+1-455-619-3582x8096,not available
7524,Cassandra,Crosby,hkrueger@love-stevens.com,59,3453801251,2022-05-18
3212,,Rodriguez,phillipschmidt@yahoo.com,-1,001-409-470-8144x65158,2022-12-17
6096,Randy,Ball,greg66@wright.com,999,(657)245-8955,2021-07-31
9579,Brian,Davidson,qpeterson@simpson.com,999,+1-380-280-6182x8122,not available
8860,Jennifer,Khan,adamscarol@elliott.com,35,001-900-978-6175,2021-05-17
1779,Kara,Johnson,idickson@hotmail.com,-1,(306)730-2483x86313,2025-04-29
4874,Mark,Kirk,david68@gmail.com,52,,2024-06-05
9075,Lisa,Francis,brianwilson@hotmail.com,-1,+1-597-659-6080x21279,2025-01-24
4093,Michael,Leach,,49,001-320-475-1736x80587,2023-08-26
6049,Walter,Kelley,joshua46@gmail.com,37,+1-522-735-6882x162,not available
3859,Joshua,Floyd,ewebb@gmail.com,46,(076)086-2337x0084,2024-05-12
4893,Stephanie,Davis,smithrobert@garcia-hughes.com,-1,+1-586-367-3592,2024-11-24
1003,Tammy,Flores,slee@yahoo.com,999,001-597-502-5954x8801,2025-03-28
1838,,Meyer,williamrangel@potter-ellis.com,15,318.449.9576x3743,2021-08-18
7186,,Lee,aliciacamacho@hotmail.com,999,(267)519-2388,2020-06-08
3068,Heather,Ellis,donnabrady@yahoo.com,999,8513276625,2022-10-07
5203,,Bell,mcintoshangela@gmail.com,-1,,2022-06-14
9457,Dustin,Pierce,noah40guerrero.net,68,879.027.3514x81571,2021-05-19
8873,Amanda,Beasley,carly22@anderson.com,51,(573)593-9845x77046,2023-12-18
5198,Kimberly,Zimmerman,ptaylor@meadows-rodriguez.biz,24,942-928-3174x945,2025-02-13
4580,David,White,stevenkidd@kim.com,999,915-915-8790x09893,2024-08-09
7599,Kenneth,Valentine,david97@yahoo.com,-1,2718868135,2023-07-25
8525,Amanda,Avila,doyledeborah@hotmail.com,12,054.119.5123x4286,2020-07-03
2661,Jane,Dyer,jenniferharris@rodriguez.com,-1,+1-150-835-8143x060,2021-07-26
5110,Samantha,Cooper,jeannewheeler@yahoo.com,999,855-728-8639,not available
7960,Eric,Bush,,-1,001-128-001-2599,not available
3802,,,phillipsamanda@yahoo.com,35,(112)720-2226,2022-07-22
4775,Ashley,Thompson,alejandro54@hotmail.com,-1,(659)164-8392x436,2022-07-05
5882,Jeffery,Callahan,,55,(918)001-4076x57567,not available
8459,Tracy,Mercer,,-1,155.911.0223x4840,2021-07-29
7881,Michael,Sandoval,kingmeagan@hotmail.com,-1,(415)726-5738,2023-02-02
2670,Donald,Farmer,tsmith@alvarez.com,56,+1-858-524-4995x7225,2021-12-06
9520,Debra,Hicks,sarahlopez@gross.com,999,917.080.0790x6268,2021-08-25
5186,Brenda,Kline,nicholaswalker@yahoo.com,39,3798263066,2021-06-23
4376,Brandi,Lopez,silvamary@yahoo.com,999,5267906986,2024-07-02
6510,Gary,,wandasmith@hotmail.com,-1,571.190.1262x70410,2023-11-05
8856,Adam,Roberts,webbkara@smith.com,12,(556)707-8863x33428,2022-12-25
7261,John,Richards,odyer@gonzalez.com,999,838-502-8644x8245,2023-12-02
3845,Michelle,Martinez,patrickmonroe@yahoo.com,999,+1-656-008-3377x4390,2021-12-04
1003,Mary,Liu,boydcarol@barker-garcia.com,-1,478-036-4001x6617,2022-12-15
1577,Aaron,Krueger,shannonmckenzie@gmail.com,54,,2025-01-17
8157,Donald,Mcguire,domingueznicole@spence.info,88,+1-165-121-3242x742,2021-02-26
4443,Michael,Stokes,wilsoneric@yahoo.com,41,001-100-428-5046x3997,2023-04-07
6393,Richard,Aguirre,klloyd@gmail.com,-1,594-908-7338x9517,2024-01-26
1749,Kelli,Jimenez,dbrooks@brock-garcia.org,999,603.128.1975x862,2021-01-11
5590,Jeremy,Becker,shawnmiller@gmail.com,999,(305)283-6577,not available
7287,Andrew,Martinez,eholland@yahoo.com,59,001-699-275-1184,2023-03-22
4844,Christina,Shaw,leslie24@gmail.com,999,(344)310-2470x30179,2020-10-17
6485,Melanie,Warner,aaron79@hotmail.com,-1,507.868.6159x393,2020-10-05
3976,Justin,Leach,candrews@gmail.com,28,,not available
3857,Jason,Martin,patriciapotter@yahoo.com,-1,,2022-07-12
3382,Donna,Fitzgerald,cordovajacob@gmail.com,999,(107)279-1390x8653,2022-12-06
7919,Ryan,Hernandez,,-1,+1-120-651-9811x445,2024-11-15
2634,Theresa,Cox,albert43@kidd.net,-1,243.904.9353x27585,2020-11-23
1280,,Cross,millerbeth@gmail.com,-1,7009432546,2021-04-15
6189,Lauren,Lee,orozcomichael@barnett.org,999,640-551-5992x278,2021-12-11
5535,,Osborn,patricia20@ferguson-butler.com,-1,(006)958-0548,2023-09-30
5677,Michelle,Peterson,jonessarah@gmail.com,-1,+1-077-852-2316x675,not available
8753,Sharon,King,haley77@gmail.com,83,+1-944-151-4548x37975,2022-02-22
1697,Donald,Cowan,fprice@yahoo.com,-1,,not available
5442,Carol,,amartinez@barber-wang.com,999,001-734-307-5264x11688,2024-02-20
7901,Lauren,Nielsen,cpugh@hotmail.com,-1,659.427.6912,2022-05-29
5064,Kathryn,Moore,caseyrebecca@gutierrez-lindsey.org,62,(219)733-6459,not available
1770,Andrea,Bryant,christophersmith@mueller.info,-1,871-016-5187,2022-08-29
7509,Christopher,Dougherty,ryan49williamson.com,-1,061.528.8095x0429,2024-10-04
7479,Leslie,Gray,williamsmark@knight.com,89,855-030-1184,2024-12-15
7506,Gabrielle,Santana,ajonesgmail.com,58,(846)036-3275x5603,2022-07-29
4882,,Johnson,sweeneyerik@hotmail.com,37,754.778.6435,2020-08-04
4870,Christina,Hoover,novakjody@gmail.com,26,,2023-01-15
9898,Richard,Simpson,dmason@stevens.com,17,906.938.7871x545,2021-03-25
8927,Tara,Webster,qhunt@jackson.com,-1,009-768-3527,2021-06-26
1528,Joshua,Hayes,jbarnes@hood.com,-1,+1-918-858-6485x018,2024-02-09
3385,Tracie,Clements,fieldsdavid@wilcox.net,-1,+1-741-003-3909x38703,2022-11-26
3961,,Campbell,pattonaudrey@gmail.com,-1,455.737.7815x8613,2023-12-22
2016,Matthew,Gross,joshua82@harris.org,999,(821)727-9033x52698,2024-09-25
1847,William,Brown,kimberlygreer@santos-dodson.com,999,,2024-06-28
8575,Benjamin,,mitchellleblanc@dunn-smith.info,72,+1-036-318-7521x0846,not available
7745,Crystal,,amanda38@hotmail.com,-1,106.673.5198x778,2020-08-21
8620,Amanda,Gray,jennifer45@yahoo.com,999,(555)994-9086x7602,2021-04-30
1527,William,Hernandez,mdavid@yahoo.com,-1,086.314.5035,2024-03-18
5981,Vicki,Schmidt,megan58@yahoo.com,-1,+1-623-276-1973x456,2021-09-03
1003,Andrea,,,999,+1-932-958-8966,2022-03-08
5380,Jonathan,Henry,kiddanthony@gmail.com,50,001-065-649-0121,2021-08-26
7647,Marcus,Lopez,bernard44@hotmail.com,74,,2023-04-07
3472,Karen,Woodard,erin32@garcia.com,81,6590836516,2024-12-19
5654,Anthony,Ryan,ellisandrea@smith-drake.com,-1,,2024-08-07
6733,Andrew,Pratt,,999,001-865-187-6076,2020-06-08
4768,Paul,Austin,anthonytaylor@gmail.com,999,565.182.0768x2838,not available
6297,Sheila,Sanders,timothyruiz@ho.com,64,+1-883-454-5691x938,2024-02-01
6293,Andrew,Lee,kfry@gmail.com,25,431.521.0910x939,2021-05-27
8364,Michele,,douglas92@george.com,999,(656)076-7321x02125,2021-09-16
3126,David,Shepard,bennetttammy@hotmail.com,-1,,not available
8796,Jon,Rodriguez,,13,2100946786,2021-07-04
1068,Ryan,Tucker,,23,+1-397-936-7591x025,2020-07-06
2643,Sarah,,astone@yahoo.com,999,+1-517-696-8078,2023-05-29
3028,Richard,Blair,collierkaren@hotmail.com,-1,,2024-08-04
6006,John,,,999,+1-250-940-6223,2020-09-23
2779,Andrew,,jasonhays@logan.net,-1,001-332-262-9282x49751,2024-10-29
1481,Erica,Ferguson,bramos@sims-perry.biz,999,354.887.0053x4363,2023-06-08
5160,Melissa,Hunter,deannacurry@yahoo.com,-1,001-882-319-9058x1550,2023-04-05
3209,Kenneth,Santos,shepherdvictor@gmail.com,999,(180)241-8182,2021-02-11
1547,Tina,Stark,jeffrey09@yahoo.com,42,,not available
4612,Erika,Peterson,,21,429-990-2519x58818,2021-01-21
5771,Amy,,patrick31@lambert.com,-1,(561)224-6874,2023-03-14
6213,Connie,Macias,,-1,001-703-819-7714x25534,2025-05-25
2683,Daniel,Smith,suttontimothy@henry.net,-1,738.436.6579x6190,2023-12-31
5074,Jesse,Wong,raymondwright@yahoo.com,999,(539)532-0061x33192,2021-05-30
4459,Alexis,Schmidt,orrkristin@carpenter-parker.com,999,701-843-3283,2022-10-01
5329,Robert,Parker,graysamuel@gmail.com,48,,2021-11-11
1003,Catherine,Knight,jeremy05@hotmail.com,999,631.620.3307x972,2025-02-18
2332,Danielle,Hayes,,-1,,2024-02-23
2400,Carlos,Webb,grayaustin@hotmail.com,29,311.621.8772x20341,2021-02-02
8372,Michael,Espinoza,,999,001-428-660-0220x261,2022-09-29
9942,,Sharp,diana27@hotmail.com,-1,(606)630-4985,2020-10-16
9645,Stanley,Martin,sullivanjoshua@yahoo.com,-1,(722)018-5408x295,2022-06-18
3119,Bruce,,kestrada@daniels.net,17,870.886.0386x99870,2020-08-08
1003,Laura,,danielsawyer@gmail.com,-1,001-487-036-3353x2412,2020-06-27
3593,Phillip,Martinez,jamesharvey@gmail.com,-1,+1-598-665-0532x3608,2023-08-29
8468,Kelly,Ho,smithryan@davis.com,81,544-373-6608x21777,2022-02-18
6140,Deborah,,andrewjohnson@hotmail.com,999,+1-210-239-1674x241,2021-09-12
2676,,Grimes,crystaljohnson@compton-mitchell.net,999,(704)415-9096x3847,2024-10-07
3714,Spencer,Taylor,careyjames@hotmail.com,999,0993957169,2024-03-05
7167,,Jordan,luissanchez@yahoo.com,999,365.199.2111,2021-07-30
3595,Sharon,Mcintyre,jamestaylor@yahoo.com,-1,032-337-0705,2021-09-20
7094,Teresa,Jackson,sanchezlindsey@ferguson-sexton.com,41,+1-919-742-4054,2024-10-16
7240,Nicholas,Harris,lruiz@gmail.com,15,263.791.0772x43771,2022-05-15
2253,Dawn,Jones,natasha40@nichols-short.org,999,(737)299-2129x84322,2024-04-22
2687,Jacqueline,Campbell,,999,001-741-738-9463x2069,not available
7113,Elizabeth,Richardson,umontgomery@yahoo.com,999,001-753-073-2086x99015,not available
6553,Kaitlyn,Conrad,barry25@yang-rodriguez.org,12,717-972-4054x3062,2021-12-29
5384,Elizabeth,Smith,arielcruz@yahoo.com,11,766.811.9010x56685,2023-03-27
1349,Holly,Smith,,31,(925)836-2651x8284,2023-01-04
5259,Timothy,Walker,,-1,(625)815-5806x70014,2021-10-27
9945,Robert,Allen,nortiz@hotmail.com,37,(171)692-5944,2020-06-29
7286,Christian,Levy,potterdonna@yahoo.com,-1,+1-034-026-8917,2020-12-30
2502,Caleb,Cook,kyleduran@brown.info,999,418-453-9733,2024-01-02
5402,Cody,Reilly,,-1,304.141.4776,not available
4616,Allen,Barrett,khernandez@vance.com,999,001-745-849-9994x4530,2021-07-20
4196,,Hansen,durhambrenda@gray.info,999,794.088.0660x5944,2023-06-21
4160,Michele,Garcia,mitchelljuan@yahoo.com,-1,,2021-03-08
5408,Kimberly,Foley,kelly61brock-carroll.biz,999,588-906-7417x27629,2020-09-27
2353,Marcus,Robinson,susanbuchanan@yahoo.com,999,001-369-669-2554,2022-06-22
5206,Debra,Brown,shelby02@warren-johnson.org,52,,2021-02-20
7130,,Brown,brianahenderson@johnson-hahn.com,36,610.211.8749,2021-11-24
6995,Albert,Morton,davenguyen@webb.biz,77,229.269.0339,2021-11-19
7785,Christopher,Ortiz,robertcummings@lewis-bradley.com,55,(326)698-0981x4257,2024-10-26
2176,Stacy,Barr,,78,001-395-436-2139x62977,2022-10-29
4538,Michele,Andrade,,71,001-248-321-7291x29447,2024-03-18
9179,Richard,Martinez,rvelasquez@cherry-martin.com,16,(159)520-3278x5824,2023-07-14
1873,Michael,Navarro,iwhitaker@jones-mills.org,999,001-948-018-8433x71544,2022-07-22
6950,Craig,Maynard,calhounryan@yahoo.com,10,715.503.4572x613,2020-08-05
2744,Vincent,Woodard,jesse47@palmer.com,-1,(274)430-6970,2023-10-14
2596,Paula,Contreras,victoriahernandez@everett.com,-1,423-067-6790x2862,not available
7595,Crystal,Mendoza,,999,+1-519-053-3576x968,2022-03-09
8647,Sharon,Skinner,travis98@arnold.com,999,,2024-08-20
9980,Michael,,spencer17@gmail.com,-1,,2025-03-30
4579,Mitchell,Gilbert,xhill@yahoo.com,-1,8447624629,2021-03-29
9234,Shane,Hull,rebecca20@yahoo.com,35,,not available
5053,Chelsea,Stevens,stefanie11@nelson.com,-1,001-645-100-6537x2307,2021-02-22
9983,Dawn,Miller,mccannkevin@gmail.com,50,(303)112-6105,2024-12-13
6889,Jennifer,,cindy01@johnson-hanna.com,999,(269)614-6005,2021-06-07
8938,Robert,,rhill@gray.org,999,8531561425,2020-06-03
4811,,Johnston,ydavis@martin-klein.com,999,001-945-342-4132,2022-12-15
1711,Andrea,Martin,ernestmcdaniel@yahoo.com,42,(404)500-4153x043,2020-06-02
1125,Michael,Sandoval,vjohnson@gmail.com,80,001-098-186-7002x81828,2021-05-30
8043,Jacob,Burns,johnsonbeverly@lopez-rose.net,64,,not available
6674,Randy,Peterson,,999,(309)699-7032,2022-05-09
3979,Susan,Peters,mariashaw@walker-brown.com,16,+1-627-899-3174x28488,2024-12-21
4047,,Howell,stevenstina@hotmail.com,999,476-212-7894x7524,2025-02-17
1255,Tracy,Cooley,cardenasmary@hotmail.com,999,+1-363-613-2869,2023-06-22
9939,Steven,Ward,marycarter@hotmail.com,999,001-982-749-0053x38910,2024-12-30
7605,Anthony,Williams,hebertdonna@hotmail.com,61,251.208.4786x449,2024-03-14
7765,Jennifer,Black,tyler02@gmail.com,46,(896)479-4767,2023-07-18
3292,Robert,Beck,zwilliams@hotmail.com,89,(069)414-4731x92207,2022-12-04
4701,,Scott,belindaevans@gmail.com,999,209-815-5542x04117,2021-08-28
2212,Jessica,,dixoncodypeterson.com,85,+1-336-248-1126,2021-04-29
6892,James,Nunez,floresbrian@hotmail.com,999,(467)567-1471,2022-02-19
3548,Travis,Gibson,xmaldonado@gmail.com,-1,703.393.7558,2024-01-05
5755,Sarah,Lopez,fgarrison@hotmail.com,-1,(782)682-0008x65148,2023-07-28
5576,Justin,Lewis,uross@holt.com,62,5147129611,2022-12-27
4971,Charles,Butler,kennethlamb@pittman.info,999,001-333-723-9750x9179,2020-09-03
2397,Daniel,Mitchell,,84,,2023-02-22
1426,Karen,Cole,mcdowelljoshua@hotmail.com,78,467.744.1767x48143,2022-07-25
8913,Mark,Brewer,,-1,8973144173,not available
8770,Lisa,Davis,matthewsmall@gmail.com,999,163.646.1605x52963,2024-03-03
3542,Melissa,Weaver,,29,+1-791-314-2961x1402,2021-01-18
9390,Chris,Taylor,karlabailey@yahoo.com,999,,2024-10-11
1914,Peter,Russell,amandathompson@perry.org,48,,2021-09-30
3074,,Freeman,frankcynthia@roth.biz,48,+1-038-490-7596,2023-12-17
6916,William,,gregory63@duke.com,999,176.293.9315,2025-03-23
3745,Joe,Gill,pkelley@gmail.com,87,,2024-02-19
2589,Scott,Gentry,joshuagolden@gallagher-perez.info,-1,425.528.8408x5658,2024-11-17
1692,Martin,Bryan,amyedwards@reid-black.com,76,740.488.9733,2025-03-25
4741,Brenda,Torres,phiggins@gmail.com,999,(644)542-7357,2020-08-03
8715,Eric,Mercado,tammy88@perez-smith.org,999,(066)259-7823,2023-05-09
9508,Tracy,Moreno,jacobdougherty@hotmail.com,-1,146-879-2604x7211,2025-03-24
6123,Bryan,Sanders,davidjenkinsherman.com,999,001-008-570-6368x85041,2021-06-02
8631,Ricardo,Larsen,danielrodriguez@yahoo.com,-1,749-314-6601x26581,2025-05-04
4328,Anne,Rose,eduardorivera@gmail.com,-1,960.387.2813x09694,2021-03-31
1573,Pam,Smith,,-1,(295)235-1147,2022-09-30
1003,Denise,Conway,jesseherrera@chavez.info,19,217.003.5506x273,2025-02-15
4235,Jesse,,martinflores@walter.com,69,001-068-443-1292x05361,2024-03-21
7529,Amy,Ford,vanessa74@oconnell.com,999,555.312.8368,2020-07-13
2032,Russell,King,mcdowellemily@garcia-powell.com,999,383.237.9562,2022-06-10
8248,Elizabeth,Burns,ldawson@jones-thompson.com,999,507-604-9877x20025,2021-09-15
8798,Carlos,James,wilsonjulie@gmail.com,13,+1-872-454-5227x0998,2020-08-08
6995,Jessica,Leon,wmitchell@cox.com,999,(292)190-2975x54768,2025-02-10
5755,Carrie,Maldonado,ewatkins@stanley.com,-1,,2024-09-11
8721,Shari,Payne,robin17@gmail.com,999,424.589.2081x6423,2024-07-25
4036,Regina,Peters,,999,+1-845-195-5025x23893,2021-02-17
5263,Lindsey,Ochoa,,999,9524279683,2022-08-28
6442,Carolyn,Daniels,james56@hotmail.com,70,779-135-6558,2023-05-28
